solid B4-70-14_10
facet normal 0.456421 0.352556 -0.816936
outer loop
vertex 0.007634 -0.029669 -0.002575
vertex 0.016090 -0.029403 0.002264
vertex 0.009706 -0.035393 -0.003887
endloop
endfacet
facet normal 0.436256 0.331387 -0.836579
outer loop
vertex 0.015484 -0.033413 -0.000090
vertex 0.013388 -0.038218 -0.003086
vertex 0.009706 -0.035393 -0.003887
endloop
endfacet
facet normal 0.430720 0.322365 -0.842948
outer loop
vertex 0.009706 -0.035393 -0.003887
vertex 0.013388 -0.038218 -0.003086
vertex 0.010163 -0.042766 -0.006474
endloop
endfacet
facet normal 0.449228 0.056045 -0.891658
outer loop
vertex -0.014308 -0.045724 -0.019503
vertex -0.015695 -0.042436 -0.019996
vertex -0.006188 -0.046311 -0.015449
endloop
endfacet
facet normal 0.521047 0.040854 -0.852550
outer loop
vertex -0.015695 -0.042436 -0.019996
vertex -0.014624 -0.031360 -0.018810
vertex -0.008868 -0.038807 -0.015649
endloop
endfacet
facet normal 0.632997 -0.016595 -0.773977
outer loop
vertex -0.010605 -0.020630 -0.016047
vertex -0.003416 -0.026937 -0.010032
vertex -0.012970 -0.026999 -0.017844
endloop
endfacet
facet normal 0.460322 0.353384 -0.814385
outer loop
vertex 0.003971 -0.034489 -0.006737
vertex 0.007634 -0.029669 -0.002575
vertex 0.009706 -0.035393 -0.003887
endloop
endfacet
facet normal 0.582823 0.230055 -0.779354
outer loop
vertex 0.007634 -0.029669 -0.002575
vertex 0.003971 -0.034489 -0.006737
vertex -0.003416 -0.026937 -0.010032
endloop
endfacet
facet normal 0.630917 0.075619 -0.772156
outer loop
vertex -0.008868 -0.038807 -0.015649
vertex -0.012970 -0.026999 -0.017844
vertex -0.003416 -0.026937 -0.010032
endloop
endfacet
facet normal 0.462221 0.269914 -0.844688
outer loop
vertex 0.009706 -0.035393 -0.003887
vertex 0.001716 -0.040731 -0.009966
vertex 0.003971 -0.034489 -0.006737
endloop
endfacet
facet normal 0.426949 0.322752 -0.844716
outer loop
vertex 0.009706 -0.035393 -0.003887
vertex 0.010163 -0.042766 -0.006474
vertex 0.001716 -0.040731 -0.009966
endloop
endfacet
facet normal 0.421813 0.260922 -0.868328
outer loop
vertex 0.010163 -0.042766 -0.006474
vertex 0.005426 -0.046959 -0.010035
vertex 0.001716 -0.040731 -0.009966
endloop
endfacet
facet normal 0.490497 0.178368 -0.852993
outer loop
vertex -0.008868 -0.038807 -0.015649
vertex -0.003416 -0.026937 -0.010032
vertex 0.001716 -0.040731 -0.009966
endloop
endfacet
facet normal 0.489004 0.007726 -0.872248
outer loop
vertex -0.014624 -0.031360 -0.018810
vertex -0.012970 -0.026999 -0.017844
vertex -0.008868 -0.038807 -0.015649
endloop
endfacet
facet normal 0.474691 0.146415 -0.867889
outer loop
vertex -0.015695 -0.042436 -0.019996
vertex -0.008868 -0.038807 -0.015649
vertex -0.006188 -0.046311 -0.015449
endloop
endfacet
facet normal 0.393201 0.420617 -0.817603
outer loop
vertex 0.009706 -0.035393 -0.003887
vertex 0.016090 -0.029403 0.002264
vertex 0.015484 -0.033413 -0.000090
endloop
endfacet
facet normal 0.419908 0.259800 -0.869587
outer loop
vertex 0.001716 -0.040731 -0.009966
vertex 0.005426 -0.046959 -0.010035
vertex -0.006188 -0.046311 -0.015449
endloop
endfacet
facet normal 0.567355 0.207234 -0.796970
outer loop
vertex 0.003971 -0.034489 -0.006737
vertex 0.001716 -0.040731 -0.009966
vertex -0.003416 -0.026937 -0.010032
endloop
endfacet
facet normal 0.488904 0.151728 -0.859041
outer loop
vertex -0.006188 -0.046311 -0.015449
vertex -0.008868 -0.038807 -0.015649
vertex 0.001716 -0.040731 -0.009966
endloop
endfacet
facet normal 0.631931 -0.461198 0.622864
outer loop
vertex 0.016090 -0.029403 0.002264
vertex 0.013700 -0.030553 0.003837
vertex 0.015484 -0.033413 -0.000090
endloop
endfacet
facet normal 0.459492 -0.605582 0.649721
outer loop
vertex 0.013388 -0.038218 -0.003086
vertex 0.015484 -0.033413 -0.000090
vertex 0.013700 -0.030553 0.003837
endloop
endfacet
facet normal 0.016447 -0.752467 0.658425
outer loop
vertex 0.005426 -0.046959 -0.010035
vertex 0.000100 -0.048354 -0.011496
vertex 0.002039 -0.048777 -0.012028
endloop
endfacet
facet normal -0.040161 -0.848115 0.528287
outer loop
vertex 0.002039 -0.048777 -0.012028
vertex 0.000100 -0.048354 -0.011496
vertex -0.002298 -0.049834 -0.014053
endloop
endfacet
facet normal -0.690334 -0.490647 0.531699
outer loop
vertex -0.014308 -0.045724 -0.019503
vertex -0.012053 -0.047850 -0.018538
vertex -0.013017 -0.044912 -0.017079
endloop
endfacet
facet normal -0.604548 -0.504574 0.616382
outer loop
vertex -0.013017 -0.044912 -0.017079
vertex -0.012053 -0.047850 -0.018538
vertex -0.009513 -0.049025 -0.017009
endloop
endfacet
facet normal -0.615103 -0.513877 0.597979
outer loop
vertex -0.013017 -0.044912 -0.017079
vertex -0.009513 -0.049025 -0.017009
vertex -0.007997 -0.047691 -0.014303
endloop
endfacet
facet normal -0.382491 -0.603092 0.699986
outer loop
vertex -0.003501 -0.049055 -0.013021
vertex -0.007997 -0.047691 -0.014303
vertex -0.006400 -0.049540 -0.015023
endloop
endfacet
facet normal -0.483176 -0.647104 0.589743
outer loop
vertex -0.006400 -0.049540 -0.015023
vertex -0.007997 -0.047691 -0.014303
vertex -0.009513 -0.049025 -0.017009
endloop
endfacet
facet normal -0.069706 -0.833773 0.547690
outer loop
vertex 0.000100 -0.048354 -0.011496
vertex -0.003501 -0.049055 -0.013021
vertex -0.002298 -0.049834 -0.014053
endloop
endfacet
facet normal -0.170840 -0.872038 0.458654
outer loop
vertex -0.003501 -0.049055 -0.013021
vertex -0.006400 -0.049540 -0.015023
vertex -0.002298 -0.049834 -0.014053
endloop
endfacet
facet normal 0.423785 0.182951 -0.887094
outer loop
vertex 0.005426 -0.046959 -0.010035
vertex 0.002039 -0.048777 -0.012028
vertex -0.006188 -0.046311 -0.015449
endloop
endfacet
facet normal 0.404425 0.085850 -0.910533
outer loop
vertex -0.006188 -0.046311 -0.015449
vertex 0.002039 -0.048777 -0.012028
vertex -0.002298 -0.049834 -0.014053
endloop
endfacet
facet normal -0.016020 -0.973720 -0.227186
outer loop
vertex -0.002298 -0.049834 -0.014053
vertex -0.006400 -0.049540 -0.015023
vertex -0.009513 -0.049025 -0.017009
endloop
endfacet
facet normal 0.291774 -0.460537 -0.838316
outer loop
vertex -0.002298 -0.049834 -0.014053
vertex -0.009513 -0.049025 -0.017009
vertex -0.012053 -0.047850 -0.018538
endloop
endfacet
facet normal 0.449714 0.072886 -0.890194
outer loop
vertex -0.012053 -0.047850 -0.018538
vertex -0.014308 -0.045724 -0.019503
vertex -0.006188 -0.046311 -0.015449
endloop
endfacet
facet normal 0.435638 0.128075 -0.890964
outer loop
vertex -0.006188 -0.046311 -0.015449
vertex -0.002298 -0.049834 -0.014053
vertex -0.012053 -0.047850 -0.018538
endloop
endfacet
facet normal -0.279665 0.336298 -0.899273
outer loop
vertex -0.011661 -0.020297 -0.015594
vertex -0.010605 -0.020630 -0.016047
vertex -0.014624 -0.031360 -0.018810
endloop
endfacet
facet normal -0.911884 0.319176 -0.258058
outer loop
vertex -0.014624 -0.031360 -0.018810
vertex -0.015172 -0.032757 -0.018599
vertex -0.011661 -0.020297 -0.015594
endloop
endfacet
facet normal -0.819721 -0.406426 -0.403579
outer loop
vertex -0.015960 -0.042149 -0.019748
vertex -0.015695 -0.042436 -0.019996
vertex -0.014308 -0.045724 -0.019503
endloop
endfacet
facet normal -0.918936 0.375335 -0.121167
outer loop
vertex -0.012970 -0.026999 -0.017844
vertex -0.014624 -0.031360 -0.018810
vertex -0.010605 -0.020630 -0.016047
endloop
endfacet
facet normal -0.803313 0.232670 -0.548227
outer loop
vertex -0.015172 -0.032757 -0.018599
vertex -0.014624 -0.031360 -0.018810
vertex -0.016172 -0.038924 -0.019751
endloop
endfacet
facet normal 0.158208 0.089945 -0.983301
outer loop
vertex -0.016172 -0.038924 -0.019751
vertex -0.014624 -0.031360 -0.018810
vertex -0.015695 -0.042436 -0.019996
endloop
endfacet
facet normal -0.709606 -0.047462 -0.702998
outer loop
vertex -0.016172 -0.038924 -0.019751
vertex -0.015695 -0.042436 -0.019996
vertex -0.015960 -0.042149 -0.019748
endloop
endfacet
facet normal 0.270266 -0.651387 0.708979
outer loop
vertex 0.010373 -0.032147 0.003640
vertex 0.013388 -0.038218 -0.003086
vertex 0.013700 -0.030553 0.003837
endloop
endfacet
facet normal -0.001105 -0.721291 0.692631
outer loop
vertex 0.005426 -0.046959 -0.010035
vertex 0.006354 -0.044185 -0.007144
vertex 0.000100 -0.048354 -0.011496
endloop
endfacet
facet normal 0.159141 -0.737299 0.656555
outer loop
vertex 0.010163 -0.042766 -0.006474
vertex 0.006354 -0.044185 -0.007144
vertex 0.005426 -0.046959 -0.010035
endloop
endfacet
facet normal -0.784684 -0.326486 0.526951
outer loop
vertex -0.014308 -0.045724 -0.019503
vertex -0.013017 -0.044912 -0.017079
vertex -0.015960 -0.042149 -0.019748
endloop
endfacet
facet normal -0.957204 0.226148 0.180602
outer loop
vertex -0.015172 -0.032757 -0.018599
vertex -0.011382 -0.022594 -0.011238
vertex -0.011661 -0.020297 -0.015594
endloop
endfacet
facet normal -0.634873 -0.041175 0.771519
outer loop
vertex -0.016172 -0.038924 -0.019751
vertex -0.015960 -0.042149 -0.019748
vertex -0.015172 -0.032757 -0.018599
endloop
endfacet
facet normal -0.849236 -0.254164 0.462817
outer loop
vertex -0.006991 -0.030650 -0.003940
vertex -0.009906 -0.027669 -0.007652
vertex -0.006789 -0.037688 -0.007435
endloop
endfacet
facet normal -0.603143 -0.400672 0.689696
outer loop
vertex -0.006789 -0.037688 -0.007435
vertex -0.013017 -0.044912 -0.017079
vertex -0.007997 -0.047691 -0.014303
endloop
endfacet
facet normal -0.591847 -0.469392 0.655277
outer loop
vertex -0.001518 -0.032470 0.000650
vertex -0.004187 -0.031938 -0.001380
vertex -0.003501 -0.049055 -0.013021
endloop
endfacet
facet normal -0.116085 -0.659202 0.742952
outer loop
vertex 0.007279 -0.033045 0.003209
vertex 0.002869 -0.033643 0.001989
vertex 0.000100 -0.048354 -0.011496
endloop
endfacet
facet normal -0.059220 -0.676937 0.733654
outer loop
vertex 0.000100 -0.048354 -0.011496
vertex 0.006354 -0.044185 -0.007144
vertex 0.007279 -0.033045 0.003209
endloop
endfacet
facet normal 0.212576 -0.676130 0.705450
outer loop
vertex 0.010373 -0.032147 0.003640
vertex 0.010163 -0.042766 -0.006474
vertex 0.013388 -0.038218 -0.003086
endloop
endfacet
facet normal -0.906617 0.033416 0.420630
outer loop
vertex -0.015172 -0.032757 -0.018599
vertex -0.009906 -0.027669 -0.007652
vertex -0.011382 -0.022594 -0.011238
endloop
endfacet
facet normal -0.905187 0.023960 0.424338
outer loop
vertex -0.009906 -0.027669 -0.007652
vertex -0.015172 -0.032757 -0.018599
vertex -0.015960 -0.042149 -0.019748
endloop
endfacet
facet normal -0.714823 -0.327356 0.617953
outer loop
vertex -0.004187 -0.031938 -0.001380
vertex -0.006991 -0.030650 -0.003940
vertex -0.006789 -0.037688 -0.007435
endloop
endfacet
facet normal -0.743380 -0.217573 0.632494
outer loop
vertex -0.015960 -0.042149 -0.019748
vertex -0.006789 -0.037688 -0.007435
vertex -0.009906 -0.027669 -0.007652
endloop
endfacet
facet normal -0.525338 -0.492824 0.693646
outer loop
vertex -0.004187 -0.031938 -0.001380
vertex -0.006789 -0.037688 -0.007435
vertex -0.003501 -0.049055 -0.013021
endloop
endfacet
facet normal -0.752333 -0.192429 0.630052
outer loop
vertex -0.013017 -0.044912 -0.017079
vertex -0.006789 -0.037688 -0.007435
vertex -0.015960 -0.042149 -0.019748
endloop
endfacet
facet normal -0.373653 -0.493907 0.785136
outer loop
vertex -0.003501 -0.049055 -0.013021
vertex -0.006789 -0.037688 -0.007435
vertex -0.007997 -0.047691 -0.014303
endloop
endfacet
facet normal -0.375816 -0.586766 0.717264
outer loop
vertex 0.002869 -0.033643 0.001989
vertex -0.001518 -0.032470 0.000650
vertex 0.000100 -0.048354 -0.011496
endloop
endfacet
facet normal 0.096889 -0.681879 0.725020
outer loop
vertex 0.006354 -0.044185 -0.007144
vertex 0.010373 -0.032147 0.003640
vertex 0.007279 -0.033045 0.003209
endloop
endfacet
facet normal 0.129155 -0.685253 0.716762
outer loop
vertex 0.010373 -0.032147 0.003640
vertex 0.006354 -0.044185 -0.007144
vertex 0.010163 -0.042766 -0.006474
endloop
endfacet
facet normal -0.206598 -0.607528 0.766959
outer loop
vertex -0.003501 -0.049055 -0.013021
vertex 0.000100 -0.048354 -0.011496
vertex -0.001518 -0.032470 0.000650
endloop
endfacet
facet normal 0.136661 0.972002 0.191146
outer loop
vertex -0.022631 0.011373 -0.011213
vertex -0.019676 0.011666 -0.014815
vertex -0.030030 0.013040 -0.014397
endloop
endfacet
facet normal 0.104696 0.910775 -0.399409
outer loop
vertex -0.019676 0.011666 -0.014815
vertex -0.019534 0.011361 -0.015474
vertex -0.030030 0.013040 -0.014397
endloop
endfacet
facet normal 0.182861 0.918778 0.349869
outer loop
vertex -0.030030 0.013040 -0.014397
vertex -0.019534 0.011361 -0.015474
vertex -0.033361 0.015388 -0.018823
endloop
endfacet
facet normal -0.396168 0.903749 0.162138
outer loop
vertex -0.042778 0.015685 -0.019981
vertex -0.045724 0.014308 -0.019503
vertex -0.042219 0.015825 -0.019398
endloop
endfacet
facet normal -0.338373 0.741354 0.579567
outer loop
vertex -0.042219 0.015825 -0.019398
vertex -0.045724 0.014308 -0.019503
vertex -0.045820 0.011799 -0.016350
endloop
endfacet
facet normal -0.601838 0.265316 0.753258
outer loop
vertex -0.049482 0.005935 -0.014445
vertex -0.049092 0.001331 -0.012511
vertex -0.041927 0.001885 -0.006982
endloop
endfacet
facet normal -0.695745 -0.079425 0.713884
outer loop
vertex -0.046964 -0.005420 -0.010038
vertex -0.042766 -0.010163 -0.006474
vertex -0.032990 -0.008017 0.003293
endloop
endfacet
facet normal -0.624856 -0.351346 0.697217
outer loop
vertex -0.037415 -0.013861 -0.002563
vertex -0.029880 -0.014681 0.003777
vertex -0.031597 -0.011882 0.003649
endloop
endfacet
facet normal -0.032524 0.949620 0.311710
outer loop
vertex -0.026453 0.009737 -0.006627
vertex -0.022631 0.011373 -0.011213
vertex -0.032562 0.010715 -0.010245
endloop
endfacet
facet normal 0.006324 0.840856 0.541222
outer loop
vertex -0.038773 0.016099 -0.019864
vertex -0.042219 0.015825 -0.019398
vertex -0.033361 0.015388 -0.018823
endloop
endfacet
facet normal -0.275677 0.788651 0.549575
outer loop
vertex -0.030650 0.006991 -0.003940
vertex -0.032562 0.010715 -0.010245
vertex -0.038058 0.007331 -0.008144
endloop
endfacet
facet normal -0.454177 0.482471 0.748963
outer loop
vertex -0.047421 0.008759 -0.014742
vertex -0.041927 0.001885 -0.006982
vertex -0.038058 0.007331 -0.008144
endloop
endfacet
facet normal -0.263100 0.720764 0.641310
outer loop
vertex -0.038058 0.007331 -0.008144
vertex -0.042219 0.015825 -0.019398
vertex -0.045820 0.011799 -0.016350
endloop
endfacet
facet normal -0.405572 0.585148 0.702220
outer loop
vertex -0.038058 0.007331 -0.008144
vertex -0.045820 0.011799 -0.016350
vertex -0.047421 0.008759 -0.014742
endloop
endfacet
facet normal -0.500231 0.556999 0.662963
outer loop
vertex -0.033284 0.000758 0.000487
vertex -0.031938 0.004187 -0.001380
vertex -0.041927 0.001885 -0.006982
endloop
endfacet
facet normal -0.592827 0.327886 0.735559
outer loop
vertex -0.033566 -0.003712 0.002251
vertex -0.033284 0.000758 0.000487
vertex -0.041927 0.001885 -0.006982
endloop
endfacet
facet normal -0.671206 0.088169 0.736009
outer loop
vertex -0.049092 0.001331 -0.012511
vertex -0.032990 -0.008017 0.003293
vertex -0.033566 -0.003712 0.002251
endloop
endfacet
facet normal -0.662110 0.112205 0.740959
outer loop
vertex -0.048341 -0.003245 -0.011148
vertex -0.032990 -0.008017 0.003293
vertex -0.049092 0.001331 -0.012511
endloop
endfacet
facet normal -0.687706 -0.183163 0.702504
outer loop
vertex -0.032990 -0.008017 0.003293
vertex -0.037415 -0.013861 -0.002563
vertex -0.031597 -0.011882 0.003649
endloop
endfacet
facet normal -0.667452 -0.210349 0.714326
outer loop
vertex -0.032990 -0.008017 0.003293
vertex -0.042766 -0.010163 -0.006474
vertex -0.037415 -0.013861 -0.002563
endloop
endfacet
facet normal -0.695591 -0.075795 0.714428
outer loop
vertex -0.032990 -0.008017 0.003293
vertex -0.048341 -0.003245 -0.011148
vertex -0.046964 -0.005420 -0.010038
endloop
endfacet
facet normal -0.010864 0.875337 0.483391
outer loop
vertex -0.030030 0.013040 -0.014397
vertex -0.032562 0.010715 -0.010245
vertex -0.022631 0.011373 -0.011213
endloop
endfacet
facet normal -0.189428 0.819134 0.541420
outer loop
vertex -0.026453 0.009737 -0.006627
vertex -0.032562 0.010715 -0.010245
vertex -0.030650 0.006991 -0.003940
endloop
endfacet
facet normal -0.320002 0.714885 0.621722
outer loop
vertex -0.031938 0.004187 -0.001380
vertex -0.030650 0.006991 -0.003940
vertex -0.038058 0.007331 -0.008144
endloop
endfacet
facet normal 0.013872 0.887555 0.460493
outer loop
vertex -0.030030 0.013040 -0.014397
vertex -0.033361 0.015388 -0.018823
vertex -0.042219 0.015825 -0.019398
endloop
endfacet
facet normal -0.000825 0.872793 0.488089
outer loop
vertex -0.032562 0.010715 -0.010245
vertex -0.030030 0.013040 -0.014397
vertex -0.042219 0.015825 -0.019398
endloop
endfacet
facet normal -0.507360 0.508831 0.695469
outer loop
vertex -0.031938 0.004187 -0.001380
vertex -0.038058 0.007331 -0.008144
vertex -0.041927 0.001885 -0.006982
endloop
endfacet
facet normal -0.212443 0.740561 0.637524
outer loop
vertex -0.042219 0.015825 -0.019398
vertex -0.038058 0.007331 -0.008144
vertex -0.032562 0.010715 -0.010245
endloop
endfacet
facet normal -0.498911 0.442463 0.745195
outer loop
vertex -0.041927 0.001885 -0.006982
vertex -0.047421 0.008759 -0.014742
vertex -0.049482 0.005935 -0.014445
endloop
endfacet
facet normal -0.592982 0.327633 0.735547
outer loop
vertex -0.033566 -0.003712 0.002251
vertex -0.041927 0.001885 -0.006982
vertex -0.049092 0.001331 -0.012511
endloop
endfacet
facet normal 0.349361 0.191549 -0.917200
outer loop
vertex -0.019534 0.011361 -0.015474
vertex -0.020685 0.010584 -0.016074
vertex -0.026698 0.012932 -0.017874
endloop
endfacet
facet normal 0.210574 0.201934 -0.956494
outer loop
vertex -0.038773 0.016099 -0.019864
vertex -0.033361 0.015388 -0.018823
vertex -0.026698 0.012932 -0.017874
endloop
endfacet
facet normal 0.354053 0.739522 -0.572498
outer loop
vertex -0.019534 0.011361 -0.015474
vertex -0.026698 0.012932 -0.017874
vertex -0.033361 0.015388 -0.018823
endloop
endfacet
facet normal -0.097681 0.984868 -0.143157
outer loop
vertex -0.038773 0.016099 -0.019864
vertex -0.042778 0.015685 -0.019981
vertex -0.042219 0.015825 -0.019398
endloop
endfacet
facet normal 0.080103 -0.412503 -0.907428
outer loop
vertex -0.046964 -0.005420 -0.010038
vertex -0.048341 -0.003245 -0.011148
vertex -0.045037 0.004831 -0.014528
endloop
endfacet
facet normal 0.141158 -0.430757 -0.891360
outer loop
vertex -0.045037 0.004831 -0.014528
vertex -0.048341 -0.003245 -0.011148
vertex -0.049823 0.002245 -0.014036
endloop
endfacet
facet normal -0.994714 0.085563 -0.056771
outer loop
vertex -0.049823 0.002245 -0.014036
vertex -0.049482 0.005935 -0.014445
vertex -0.049033 0.009441 -0.017026
endloop
endfacet
facet normal -0.408359 -0.311727 -0.857945
outer loop
vertex -0.049823 0.002245 -0.014036
vertex -0.049033 0.009441 -0.017026
vertex -0.047850 0.012053 -0.018538
endloop
endfacet
facet normal 0.084555 -0.458381 -0.884724
outer loop
vertex -0.047850 0.012053 -0.018538
vertex -0.045724 0.014308 -0.019503
vertex -0.045037 0.004831 -0.014528
endloop
endfacet
facet normal 0.144726 -0.436698 -0.887890
outer loop
vertex -0.045037 0.004831 -0.014528
vertex -0.049823 0.002245 -0.014036
vertex -0.047850 0.012053 -0.018538
endloop
endfacet
facet normal 0.507178 0.581768 0.635859
outer loop
vertex 0.027787 0.016329 0.003614
vertex 0.030959 0.013807 0.003391
vertex 0.033289 0.015512 -0.000028
endloop
endfacet
facet normal 0.590494 0.485539 0.644646
outer loop
vertex 0.037415 0.013861 -0.002563
vertex 0.033289 0.015512 -0.000028
vertex 0.030959 0.013807 0.003391
endloop
endfacet
facet normal 0.060427 0.989596 -0.130573
outer loop
vertex 0.029901 0.015974 0.001902
vertex 0.027787 0.016329 0.003614
vertex 0.033289 0.015512 -0.000028
endloop
endfacet
facet normal -0.158047 0.576881 -0.801392
outer loop
vertex 0.029669 0.007634 -0.002575
vertex 0.033134 -0.002540 -0.010582
vertex 0.026879 -0.002441 -0.009277
endloop
endfacet
facet normal -0.351265 0.450389 -0.820830
outer loop
vertex 0.029669 0.007634 -0.002575
vertex 0.029901 0.015974 0.001902
vertex 0.035393 0.009706 -0.003887
endloop
endfacet
facet normal -0.340426 0.431890 -0.835213
outer loop
vertex 0.033289 0.015512 -0.000028
vertex 0.037415 0.013861 -0.002563
vertex 0.035393 0.009706 -0.003887
endloop
endfacet
facet normal -0.322806 0.426418 -0.844964
outer loop
vertex 0.035393 0.009706 -0.003887
vertex 0.037415 0.013861 -0.002563
vertex 0.042766 0.010163 -0.006474
endloop
endfacet
facet normal -0.061703 0.460460 -0.885533
outer loop
vertex 0.045724 -0.014308 -0.019503
vertex 0.042436 -0.015695 -0.019996
vertex 0.045037 -0.004831 -0.014528
endloop
endfacet
facet normal -0.036138 0.528979 -0.847865
outer loop
vertex 0.042436 -0.015695 -0.019996
vertex 0.030661 -0.014402 -0.018687
vertex 0.038261 -0.009238 -0.015789
endloop
endfacet
facet normal 0.013649 0.634634 -0.772693
outer loop
vertex 0.020685 -0.010584 -0.016074
vertex 0.026879 -0.002441 -0.009277
vertex 0.026725 -0.012884 -0.017857
endloop
endfacet
facet normal -0.292094 0.528071 -0.797385
outer loop
vertex 0.033134 -0.002540 -0.010582
vertex 0.029669 0.007634 -0.002575
vertex 0.036839 0.004405 -0.007340
endloop
endfacet
facet normal -0.349554 0.442488 -0.825842
outer loop
vertex 0.036839 0.004405 -0.007340
vertex 0.029669 0.007634 -0.002575
vertex 0.035393 0.009706 -0.003887
endloop
endfacet
facet normal 0.003076 0.485937 -0.873989
outer loop
vertex 0.030661 -0.014402 -0.018687
vertex 0.026725 -0.012884 -0.017857
vertex 0.038261 -0.009238 -0.015789
endloop
endfacet
facet normal -0.174781 0.503402 -0.846190
outer loop
vertex 0.035393 0.009706 -0.003887
vertex 0.045037 -0.004831 -0.014528
vertex 0.036839 0.004405 -0.007340
endloop
endfacet
facet normal -0.324508 0.408980 -0.852895
outer loop
vertex 0.035393 0.009706 -0.003887
vertex 0.042766 0.010163 -0.006474
vertex 0.045037 -0.004831 -0.014528
endloop
endfacet
facet normal -0.253777 0.427602 -0.867614
outer loop
vertex 0.042766 0.010163 -0.006474
vertex 0.046959 0.005426 -0.010035
vertex 0.045037 -0.004831 -0.014528
endloop
endfacet
facet normal -0.201344 0.500484 -0.842007
outer loop
vertex 0.038261 -0.009238 -0.015789
vertex 0.033134 -0.002540 -0.010582
vertex 0.036839 0.004405 -0.007340
endloop
endfacet
facet normal -0.145360 0.472341 -0.869347
outer loop
vertex 0.042436 -0.015695 -0.019996
vertex 0.038261 -0.009238 -0.015789
vertex 0.045037 -0.004831 -0.014528
endloop
endfacet
facet normal -0.413201 0.395565 -0.820240
outer loop
vertex 0.035393 0.009706 -0.003887
vertex 0.029901 0.015974 0.001902
vertex 0.033289 0.015512 -0.000028
endloop
endfacet
facet normal -0.149206 0.629019 -0.762936
outer loop
vertex 0.026725 -0.012884 -0.017857
vertex 0.026879 -0.002441 -0.009277
vertex 0.033134 -0.002540 -0.010582
endloop
endfacet
facet normal -0.043049 0.592447 -0.804458
outer loop
vertex 0.033134 -0.002540 -0.010582
vertex 0.038261 -0.009238 -0.015789
vertex 0.026725 -0.012884 -0.017857
endloop
endfacet
facet normal -0.171518 0.505734 -0.845467
outer loop
vertex 0.038261 -0.009238 -0.015789
vertex 0.036839 0.004405 -0.007340
vertex 0.045037 -0.004831 -0.014528
endloop
endfacet
facet normal -0.242694 -0.970102 -0.001563
outer loop
vertex 0.031466 -0.014605 -0.017602
vertex 0.019391 -0.011588 -0.015231
vertex 0.030661 -0.014402 -0.018687
endloop
endfacet
facet normal -0.366698 -0.273856 -0.889121
outer loop
vertex 0.019391 -0.011588 -0.015231
vertex 0.020685 -0.010584 -0.016074
vertex 0.026725 -0.012884 -0.017857
endloop
endfacet
facet normal -0.366942 -0.535241 -0.760835
outer loop
vertex 0.019391 -0.011588 -0.015231
vertex 0.026725 -0.012884 -0.017857
vertex 0.030661 -0.014402 -0.018687
endloop
endfacet
facet normal -0.011718 -0.504537 -0.863310
outer loop
vertex 0.042436 -0.015695 -0.019996
vertex 0.041955 -0.016013 -0.019803
vertex 0.038010 -0.016137 -0.019677
endloop
endfacet
facet normal 0.407957 -0.837751 -0.362966
outer loop
vertex 0.041955 -0.016013 -0.019803
vertex 0.042436 -0.015695 -0.019996
vertex 0.045724 -0.014308 -0.019503
endloop
endfacet
facet normal -0.231013 -0.972892 -0.010745
outer loop
vertex 0.031466 -0.014605 -0.017602
vertex 0.030661 -0.014402 -0.018687
vertex 0.038010 -0.016137 -0.019677
endloop
endfacet
facet normal -0.088647 0.183416 -0.979030
outer loop
vertex 0.038010 -0.016137 -0.019677
vertex 0.030661 -0.014402 -0.018687
vertex 0.042436 -0.015695 -0.019996
endloop
endfacet
facet normal 0.695652 0.079072 0.714014
outer loop
vertex 0.042766 0.010163 -0.006474
vertex 0.033102 0.008419 0.003135
vertex 0.046959 0.005426 -0.010035
endloop
endfacet
facet normal 0.553407 -0.371382 0.745531
outer loop
vertex 0.049073 -0.003273 -0.012951
vertex 0.044259 -0.002134 -0.008810
vertex 0.048842 -0.007982 -0.015125
endloop
endfacet
facet normal 0.438049 -0.541299 0.717711
outer loop
vertex 0.039268 -0.005923 -0.007728
vertex 0.045863 -0.011398 -0.015883
vertex 0.048842 -0.007982 -0.015125
endloop
endfacet
facet normal 0.292521 -0.750802 0.592223
outer loop
vertex 0.045724 -0.014308 -0.019503
vertex 0.045863 -0.011398 -0.015883
vertex 0.041955 -0.016013 -0.019803
endloop
endfacet
facet normal -0.198342 -0.957693 0.208529
outer loop
vertex 0.031466 -0.014605 -0.017602
vertex 0.022594 -0.011382 -0.011238
vertex 0.019391 -0.011588 -0.015231
endloop
endfacet
facet normal 0.142288 -0.830747 0.538158
outer loop
vertex 0.030650 -0.006991 -0.003940
vertex 0.027669 -0.009906 -0.007652
vertex 0.038745 -0.011257 -0.012666
endloop
endfacet
facet normal 0.262793 -0.744201 0.614089
outer loop
vertex 0.045863 -0.011398 -0.015883
vertex 0.038745 -0.011257 -0.012666
vertex 0.041955 -0.016013 -0.019803
endloop
endfacet
facet normal 0.487310 -0.588029 0.645563
outer loop
vertex 0.032470 -0.001518 0.000650
vertex 0.031938 -0.004187 -0.001380
vertex 0.044259 -0.002134 -0.008810
endloop
endfacet
facet normal 0.661281 -0.089216 0.744814
outer loop
vertex 0.033102 0.008419 0.003135
vertex 0.033643 0.002869 0.001989
vertex 0.048028 0.002320 -0.010848
endloop
endfacet
facet normal 0.659067 0.228031 0.716682
outer loop
vertex 0.033102 0.008419 0.003135
vertex 0.037415 0.013861 -0.002563
vertex 0.030959 0.013807 0.003391
endloop
endfacet
facet normal 0.668780 0.215082 0.711669
outer loop
vertex 0.033102 0.008419 0.003135
vertex 0.042766 0.010163 -0.006474
vertex 0.037415 0.013861 -0.002563
endloop
endfacet
facet normal 0.693728 0.050617 0.718456
outer loop
vertex 0.033102 0.008419 0.003135
vertex 0.048028 0.002320 -0.010848
vertex 0.046959 0.005426 -0.010035
endloop
endfacet
facet normal -0.030598 -0.908247 0.417314
outer loop
vertex 0.031466 -0.014605 -0.017602
vertex 0.027669 -0.009906 -0.007652
vertex 0.022594 -0.011382 -0.011238
endloop
endfacet
facet normal -0.034613 -0.908706 0.415998
outer loop
vertex 0.027669 -0.009906 -0.007652
vertex 0.031466 -0.014605 -0.017602
vertex 0.041955 -0.016013 -0.019803
endloop
endfacet
facet normal 0.353950 -0.714184 0.603871
outer loop
vertex 0.031938 -0.004187 -0.001380
vertex 0.030650 -0.006991 -0.003940
vertex 0.039268 -0.005923 -0.007728
endloop
endfacet
facet normal 0.044667 -0.731436 0.680446
outer loop
vertex 0.031466 -0.014605 -0.017602
vertex 0.038010 -0.016137 -0.019677
vertex 0.041955 -0.016013 -0.019803
endloop
endfacet
facet normal 0.176148 -0.780761 0.599486
outer loop
vertex 0.041955 -0.016013 -0.019803
vertex 0.038745 -0.011257 -0.012666
vertex 0.027669 -0.009906 -0.007652
endloop
endfacet
facet normal 0.371881 -0.649953 0.662772
outer loop
vertex 0.038745 -0.011257 -0.012666
vertex 0.039268 -0.005923 -0.007728
vertex 0.030650 -0.006991 -0.003940
endloop
endfacet
facet normal 0.512072 -0.469228 0.719449
outer loop
vertex 0.031938 -0.004187 -0.001380
vertex 0.039268 -0.005923 -0.007728
vertex 0.044259 -0.002134 -0.008810
endloop
endfacet
facet normal 0.296917 -0.664187 0.686073
outer loop
vertex 0.045863 -0.011398 -0.015883
vertex 0.039268 -0.005923 -0.007728
vertex 0.038745 -0.011257 -0.012666
endloop
endfacet
facet normal 0.491521 -0.431606 0.756389
outer loop
vertex 0.044259 -0.002134 -0.008810
vertex 0.039268 -0.005923 -0.007728
vertex 0.048842 -0.007982 -0.015125
endloop
endfacet
facet normal 0.568072 -0.375422 0.732361
outer loop
vertex 0.033643 0.002869 0.001989
vertex 0.032470 -0.001518 0.000650
vertex 0.044259 -0.002134 -0.008810
endloop
endfacet
facet normal 0.646287 -0.211361 0.733239
outer loop
vertex 0.033643 0.002869 0.001989
vertex 0.044259 -0.002134 -0.008810
vertex 0.048028 0.002320 -0.010848
endloop
endfacet
facet normal 0.618530 -0.172629 0.766564
outer loop
vertex 0.048028 0.002320 -0.010848
vertex 0.044259 -0.002134 -0.008810
vertex 0.049073 -0.003273 -0.012951
endloop
endfacet
facet normal -0.426665 -0.724953 0.540740
outer loop
vertex -0.029403 -0.016090 0.002264
vertex -0.029880 -0.014681 0.003777
vertex -0.033292 -0.015511 -0.000029
endloop
endfacet
facet normal -0.590072 -0.495772 0.637201
outer loop
vertex -0.037415 -0.013861 -0.002563
vertex -0.033292 -0.015511 -0.000029
vertex -0.029880 -0.014681 0.003777
endloop
endfacet
facet normal 0.850070 0.161240 0.501382
outer loop
vertex 0.046959 0.005426 -0.010035
vertex 0.048028 0.002320 -0.010848
vertex 0.048777 0.002039 -0.012028
endloop
endfacet
facet normal 0.837671 -0.049989 0.543883
outer loop
vertex 0.048777 0.002039 -0.012028
vertex 0.048028 0.002320 -0.010848
vertex 0.049834 -0.002298 -0.014053
endloop
endfacet
facet normal 0.488004 -0.689399 0.535333
outer loop
vertex 0.045724 -0.014308 -0.019503
vertex 0.047850 -0.012053 -0.018538
vertex 0.045863 -0.011398 -0.015883
endloop
endfacet
facet normal 0.555098 -0.609636 0.565872
outer loop
vertex 0.045863 -0.011398 -0.015883
vertex 0.047850 -0.012053 -0.018538
vertex 0.048842 -0.007982 -0.015125
endloop
endfacet
facet normal 0.807877 -0.481587 0.339718
outer loop
vertex 0.047850 -0.012053 -0.018538
vertex 0.049583 -0.007169 -0.015736
vertex 0.048842 -0.007982 -0.015125
endloop
endfacet
facet normal 0.778921 -0.293997 0.553939
outer loop
vertex 0.049073 -0.003273 -0.012951
vertex 0.048842 -0.007982 -0.015125
vertex 0.049583 -0.007169 -0.015736
endloop
endfacet
facet normal 0.840787 -0.045684 0.539435
outer loop
vertex 0.048028 0.002320 -0.010848
vertex 0.049073 -0.003273 -0.012951
vertex 0.049834 -0.002298 -0.014053
endloop
endfacet
facet normal 0.879538 -0.195083 0.434000
outer loop
vertex 0.049073 -0.003273 -0.012951
vertex 0.049583 -0.007169 -0.015736
vertex 0.049834 -0.002298 -0.014053
endloop
endfacet
facet normal -0.184228 0.423127 -0.887143
outer loop
vertex 0.046959 0.005426 -0.010035
vertex 0.048777 0.002039 -0.012028
vertex 0.045037 -0.004831 -0.014528
endloop
endfacet
facet normal -0.119260 0.396214 -0.910380
outer loop
vertex 0.045037 -0.004831 -0.014528
vertex 0.048777 0.002039 -0.012028
vertex 0.049834 -0.002298 -0.014053
endloop
endfacet
facet normal 0.584076 0.238023 -0.776016
outer loop
vertex 0.049834 -0.002298 -0.014053
vertex 0.049583 -0.007169 -0.015736
vertex 0.047850 -0.012053 -0.018538
endloop
endfacet
facet normal -0.084555 0.458381 -0.884724
outer loop
vertex 0.047850 -0.012053 -0.018538
vertex 0.045724 -0.014308 -0.019503
vertex 0.045037 -0.004831 -0.014528
endloop
endfacet
facet normal -0.143182 0.437280 -0.887854
outer loop
vertex 0.045037 -0.004831 -0.014528
vertex 0.049834 -0.002298 -0.014053
vertex 0.047850 -0.012053 -0.018538
endloop
endfacet
facet normal 0.158047 -0.576881 -0.801392
outer loop
vertex -0.029669 -0.007634 -0.002575
vertex -0.033134 0.002540 -0.010582
vertex -0.026879 0.002441 -0.009277
endloop
endfacet
facet normal 0.352556 -0.456419 -0.816937
outer loop
vertex -0.029669 -0.007634 -0.002575
vertex -0.029403 -0.016090 0.002264
vertex -0.035393 -0.009706 -0.003887
endloop
endfacet
facet normal 0.340436 -0.431893 -0.835207
outer loop
vertex -0.033292 -0.015511 -0.000029
vertex -0.037415 -0.013861 -0.002563
vertex -0.035393 -0.009706 -0.003887
endloop
endfacet
facet normal 0.322806 -0.426418 -0.844964
outer loop
vertex -0.035393 -0.009706 -0.003887
vertex -0.037415 -0.013861 -0.002563
vertex -0.042766 -0.010163 -0.006474
endloop
endfacet
facet normal 0.071171 -0.459630 -0.885254
outer loop
vertex -0.045724 0.014308 -0.019503
vertex -0.042778 0.015685 -0.019981
vertex -0.045037 0.004831 -0.014528
endloop
endfacet
facet normal 0.077416 -0.504838 -0.859736
outer loop
vertex -0.042778 0.015685 -0.019981
vertex -0.038773 0.016099 -0.019864
vertex -0.038261 0.009238 -0.015789
endloop
endfacet
facet normal -0.015912 -0.633590 -0.773505
outer loop
vertex -0.020685 0.010584 -0.016074
vertex -0.026879 0.002441 -0.009277
vertex -0.026698 0.012932 -0.017874
endloop
endfacet
facet normal 0.292094 -0.528071 -0.797385
outer loop
vertex -0.033134 0.002540 -0.010582
vertex -0.029669 -0.007634 -0.002575
vertex -0.036839 -0.004405 -0.007340
endloop
endfacet
facet normal 0.349554 -0.442488 -0.825842
outer loop
vertex -0.036839 -0.004405 -0.007340
vertex -0.029669 -0.007634 -0.002575
vertex -0.035393 -0.009706 -0.003887
endloop
endfacet
facet normal 0.007910 -0.510198 -0.860020
outer loop
vertex -0.038773 0.016099 -0.019864
vertex -0.026698 0.012932 -0.017874
vertex -0.038261 0.009238 -0.015789
endloop
endfacet
facet normal 0.174781 -0.503402 -0.846190
outer loop
vertex -0.035393 -0.009706 -0.003887
vertex -0.045037 0.004831 -0.014528
vertex -0.036839 -0.004405 -0.007340
endloop
endfacet
facet normal 0.324508 -0.408980 -0.852895
outer loop
vertex -0.035393 -0.009706 -0.003887
vertex -0.042766 -0.010163 -0.006474
vertex -0.045037 0.004831 -0.014528
endloop
endfacet
facet normal 0.253481 -0.427674 -0.867665
outer loop
vertex -0.042766 -0.010163 -0.006474
vertex -0.046964 -0.005420 -0.010038
vertex -0.045037 0.004831 -0.014528
endloop
endfacet
facet normal 0.201344 -0.500484 -0.842007
outer loop
vertex -0.038261 0.009238 -0.015789
vertex -0.033134 0.002540 -0.010582
vertex -0.036839 -0.004405 -0.007340
endloop
endfacet
facet normal 0.141890 -0.467861 -0.872338
outer loop
vertex -0.042778 0.015685 -0.019981
vertex -0.038261 0.009238 -0.015789
vertex -0.045037 0.004831 -0.014528
endloop
endfacet
facet normal 0.424045 -0.389828 -0.817447
outer loop
vertex -0.035393 -0.009706 -0.003887
vertex -0.029403 -0.016090 0.002264
vertex -0.033292 -0.015511 -0.000029
endloop
endfacet
facet normal 0.149342 -0.628261 -0.763534
outer loop
vertex -0.026698 0.012932 -0.017874
vertex -0.026879 0.002441 -0.009277
vertex -0.033134 0.002540 -0.010582
endloop
endfacet
facet normal 0.043999 -0.591960 -0.804766
outer loop
vertex -0.033134 0.002540 -0.010582
vertex -0.038261 0.009238 -0.015789
vertex -0.026698 0.012932 -0.017874
endloop
endfacet
facet normal 0.171518 -0.505734 -0.845467
outer loop
vertex -0.038261 0.009238 -0.015789
vertex -0.036839 -0.004405 -0.007340
vertex -0.045037 0.004831 -0.014528
endloop
endfacet
facet normal 0.585760 -0.373880 -0.719096
outer loop
vertex 0.011625 0.019287 -0.014821
vertex 0.011197 0.021409 -0.016273
vertex 0.015224 0.032728 -0.018878
endloop
endfacet
facet normal 0.852754 -0.185333 -0.488325
outer loop
vertex 0.015382 0.034841 -0.019404
vertex 0.016213 0.039622 -0.019767
vertex 0.015224 0.032728 -0.018878
endloop
endfacet
facet normal 0.587850 -0.374192 -0.717226
outer loop
vertex 0.012546 0.026224 -0.017679
vertex 0.015224 0.032728 -0.018878
vertex 0.011197 0.021409 -0.016273
endloop
endfacet
facet normal 0.182319 -0.250307 -0.950845
outer loop
vertex 0.015382 0.034841 -0.019404
vertex 0.015224 0.032728 -0.018878
vertex 0.012546 0.026224 -0.017679
endloop
endfacet
facet normal -0.022809 -0.071672 -0.997167
outer loop
vertex 0.016213 0.039622 -0.019767
vertex 0.015382 0.034841 -0.019404
vertex 0.015685 0.042776 -0.019981
endloop
endfacet
facet normal -0.577741 -0.153447 -0.801667
outer loop
vertex -0.007634 0.029669 -0.002575
vertex 0.005579 0.031295 -0.012408
vertex 0.002437 0.026677 -0.009260
endloop
endfacet
facet normal -0.455831 -0.352431 -0.817320
outer loop
vertex -0.007634 0.029669 -0.002575
vertex -0.016139 0.028266 0.002774
vertex -0.009706 0.035393 -0.003887
endloop
endfacet
facet normal -0.436258 -0.331391 -0.836576
outer loop
vertex -0.015483 0.033415 -0.000092
vertex -0.013388 0.038218 -0.003086
vertex -0.009706 0.035393 -0.003887
endloop
endfacet
facet normal -0.430720 -0.322365 -0.842948
outer loop
vertex -0.009706 0.035393 -0.003887
vertex -0.013388 0.038218 -0.003086
vertex -0.010163 0.042766 -0.006474
endloop
endfacet
facet normal -0.449519 -0.065594 -0.890859
outer loop
vertex 0.014308 0.045724 -0.019503
vertex 0.015685 0.042776 -0.019981
vertex 0.006188 0.046311 -0.015449
endloop
endfacet
facet normal -0.588192 0.031807 -0.808096
outer loop
vertex 0.015382 0.034841 -0.019404
vertex 0.012546 0.026224 -0.017679
vertex 0.005579 0.031295 -0.012408
endloop
endfacet
facet normal -0.640496 -0.044440 -0.766675
outer loop
vertex 0.011197 0.021409 -0.016273
vertex 0.002437 0.026677 -0.009260
vertex 0.012546 0.026224 -0.017679
endloop
endfacet
facet normal -0.460322 -0.353384 -0.814385
outer loop
vertex -0.003971 0.034489 -0.006737
vertex -0.007634 0.029669 -0.002575
vertex -0.009706 0.035393 -0.003887
endloop
endfacet
facet normal -0.555811 -0.259557 -0.789750
outer loop
vertex -0.007634 0.029669 -0.002575
vertex -0.003971 0.034489 -0.006737
vertex 0.005579 0.031295 -0.012408
endloop
endfacet
facet normal -0.462221 -0.269914 -0.844688
outer loop
vertex -0.009706 0.035393 -0.003887
vertex -0.001716 0.040731 -0.009966
vertex -0.003971 0.034489 -0.006737
endloop
endfacet
facet normal -0.426949 -0.322752 -0.844716
outer loop
vertex -0.009706 0.035393 -0.003887
vertex -0.010163 0.042766 -0.006474
vertex -0.001716 0.040731 -0.009966
endloop
endfacet
facet normal -0.421795 -0.260738 -0.868392
outer loop
vertex -0.010163 0.042766 -0.006474
vertex -0.005420 0.046964 -0.010038
vertex -0.001716 0.040731 -0.009966
endloop
endfacet
facet normal -0.545525 -0.126411 -0.828506
outer loop
vertex 0.007925 0.040061 -0.015291
vertex 0.015382 0.034841 -0.019404
vertex 0.005579 0.031295 -0.012408
endloop
endfacet
facet normal -0.485931 -0.152889 -0.860521
outer loop
vertex 0.007925 0.040061 -0.015291
vertex 0.005579 0.031295 -0.012408
vertex -0.001716 0.040731 -0.009966
endloop
endfacet
facet normal -0.505662 -0.043344 -0.861642
outer loop
vertex 0.007925 0.040061 -0.015291
vertex 0.015685 0.042776 -0.019981
vertex 0.015382 0.034841 -0.019404
endloop
endfacet
facet normal -0.471422 -0.153079 -0.868521
outer loop
vertex 0.015685 0.042776 -0.019981
vertex 0.007925 0.040061 -0.015291
vertex 0.006188 0.046311 -0.015449
endloop
endfacet
facet normal -0.400743 -0.405926 -0.821358
outer loop
vertex -0.009706 0.035393 -0.003887
vertex -0.016139 0.028266 0.002774
vertex -0.015483 0.033415 -0.000092
endloop
endfacet
facet normal -0.639877 -0.085313 -0.763727
outer loop
vertex 0.012546 0.026224 -0.017679
vertex 0.002437 0.026677 -0.009260
vertex 0.005579 0.031295 -0.012408
endloop
endfacet
facet normal -0.419990 -0.259679 -0.869583
outer loop
vertex -0.001716 0.040731 -0.009966
vertex -0.005420 0.046964 -0.010038
vertex 0.006188 0.046311 -0.015449
endloop
endfacet
facet normal -0.551144 -0.217534 -0.805555
outer loop
vertex -0.003971 0.034489 -0.006737
vertex -0.001716 0.040731 -0.009966
vertex 0.005579 0.031295 -0.012408
endloop
endfacet
facet normal -0.485840 -0.156867 -0.859856
outer loop
vertex 0.006188 0.046311 -0.015449
vertex 0.007925 0.040061 -0.015291
vertex -0.001716 0.040731 -0.009966
endloop
endfacet
facet normal -0.423823 -0.183165 -0.887032
outer loop
vertex -0.005420 0.046964 -0.010038
vertex -0.002039 0.048777 -0.012028
vertex 0.006188 0.046311 -0.015449
endloop
endfacet
facet normal -0.404993 -0.088442 -0.910032
outer loop
vertex 0.006188 0.046311 -0.015449
vertex -0.002039 0.048777 -0.012028
vertex 0.002245 0.049823 -0.014036
endloop
endfacet
facet normal 0.085564 0.994714 -0.056769
outer loop
vertex 0.002245 0.049823 -0.014036
vertex 0.005935 0.049482 -0.014445
vertex 0.009441 0.049033 -0.017026
endloop
endfacet
facet normal -0.311722 0.408356 -0.857948
outer loop
vertex 0.002245 0.049823 -0.014036
vertex 0.009441 0.049033 -0.017026
vertex 0.012053 0.047850 -0.018538
endloop
endfacet
facet normal -0.449714 -0.072886 -0.890194
outer loop
vertex 0.012053 0.047850 -0.018538
vertex 0.014308 0.045724 -0.019503
vertex 0.006188 0.046311 -0.015449
endloop
endfacet
facet normal -0.435130 -0.129965 -0.890938
outer loop
vertex 0.006188 0.046311 -0.015449
vertex 0.002245 0.049823 -0.014036
vertex 0.012053 0.047850 -0.018538
endloop
endfacet
facet normal -0.052650 0.781109 0.622171
outer loop
vertex -0.005420 0.046964 -0.010038
vertex 0.000103 0.048979 -0.012100
vertex -0.002039 0.048777 -0.012028
endloop
endfacet
facet normal -0.077936 0.942605 0.324686
outer loop
vertex -0.002039 0.048777 -0.012028
vertex 0.000103 0.048979 -0.012100
vertex 0.002245 0.049823 -0.014036
endloop
endfacet
facet normal 0.135461 0.844526 0.518099
outer loop
vertex 0.000103 0.048979 -0.012100
vertex 0.005935 0.049482 -0.014445
vertex 0.002245 0.049823 -0.014036
endloop
endfacet
facet normal 0.689764 0.489036 0.533919
outer loop
vertex 0.014308 0.045724 -0.019503
vertex 0.012053 0.047850 -0.018538
vertex 0.011799 0.045820 -0.016350
endloop
endfacet
facet normal 0.590403 0.556281 0.584787
outer loop
vertex 0.011799 0.045820 -0.016350
vertex 0.012053 0.047850 -0.018538
vertex 0.009441 0.049033 -0.017026
endloop
endfacet
facet normal 0.598203 0.559642 0.573546
outer loop
vertex 0.011799 0.045820 -0.016350
vertex 0.009441 0.049033 -0.017026
vertex 0.008759 0.047421 -0.014742
endloop
endfacet
facet normal 0.514954 0.620385 0.591561
outer loop
vertex 0.005935 0.049482 -0.014445
vertex 0.008759 0.047421 -0.014742
vertex 0.009441 0.049033 -0.017026
endloop
endfacet
facet normal 0.971695 -0.135602 0.193444
outer loop
vertex 0.011373 0.022631 -0.011213
vertex 0.011625 0.019287 -0.014821
vertex 0.013040 0.030030 -0.014397
endloop
endfacet
facet normal 0.920330 -0.135692 0.366852
outer loop
vertex 0.011625 0.019287 -0.014821
vertex 0.015224 0.032728 -0.018878
vertex 0.013040 0.030030 -0.014397
endloop
endfacet
facet normal 0.803422 0.144656 0.577571
outer loop
vertex 0.011176 0.033956 -0.011340
vertex 0.016213 0.039622 -0.019767
vertex 0.012893 0.041570 -0.015636
endloop
endfacet
facet normal 0.805934 0.173369 0.566050
outer loop
vertex 0.016213 0.039622 -0.019767
vertex 0.015685 0.042776 -0.019981
vertex 0.012893 0.041570 -0.015636
endloop
endfacet
facet normal 0.774508 0.269159 0.572442
outer loop
vertex 0.015685 0.042776 -0.019981
vertex 0.014308 0.045724 -0.019503
vertex 0.012893 0.041570 -0.015636
endloop
endfacet
facet normal 0.752536 0.292854 0.589853
outer loop
vertex 0.012893 0.041570 -0.015636
vertex 0.014308 0.045724 -0.019503
vertex 0.011799 0.045820 -0.016350
endloop
endfacet
facet normal 0.249979 0.609308 0.752498
outer loop
vertex 0.005935 0.049482 -0.014445
vertex 0.000103 0.048979 -0.012100
vertex 0.001885 0.041927 -0.006982
endloop
endfacet
facet normal -0.005799 0.722983 0.690842
outer loop
vertex 0.000103 0.048979 -0.012100
vertex -0.005420 0.046964 -0.010038
vertex -0.006319 0.044236 -0.007190
endloop
endfacet
facet normal -0.159777 0.737511 0.656162
outer loop
vertex -0.005420 0.046964 -0.010038
vertex -0.010163 0.042766 -0.006474
vertex -0.006319 0.044236 -0.007190
endloop
endfacet
facet normal 0.946852 0.020147 0.321038
outer loop
vertex 0.009737 0.026453 -0.006627
vertex 0.011373 0.022631 -0.011213
vertex 0.011176 0.033956 -0.011340
endloop
endfacet
facet normal 0.874842 -0.063655 0.480208
outer loop
vertex 0.016213 0.039622 -0.019767
vertex 0.011176 0.033956 -0.011340
vertex 0.015224 0.032728 -0.018878
endloop
endfacet
facet normal 0.844618 0.105621 0.524847
outer loop
vertex 0.006991 0.030650 -0.003940
vertex 0.011176 0.033956 -0.011340
vertex 0.012893 0.041570 -0.015636
endloop
endfacet
facet normal 0.703665 0.290160 0.648585
outer loop
vertex 0.004014 0.032941 -0.002142
vertex 0.012893 0.041570 -0.015636
vertex 0.011799 0.045820 -0.016350
endloop
endfacet
facet normal 0.437170 0.504566 0.744510
outer loop
vertex 0.008759 0.047421 -0.014742
vertex 0.001885 0.041927 -0.006982
vertex 0.004014 0.032941 -0.002142
endloop
endfacet
facet normal 0.586381 0.413783 0.696377
outer loop
vertex 0.004014 0.032941 -0.002142
vertex 0.011799 0.045820 -0.016350
vertex 0.008759 0.047421 -0.014742
endloop
endfacet
facet normal 0.578592 0.488763 0.652949
outer loop
vertex 0.000758 0.033284 0.000487
vertex 0.004014 0.032941 -0.002142
vertex 0.001885 0.041927 -0.006982
endloop
endfacet
facet normal 0.327886 0.592827 0.735559
outer loop
vertex -0.003712 0.033566 0.002251
vertex 0.000758 0.033284 0.000487
vertex 0.001885 0.041927 -0.006982
endloop
endfacet
facet normal 0.108765 0.662862 0.740800
outer loop
vertex 0.000103 0.048979 -0.012100
vertex -0.007182 0.033035 0.003236
vertex -0.003712 0.033566 0.002251
endloop
endfacet
facet normal -0.220500 0.678344 0.700878
outer loop
vertex -0.011517 0.031640 0.003868
vertex -0.010163 0.042766 -0.006474
vertex -0.013388 0.038218 -0.003086
endloop
endfacet
facet normal 0.865181 0.020742 0.501030
outer loop
vertex 0.013040 0.030030 -0.014397
vertex 0.011176 0.033956 -0.011340
vertex 0.011373 0.022631 -0.011213
endloop
endfacet
facet normal 0.817397 0.185819 0.545283
outer loop
vertex 0.009737 0.026453 -0.006627
vertex 0.011176 0.033956 -0.011340
vertex 0.006991 0.030650 -0.003940
endloop
endfacet
facet normal 0.883403 0.057377 0.465089
outer loop
vertex 0.013040 0.030030 -0.014397
vertex 0.015224 0.032728 -0.018878
vertex 0.011176 0.033956 -0.011340
endloop
endfacet
facet normal 0.665967 0.347201 0.660257
outer loop
vertex 0.012893 0.041570 -0.015636
vertex 0.004014 0.032941 -0.002142
vertex 0.006991 0.030650 -0.003940
endloop
endfacet
facet normal 0.442463 0.498911 0.745194
outer loop
vertex 0.001885 0.041927 -0.006982
vertex 0.008759 0.047421 -0.014742
vertex 0.005935 0.049482 -0.014445
endloop
endfacet
facet normal 0.301311 0.608778 0.733895
outer loop
vertex -0.003712 0.033566 0.002251
vertex 0.001885 0.041927 -0.006982
vertex 0.000103 0.048979 -0.012100
endloop
endfacet
facet normal 0.059896 0.677639 0.732951
outer loop
vertex 0.000103 0.048979 -0.012100
vertex -0.006319 0.044236 -0.007190
vertex -0.007182 0.033035 0.003236
endloop
endfacet
facet normal -0.113929 0.681593 0.722808
outer loop
vertex -0.006319 0.044236 -0.007190
vertex -0.011517 0.031640 0.003868
vertex -0.007182 0.033035 0.003236
endloop
endfacet
facet normal -0.127496 0.683560 0.718672
outer loop
vertex -0.011517 0.031640 0.003868
vertex -0.006319 0.044236 -0.007190
vertex -0.010163 0.042766 -0.006474
endloop
endfacet
facet normal -0.410683 0.604715 0.682393
outer loop
vertex -0.013388 0.038218 -0.003086
vertex -0.015483 0.033415 -0.000092
vertex -0.011517 0.031640 0.003868
endloop
endfacet
facet normal -0.406565 0.609638 0.680475
outer loop
vertex -0.015483 0.033415 -0.000092
vertex -0.015607 0.029511 0.003332
vertex -0.011517 0.031640 0.003868
endloop
endfacet
facet normal -0.922463 0.270722 0.275268
outer loop
vertex -0.015607 0.029511 0.003332
vertex -0.015483 0.033415 -0.000092
vertex -0.016139 0.028266 0.002774
endloop
endfacet
facet normal -0.906719 -0.023196 0.421097
outer loop
vertex -0.048341 -0.003245 -0.011148
vertex -0.049092 0.001331 -0.012511
vertex -0.049823 0.002245 -0.014036
endloop
endfacet
facet normal -0.859747 0.134059 0.492811
outer loop
vertex -0.049092 0.001331 -0.012511
vertex -0.049482 0.005935 -0.014445
vertex -0.049823 0.002245 -0.014036
endloop
endfacet
facet normal -0.489036 0.689764 0.533919
outer loop
vertex -0.045724 0.014308 -0.019503
vertex -0.047850 0.012053 -0.018538
vertex -0.045820 0.011799 -0.016350
endloop
endfacet
facet normal -0.556281 0.590403 0.584786
outer loop
vertex -0.045820 0.011799 -0.016350
vertex -0.047850 0.012053 -0.018538
vertex -0.049033 0.009441 -0.017026
endloop
endfacet
facet normal -0.559642 0.598203 0.573545
outer loop
vertex -0.045820 0.011799 -0.016350
vertex -0.049033 0.009441 -0.017026
vertex -0.047421 0.008759 -0.014742
endloop
endfacet
facet normal -0.620386 0.514954 0.591560
outer loop
vertex -0.049482 0.005935 -0.014445
vertex -0.047421 0.008759 -0.014742
vertex -0.049033 0.009441 -0.017026
endloop
endfacet
facet normal -0.275029 -0.544542 -0.792359
outer loop
vertex -0.010516 -0.016227 -0.017385
vertex -0.008439 -0.017715 -0.017083
vertex -0.011675 -0.018946 -0.015114
endloop
endfacet
facet normal -0.831379 -0.101781 -0.546306
outer loop
vertex -0.011675 -0.018946 -0.015114
vertex -0.013082 -0.017213 -0.013296
vertex -0.010516 -0.016227 -0.017385
endloop
endfacet
facet normal -0.573298 0.269263 -0.773839
outer loop
vertex -0.011661 -0.020297 -0.015594
vertex -0.011675 -0.018946 -0.015114
vertex -0.008439 -0.017715 -0.017083
endloop
endfacet
facet normal -0.401285 -0.027273 -0.915547
outer loop
vertex -0.010605 -0.020630 -0.016047
vertex -0.011661 -0.020297 -0.015594
vertex -0.008439 -0.017715 -0.017083
endloop
endfacet
facet normal -0.870081 -0.390080 -0.301325
outer loop
vertex -0.013082 -0.017213 -0.013296
vertex -0.011675 -0.018946 -0.015114
vertex -0.011382 -0.022594 -0.011238
endloop
endfacet
facet normal -0.998397 -0.027819 0.049294
outer loop
vertex -0.011675 -0.018946 -0.015114
vertex -0.011661 -0.020297 -0.015594
vertex -0.011382 -0.022594 -0.011238
endloop
endfacet
facet normal 0.424722 -0.899345 -0.103873
outer loop
vertex 0.014924 -0.029337 0.007253
vertex 0.009539 -0.031998 0.008279
vertex 0.010894 -0.031170 0.006648
endloop
endfacet
facet normal 0.383884 -0.904749 0.184561
outer loop
vertex 0.013700 -0.030553 0.003837
vertex 0.014924 -0.029337 0.007253
vertex 0.010894 -0.031170 0.006648
endloop
endfacet
facet normal 0.250824 -0.931208 -0.264461
outer loop
vertex 0.005614 -0.032300 0.005619
vertex 0.010894 -0.031170 0.006648
vertex 0.009539 -0.031998 0.008279
endloop
endfacet
facet normal 0.123480 -0.989883 -0.069887
outer loop
vertex 0.005614 -0.032300 0.005619
vertex 0.009539 -0.031998 0.008279
vertex 0.003325 -0.032705 0.007318
endloop
endfacet
facet normal 0.411529 -0.885327 0.216426
outer loop
vertex 0.010373 -0.032147 0.003640
vertex 0.013700 -0.030553 0.003837
vertex 0.010894 -0.031170 0.006648
endloop
endfacet
facet normal 0.200257 -0.888344 0.413209
outer loop
vertex 0.007279 -0.033045 0.003209
vertex 0.010373 -0.032147 0.003640
vertex 0.005614 -0.032300 0.005619
endloop
endfacet
facet normal 0.034336 -0.981574 -0.187973
outer loop
vertex 0.000949 -0.032155 0.004008
vertex 0.005614 -0.032300 0.005619
vertex 0.003325 -0.032705 0.007318
endloop
endfacet
facet normal -0.287597 -0.956580 0.047362
outer loop
vertex 0.000949 -0.032155 0.004008
vertex 0.003325 -0.032705 0.007318
vertex -0.003495 -0.030843 0.003514
endloop
endfacet
facet normal -0.300653 -0.903406 0.305721
outer loop
vertex -0.001518 -0.032470 0.000650
vertex 0.000949 -0.032155 0.004008
vertex -0.003495 -0.030843 0.003514
endloop
endfacet
facet normal -0.527408 -0.847495 -0.059941
outer loop
vertex -0.008170 -0.027978 -0.003225
vertex -0.005918 -0.029574 -0.000484
vertex -0.007634 -0.028625 0.001200
endloop
endfacet
facet normal -0.562271 -0.823130 0.079424
outer loop
vertex -0.003495 -0.030843 0.003514
vertex -0.005918 -0.029574 -0.000484
vertex -0.001518 -0.032470 0.000650
endloop
endfacet
facet normal -0.738084 -0.630874 0.239226
outer loop
vertex -0.005918 -0.029574 -0.000484
vertex -0.008170 -0.027978 -0.003225
vertex -0.004187 -0.031938 -0.001380
endloop
endfacet
facet normal -0.747540 -0.635147 -0.194354
outer loop
vertex -0.011378 -0.022901 -0.007478
vertex -0.008170 -0.027978 -0.003225
vertex -0.010543 -0.025274 -0.002938
endloop
endfacet
facet normal -0.841143 -0.451140 0.298246
outer loop
vertex -0.009906 -0.027669 -0.007652
vertex -0.006991 -0.030650 -0.003940
vertex -0.008170 -0.027978 -0.003225
endloop
endfacet
facet normal -0.950589 -0.309504 -0.024257
outer loop
vertex -0.011378 -0.022901 -0.007478
vertex -0.013082 -0.017213 -0.013296
vertex -0.011382 -0.022594 -0.011238
endloop
endfacet
facet normal -0.955439 -0.294290 -0.023009
outer loop
vertex -0.011382 -0.022594 -0.011238
vertex -0.009906 -0.027669 -0.007652
vertex -0.011378 -0.022901 -0.007478
endloop
endfacet
facet normal 0.147801 -0.947827 0.282453
outer loop
vertex 0.010894 -0.031170 0.006648
vertex 0.005614 -0.032300 0.005619
vertex 0.010373 -0.032147 0.003640
endloop
endfacet
facet normal -0.107834 -0.968374 0.224995
outer loop
vertex 0.005614 -0.032300 0.005619
vertex 0.000949 -0.032155 0.004008
vertex 0.007279 -0.033045 0.003209
endloop
endfacet
facet normal -0.044569 -0.823807 0.565116
outer loop
vertex 0.007279 -0.033045 0.003209
vertex 0.000949 -0.032155 0.004008
vertex 0.002869 -0.033643 0.001989
endloop
endfacet
facet normal -0.336611 -0.881882 0.330117
outer loop
vertex 0.000949 -0.032155 0.004008
vertex -0.001518 -0.032470 0.000650
vertex 0.002869 -0.033643 0.001989
endloop
endfacet
facet normal -0.476527 -0.879106 0.009694
outer loop
vertex -0.005918 -0.029574 -0.000484
vertex -0.003495 -0.030843 0.003514
vertex -0.007634 -0.028625 0.001200
endloop
endfacet
facet normal -0.751990 -0.659154 -0.005193
outer loop
vertex -0.007634 -0.028625 0.001200
vertex -0.010543 -0.025274 -0.002938
vertex -0.008170 -0.027978 -0.003225
endloop
endfacet
facet normal -0.550795 -0.616335 0.562811
outer loop
vertex -0.004187 -0.031938 -0.001380
vertex -0.001518 -0.032470 0.000650
vertex -0.005918 -0.029574 -0.000484
endloop
endfacet
facet normal -0.705231 -0.456472 0.542478
outer loop
vertex -0.006991 -0.030650 -0.003940
vertex -0.004187 -0.031938 -0.001380
vertex -0.008170 -0.027978 -0.003225
endloop
endfacet
facet normal -0.897844 -0.289457 0.331800
outer loop
vertex -0.008170 -0.027978 -0.003225
vertex -0.011378 -0.022901 -0.007478
vertex -0.009906 -0.027669 -0.007652
endloop
endfacet
facet normal -0.970993 -0.232127 0.057360
outer loop
vertex -0.010543 -0.025274 -0.002938
vertex -0.013082 -0.017213 -0.013296
vertex -0.011378 -0.022901 -0.007478
endloop
endfacet
facet normal 0.823830 -0.232337 -0.517034
outer loop
vertex 0.016743 -0.026665 0.003745
vertex 0.015471 -0.027563 0.002122
vertex 0.015627 -0.025375 0.001388
endloop
endfacet
facet normal 0.718893 0.190070 -0.668630
outer loop
vertex 0.016743 -0.026665 0.003745
vertex 0.016090 -0.029403 0.002264
vertex 0.015471 -0.027563 0.002122
endloop
endfacet
facet normal 0.974995 -0.221224 -0.021091
outer loop
vertex 0.016090 -0.029403 0.002264
vertex 0.016743 -0.026665 0.003745
vertex 0.016542 -0.027753 0.005889
endloop
endfacet
facet normal 0.700679 -0.713471 0.002974
outer loop
vertex 0.013700 -0.030553 0.003837
vertex 0.016542 -0.027753 0.005889
vertex 0.014924 -0.029337 0.007253
endloop
endfacet
facet normal 0.062025 0.887629 0.456363
outer loop
vertex 0.016542 -0.027753 0.005889
vertex 0.016743 -0.026665 0.003745
vertex 0.015627 -0.025375 0.001388
endloop
endfacet
facet normal 0.560998 -0.777621 0.283877
outer loop
vertex 0.013700 -0.030553 0.003837
vertex 0.016090 -0.029403 0.002264
vertex 0.016542 -0.027753 0.005889
endloop
endfacet
facet normal 0.270869 -0.494985 -0.825603
outer loop
vertex -0.008439 -0.017715 -0.017083
vertex -0.004314 -0.020875 -0.013836
vertex -0.010605 -0.020630 -0.016047
endloop
endfacet
facet normal 0.224980 -0.663282 -0.713751
outer loop
vertex 0.001915 -0.026501 -0.006644
vertex -0.010605 -0.020630 -0.016047
vertex -0.004314 -0.020875 -0.013836
endloop
endfacet
facet normal 0.340158 -0.574763 -0.744272
outer loop
vertex -0.004314 -0.020875 -0.013836
vertex 0.004103 -0.024895 -0.006885
vertex 0.001915 -0.026501 -0.006644
endloop
endfacet
facet normal 0.539495 -0.099965 -0.836033
outer loop
vertex 0.001915 -0.026501 -0.006644
vertex 0.007634 -0.029669 -0.002575
vertex -0.003416 -0.026937 -0.010032
endloop
endfacet
facet normal 0.547784 -0.301050 -0.780578
outer loop
vertex 0.004103 -0.024895 -0.006885
vertex 0.015627 -0.025375 0.001388
vertex 0.015471 -0.027563 0.002122
endloop
endfacet
facet normal 0.533117 -0.114360 -0.838277
outer loop
vertex 0.001915 -0.026501 -0.006644
vertex 0.015471 -0.027563 0.002122
vertex 0.007634 -0.029669 -0.002575
endloop
endfacet
facet normal 0.491927 0.098612 -0.865034
outer loop
vertex 0.016090 -0.029403 0.002264
vertex 0.007634 -0.029669 -0.002575
vertex 0.015471 -0.027563 0.002122
endloop
endfacet
facet normal 0.538323 -0.172959 -0.824799
outer loop
vertex -0.003416 -0.026937 -0.010032
vertex -0.010605 -0.020630 -0.016047
vertex 0.001915 -0.026501 -0.006644
endloop
endfacet
facet normal 0.387132 -0.628335 -0.674776
outer loop
vertex 0.004103 -0.024895 -0.006885
vertex 0.015471 -0.027563 0.002122
vertex 0.001915 -0.026501 -0.006644
endloop
endfacet
facet normal -0.232336 -0.823830 -0.517033
outer loop
vertex -0.026665 -0.016743 0.003745
vertex -0.027563 -0.015471 0.002122
vertex -0.025375 -0.015627 0.001388
endloop
endfacet
facet normal 0.190083 -0.718889 -0.668631
outer loop
vertex -0.026665 -0.016743 0.003745
vertex -0.029403 -0.016090 0.002264
vertex -0.027563 -0.015471 0.002122
endloop
endfacet
facet normal -0.221224 -0.974995 -0.021092
outer loop
vertex -0.029403 -0.016090 0.002264
vertex -0.026665 -0.016743 0.003745
vertex -0.027753 -0.016542 0.005889
endloop
endfacet
facet normal -0.689063 -0.722444 0.057160
outer loop
vertex -0.029880 -0.014681 0.003777
vertex -0.027753 -0.016542 0.005889
vertex -0.029337 -0.014924 0.007253
endloop
endfacet
facet normal 0.887628 -0.062026 0.456365
outer loop
vertex -0.027753 -0.016542 0.005889
vertex -0.026665 -0.016743 0.003745
vertex -0.025375 -0.015627 0.001388
endloop
endfacet
facet normal -0.775069 -0.565374 0.282169
outer loop
vertex -0.029880 -0.014681 0.003777
vertex -0.029403 -0.016090 0.002264
vertex -0.027753 -0.016542 0.005889
endloop
endfacet
facet normal -0.227855 0.858558 -0.459304
outer loop
vertex 0.027787 0.016329 0.003614
vertex 0.029901 0.015974 0.001902
vertex 0.027563 0.015471 0.002122
endloop
endfacet
facet normal 0.360326 0.807072 -0.467762
outer loop
vertex 0.026248 0.017508 0.004624
vertex 0.027563 0.015471 0.002122
vertex 0.025222 0.016680 0.002404
endloop
endfacet
facet normal 0.287455 0.811129 -0.509352
outer loop
vertex 0.026248 0.017508 0.004624
vertex 0.027787 0.016329 0.003614
vertex 0.027563 0.015471 0.002122
endloop
endfacet
facet normal 0.830177 0.539212 -0.141620
outer loop
vertex 0.031167 0.011526 0.005045
vertex 0.028100 0.016207 0.004890
vertex 0.029337 0.014924 0.007253
endloop
endfacet
facet normal 0.617041 0.783151 -0.077043
outer loop
vertex 0.030959 0.013807 0.003391
vertex 0.027787 0.016329 0.003614
vertex 0.028100 0.016207 0.004890
endloop
endfacet
facet normal 0.579856 0.812108 -0.065167
outer loop
vertex 0.028100 0.016207 0.004890
vertex 0.027787 0.016329 0.003614
vertex 0.026248 0.017508 0.004624
endloop
endfacet
facet normal 0.552855 0.818677 0.155300
outer loop
vertex 0.026248 0.017508 0.004624
vertex 0.029337 0.014924 0.007253
vertex 0.028100 0.016207 0.004890
endloop
endfacet
facet normal 0.685245 0.467505 0.558461
outer loop
vertex 0.028100 0.016207 0.004890
vertex 0.031167 0.011526 0.005045
vertex 0.030959 0.013807 0.003391
endloop
endfacet
facet normal 0.253335 0.656599 -0.710422
outer loop
vertex 0.025222 0.016680 0.002404
vertex 0.027563 0.015471 0.002122
vertex 0.025239 0.014086 0.000013
endloop
endfacet
facet normal 0.639662 0.116170 -0.759827
outer loop
vertex 0.018828 -0.009538 -0.016358
vertex 0.017086 -0.008771 -0.017707
vertex 0.020875 -0.004314 -0.013836
endloop
endfacet
facet normal 0.312263 0.311050 -0.897630
outer loop
vertex 0.018828 -0.009538 -0.016358
vertex 0.020875 -0.004314 -0.013836
vertex 0.020685 -0.010584 -0.016074
endloop
endfacet
facet normal 0.668082 0.232160 -0.706943
outer loop
vertex 0.026392 0.002511 -0.006381
vertex 0.020685 -0.010584 -0.016074
vertex 0.020875 -0.004314 -0.013836
endloop
endfacet
facet normal 0.593277 0.324912 -0.736515
outer loop
vertex 0.020875 -0.004314 -0.013836
vertex 0.024895 0.004103 -0.006885
vertex 0.026392 0.002511 -0.006381
endloop
endfacet
facet normal 0.240820 0.507464 -0.827336
outer loop
vertex 0.020685 -0.010584 -0.016074
vertex 0.026392 0.002511 -0.006381
vertex 0.026879 -0.002441 -0.009277
endloop
endfacet
facet normal 0.387001 0.515099 -0.764790
outer loop
vertex 0.024895 0.004103 -0.006885
vertex 0.025239 0.014086 0.000013
vertex 0.027563 0.015471 0.002122
endloop
endfacet
facet normal 0.131973 0.535415 -0.834215
outer loop
vertex 0.026392 0.002511 -0.006381
vertex 0.027563 0.015471 0.002122
vertex 0.029669 0.007634 -0.002575
endloop
endfacet
facet normal -0.182179 0.468980 -0.864215
outer loop
vertex 0.029901 0.015974 0.001902
vertex 0.029669 0.007634 -0.002575
vertex 0.027563 0.015471 0.002122
endloop
endfacet
facet normal 0.633777 0.383472 -0.671770
outer loop
vertex 0.024895 0.004103 -0.006885
vertex 0.027563 0.015471 0.002122
vertex 0.026392 0.002511 -0.006381
endloop
endfacet
facet normal 0.180401 0.509660 -0.841251
outer loop
vertex 0.029669 0.007634 -0.002575
vertex 0.026879 -0.002441 -0.009277
vertex 0.026392 0.002511 -0.006381
endloop
endfacet
facet normal -0.156850 -0.508560 -0.846620
outer loop
vertex 0.020685 -0.010584 -0.016074
vertex 0.019391 -0.011588 -0.015231
vertex 0.018828 -0.009538 -0.016358
endloop
endfacet
facet normal 0.129639 -0.850195 -0.510257
outer loop
vertex 0.019391 -0.011588 -0.015231
vertex 0.017213 -0.013082 -0.013296
vertex 0.016236 -0.011245 -0.016604
endloop
endfacet
facet normal 0.307690 -0.473558 -0.825270
outer loop
vertex 0.016236 -0.011245 -0.016604
vertex 0.017086 -0.008771 -0.017707
vertex 0.019391 -0.011588 -0.015231
endloop
endfacet
facet normal 0.492236 -0.311613 -0.812774
outer loop
vertex 0.019391 -0.011588 -0.015231
vertex 0.017086 -0.008771 -0.017707
vertex 0.018828 -0.009538 -0.016358
endloop
endfacet
facet normal 0.379478 -0.888345 -0.258536
outer loop
vertex 0.017213 -0.013082 -0.013296
vertex 0.019391 -0.011588 -0.015231
vertex 0.022594 -0.011382 -0.011238
endloop
endfacet
facet normal 0.898728 0.430730 0.082213
outer loop
vertex 0.031167 0.011526 0.005045
vertex 0.029337 0.014924 0.007253
vertex 0.031761 0.009751 0.007851
endloop
endfacet
facet normal 0.989051 0.146697 -0.016067
outer loop
vertex 0.032319 0.005681 0.005050
vertex 0.031761 0.009751 0.007851
vertex 0.032705 0.003325 0.007318
endloop
endfacet
facet normal 0.876767 0.332121 0.347815
outer loop
vertex 0.033102 0.008419 0.003135
vertex 0.030959 0.013807 0.003391
vertex 0.031167 0.011526 0.005045
endloop
endfacet
facet normal 0.986178 0.002220 -0.165674
outer loop
vertex 0.032155 0.000949 0.004008
vertex 0.032319 0.005681 0.005050
vertex 0.032705 0.003325 0.007318
endloop
endfacet
facet normal 0.956580 -0.287597 0.047358
outer loop
vertex 0.032155 0.000949 0.004008
vertex 0.032705 0.003325 0.007318
vertex 0.030843 -0.003495 0.003514
endloop
endfacet
facet normal 0.903406 -0.300651 0.305723
outer loop
vertex 0.032470 -0.001518 0.000650
vertex 0.032155 0.000949 0.004008
vertex 0.030843 -0.003495 0.003514
endloop
endfacet
facet normal 0.847495 -0.527408 -0.059940
outer loop
vertex 0.027978 -0.008170 -0.003225
vertex 0.029574 -0.005918 -0.000484
vertex 0.028625 -0.007634 0.001200
endloop
endfacet
facet normal 0.823130 -0.562271 0.079424
outer loop
vertex 0.030843 -0.003495 0.003514
vertex 0.029574 -0.005918 -0.000484
vertex 0.032470 -0.001518 0.000650
endloop
endfacet
facet normal 0.630875 -0.738084 0.239226
outer loop
vertex 0.029574 -0.005918 -0.000484
vertex 0.027978 -0.008170 -0.003225
vertex 0.031938 -0.004187 -0.001380
endloop
endfacet
facet normal 0.635146 -0.747540 -0.194354
outer loop
vertex 0.022901 -0.011378 -0.007478
vertex 0.027978 -0.008170 -0.003225
vertex 0.025274 -0.010543 -0.002938
endloop
endfacet
facet normal 0.451140 -0.841143 0.298246
outer loop
vertex 0.027669 -0.009906 -0.007652
vertex 0.030650 -0.006991 -0.003940
vertex 0.027978 -0.008170 -0.003225
endloop
endfacet
facet normal 0.309505 -0.950588 -0.024257
outer loop
vertex 0.022901 -0.011378 -0.007478
vertex 0.017213 -0.013082 -0.013296
vertex 0.022594 -0.011382 -0.011238
endloop
endfacet
facet normal 0.294290 -0.955439 -0.023009
outer loop
vertex 0.022594 -0.011382 -0.011238
vertex 0.027669 -0.009906 -0.007652
vertex 0.022901 -0.011378 -0.007478
endloop
endfacet
facet normal 0.977579 0.192614 -0.085089
outer loop
vertex 0.031761 0.009751 0.007851
vertex 0.032319 0.005681 0.005050
vertex 0.031167 0.011526 0.005045
endloop
endfacet
facet normal 0.811947 0.160542 0.561221
outer loop
vertex 0.031167 0.011526 0.005045
vertex 0.032319 0.005681 0.005050
vertex 0.033102 0.008419 0.003135
endloop
endfacet
facet normal 0.920888 0.009423 0.389713
outer loop
vertex 0.032319 0.005681 0.005050
vertex 0.033643 0.002869 0.001989
vertex 0.033102 0.008419 0.003135
endloop
endfacet
facet normal 0.855702 -0.139523 0.498304
outer loop
vertex 0.032319 0.005681 0.005050
vertex 0.032155 0.000949 0.004008
vertex 0.033643 0.002869 0.001989
endloop
endfacet
facet normal 0.881882 -0.336611 0.330116
outer loop
vertex 0.032155 0.000949 0.004008
vertex 0.032470 -0.001518 0.000650
vertex 0.033643 0.002869 0.001989
endloop
endfacet
facet normal 0.879106 -0.476528 0.009693
outer loop
vertex 0.029574 -0.005918 -0.000484
vertex 0.030843 -0.003495 0.003514
vertex 0.028625 -0.007634 0.001200
endloop
endfacet
facet normal 0.659154 -0.751990 -0.005193
outer loop
vertex 0.028625 -0.007634 0.001200
vertex 0.025274 -0.010543 -0.002938
vertex 0.027978 -0.008170 -0.003225
endloop
endfacet
facet normal 0.616334 -0.550796 0.562811
outer loop
vertex 0.031938 -0.004187 -0.001380
vertex 0.032470 -0.001518 0.000650
vertex 0.029574 -0.005918 -0.000484
endloop
endfacet
facet normal 0.456472 -0.705232 0.542477
outer loop
vertex 0.030650 -0.006991 -0.003940
vertex 0.031938 -0.004187 -0.001380
vertex 0.027978 -0.008170 -0.003225
endloop
endfacet
facet normal 0.289457 -0.897844 0.331800
outer loop
vertex 0.027978 -0.008170 -0.003225
vertex 0.022901 -0.011378 -0.007478
vertex 0.027669 -0.009906 -0.007652
endloop
endfacet
facet normal 0.232125 -0.970993 0.057360
outer loop
vertex 0.025274 -0.010543 -0.002938
vertex 0.017213 -0.013082 -0.013296
vertex 0.022901 -0.011378 -0.007478
endloop
endfacet
facet normal -0.639663 -0.116169 -0.759827
outer loop
vertex -0.018828 0.009538 -0.016358
vertex -0.017086 0.008771 -0.017707
vertex -0.020875 0.004314 -0.013836
endloop
endfacet
facet normal -0.312262 -0.311051 -0.897630
outer loop
vertex -0.018828 0.009538 -0.016358
vertex -0.020875 0.004314 -0.013836
vertex -0.020685 0.010584 -0.016074
endloop
endfacet
facet normal -0.668082 -0.232160 -0.706943
outer loop
vertex -0.026392 -0.002511 -0.006381
vertex -0.020685 0.010584 -0.016074
vertex -0.020875 0.004314 -0.013836
endloop
endfacet
facet normal -0.593276 -0.324913 -0.736515
outer loop
vertex -0.020875 0.004314 -0.013836
vertex -0.024895 -0.004103 -0.006885
vertex -0.026392 -0.002511 -0.006381
endloop
endfacet
facet normal -0.240820 -0.507464 -0.827336
outer loop
vertex -0.020685 0.010584 -0.016074
vertex -0.026392 -0.002511 -0.006381
vertex -0.026879 0.002441 -0.009277
endloop
endfacet
facet normal -0.301049 -0.547784 -0.780578
outer loop
vertex -0.024895 -0.004103 -0.006885
vertex -0.025375 -0.015627 0.001388
vertex -0.027563 -0.015471 0.002122
endloop
endfacet
facet normal -0.131973 -0.535415 -0.834215
outer loop
vertex -0.026392 -0.002511 -0.006381
vertex -0.027563 -0.015471 0.002122
vertex -0.029669 -0.007634 -0.002575
endloop
endfacet
facet normal 0.098631 -0.491922 -0.865035
outer loop
vertex -0.029403 -0.016090 0.002264
vertex -0.029669 -0.007634 -0.002575
vertex -0.027563 -0.015471 0.002122
endloop
endfacet
facet normal -0.633778 -0.383472 -0.671770
outer loop
vertex -0.024895 -0.004103 -0.006885
vertex -0.027563 -0.015471 0.002122
vertex -0.026392 -0.002511 -0.006381
endloop
endfacet
facet normal -0.180401 -0.509660 -0.841251
outer loop
vertex -0.029669 -0.007634 -0.002575
vertex -0.026879 0.002441 -0.009277
vertex -0.026392 -0.002511 -0.006381
endloop
endfacet
facet normal 0.133957 0.474272 -0.870128
outer loop
vertex -0.020685 0.010584 -0.016074
vertex -0.019534 0.011361 -0.015474
vertex -0.018828 0.009538 -0.016358
endloop
endfacet
facet normal -0.165355 0.840743 -0.515567
outer loop
vertex -0.019676 0.011666 -0.014815
vertex -0.017213 0.013082 -0.013296
vertex -0.016236 0.011245 -0.016604
endloop
endfacet
facet normal -0.119110 0.890834 -0.438438
outer loop
vertex -0.019676 0.011666 -0.014815
vertex -0.016236 0.011245 -0.016604
vertex -0.019534 0.011361 -0.015474
endloop
endfacet
facet normal -0.271840 0.468148 -0.840798
outer loop
vertex -0.016236 0.011245 -0.016604
vertex -0.017086 0.008771 -0.017707
vertex -0.019534 0.011361 -0.015474
endloop
endfacet
facet normal -0.550790 0.181870 -0.814588
outer loop
vertex -0.019534 0.011361 -0.015474
vertex -0.017086 0.008771 -0.017707
vertex -0.018828 0.009538 -0.016358
endloop
endfacet
facet normal -0.372756 0.898258 -0.232779
outer loop
vertex -0.017213 0.013082 -0.013296
vertex -0.019676 0.011666 -0.014815
vertex -0.022631 0.011373 -0.011213
endloop
endfacet
facet normal -0.916185 -0.398764 0.039899
outer loop
vertex -0.029337 -0.014924 0.007253
vertex -0.031894 -0.009005 0.007676
vertex -0.031225 -0.010747 0.005641
endloop
endfacet
facet normal -0.921155 -0.370839 0.118113
outer loop
vertex -0.029880 -0.014681 0.003777
vertex -0.029337 -0.014924 0.007253
vertex -0.031225 -0.010747 0.005641
endloop
endfacet
facet normal -0.988701 -0.143845 -0.042178
outer loop
vertex -0.032300 -0.005614 0.005619
vertex -0.031894 -0.009005 0.007676
vertex -0.032705 -0.003325 0.007318
endloop
endfacet
facet normal -0.896204 -0.292289 0.333745
outer loop
vertex -0.032990 -0.008017 0.003293
vertex -0.031597 -0.011882 0.003649
vertex -0.031225 -0.010747 0.005641
endloop
endfacet
facet normal -0.875813 -0.181449 0.447245
outer loop
vertex -0.032990 -0.008017 0.003293
vertex -0.031225 -0.010747 0.005641
vertex -0.032300 -0.005614 0.005619
endloop
endfacet
facet normal -0.979349 -0.024498 -0.200690
outer loop
vertex -0.032114 -0.000717 0.004115
vertex -0.032300 -0.005614 0.005619
vertex -0.032705 -0.003325 0.007318
endloop
endfacet
facet normal -0.952636 0.296881 0.065930
outer loop
vertex -0.032114 -0.000717 0.004115
vertex -0.032705 -0.003325 0.007318
vertex -0.030843 0.003495 0.003514
endloop
endfacet
facet normal -0.922794 0.288221 0.255696
outer loop
vertex -0.032127 0.001402 0.001679
vertex -0.033566 -0.003712 0.002251
vertex -0.032114 -0.000717 0.004115
endloop
endfacet
facet normal -0.847495 0.527408 -0.059940
outer loop
vertex -0.027978 0.008170 -0.003225
vertex -0.029574 0.005918 -0.000484
vertex -0.028625 0.007634 0.001200
endloop
endfacet
facet normal -0.863703 0.503068 0.030667
outer loop
vertex -0.030843 0.003495 0.003514
vertex -0.029574 0.005918 -0.000484
vertex -0.032127 0.001402 0.001679
endloop
endfacet
facet normal -0.716501 0.586232 0.378099
outer loop
vertex -0.032127 0.001402 0.001679
vertex -0.029574 0.005918 -0.000484
vertex -0.033284 0.000758 0.000487
endloop
endfacet
facet normal -0.630875 0.738084 0.239226
outer loop
vertex -0.029574 0.005918 -0.000484
vertex -0.027978 0.008170 -0.003225
vertex -0.031938 0.004187 -0.001380
endloop
endfacet
facet normal -0.611228 0.786518 0.088258
outer loop
vertex -0.026453 0.009737 -0.006627
vertex -0.027978 0.008170 -0.003225
vertex -0.023597 0.011751 -0.004797
endloop
endfacet
facet normal -0.440679 0.873939 0.205017
outer loop
vertex -0.026453 0.009737 -0.006627
vertex -0.030650 0.006991 -0.003940
vertex -0.027978 0.008170 -0.003225
endloop
endfacet
facet normal -0.515739 0.847196 -0.127562
outer loop
vertex -0.022631 0.011373 -0.011213
vertex -0.026453 0.009737 -0.006627
vertex -0.023597 0.011751 -0.004797
endloop
endfacet
facet normal -0.335784 0.935990 -0.105693
outer loop
vertex -0.023597 0.011751 -0.004797
vertex -0.017213 0.013082 -0.013296
vertex -0.022631 0.011373 -0.011213
endloop
endfacet
facet normal -0.968370 -0.203455 -0.144446
outer loop
vertex -0.031894 -0.009005 0.007676
vertex -0.032300 -0.005614 0.005619
vertex -0.031225 -0.010747 0.005641
endloop
endfacet
facet normal -0.785626 -0.463057 0.410329
outer loop
vertex -0.029880 -0.014681 0.003777
vertex -0.031225 -0.010747 0.005641
vertex -0.031597 -0.011882 0.003649
endloop
endfacet
facet normal -0.976935 0.095676 0.190904
outer loop
vertex -0.032300 -0.005614 0.005619
vertex -0.032114 -0.000717 0.004115
vertex -0.032990 -0.008017 0.003293
endloop
endfacet
facet normal -0.812697 0.031942 0.581810
outer loop
vertex -0.032990 -0.008017 0.003293
vertex -0.032114 -0.000717 0.004115
vertex -0.033566 -0.003712 0.002251
endloop
endfacet
facet normal -0.760310 0.279547 0.586329
outer loop
vertex -0.033284 0.000758 0.000487
vertex -0.033566 -0.003712 0.002251
vertex -0.032127 0.001402 0.001679
endloop
endfacet
facet normal -0.908010 0.313652 0.277740
outer loop
vertex -0.032114 -0.000717 0.004115
vertex -0.030843 0.003495 0.003514
vertex -0.032127 0.001402 0.001679
endloop
endfacet
facet normal -0.879105 0.476529 0.009694
outer loop
vertex -0.029574 0.005918 -0.000484
vertex -0.030843 0.003495 0.003514
vertex -0.028625 0.007634 0.001200
endloop
endfacet
facet normal -0.632565 0.774506 0.001422
outer loop
vertex -0.028625 0.007634 0.001200
vertex -0.023597 0.011751 -0.004797
vertex -0.027978 0.008170 -0.003225
endloop
endfacet
facet normal -0.615888 0.549056 0.564995
outer loop
vertex -0.031938 0.004187 -0.001380
vertex -0.033284 0.000758 0.000487
vertex -0.029574 0.005918 -0.000484
endloop
endfacet
facet normal -0.456472 0.705232 0.542477
outer loop
vertex -0.030650 0.006991 -0.003940
vertex -0.031938 0.004187 -0.001380
vertex -0.027978 0.008170 -0.003225
endloop
endfacet
facet normal -0.757905 0.476491 -0.445574
outer loop
vertex -0.015359 0.027120 0.002049
vertex -0.016690 0.024741 0.001769
vertex -0.017438 0.026414 0.004831
endloop
endfacet
facet normal -0.775920 -0.139113 -0.615301
outer loop
vertex -0.017438 0.026414 0.004831
vertex -0.016139 0.028266 0.002774
vertex -0.015359 0.027120 0.002049
endloop
endfacet
facet normal -0.815455 0.578789 0.006048
outer loop
vertex -0.016244 0.028092 0.005207
vertex -0.016139 0.028266 0.002774
vertex -0.017438 0.026414 0.004831
endloop
endfacet
facet normal -0.613074 0.785726 -0.082314
outer loop
vertex -0.011517 0.031640 0.003868
vertex -0.016244 0.028092 0.005207
vertex -0.014924 0.029337 0.007253
endloop
endfacet
facet normal -0.917695 0.397126 -0.011298
outer loop
vertex -0.015607 0.029511 0.003332
vertex -0.016139 0.028266 0.002774
vertex -0.016244 0.028092 0.005207
endloop
endfacet
facet normal -0.460504 0.776146 0.430735
outer loop
vertex -0.015607 0.029511 0.003332
vertex -0.016244 0.028092 0.005207
vertex -0.011517 0.031640 0.003868
endloop
endfacet
facet normal -0.818904 0.537361 0.201592
outer loop
vertex -0.017438 0.026414 0.004831
vertex -0.014924 0.029337 0.007253
vertex -0.016244 0.028092 0.005207
endloop
endfacet
facet normal -0.424722 0.899345 -0.103872
outer loop
vertex -0.014924 0.029337 0.007253
vertex -0.009539 0.031998 0.008279
vertex -0.010894 0.031170 0.006648
endloop
endfacet
facet normal -0.372938 0.897483 0.235459
outer loop
vertex -0.011517 0.031640 0.003868
vertex -0.014924 0.029337 0.007253
vertex -0.010894 0.031170 0.006648
endloop
endfacet
facet normal -0.250824 0.931207 -0.264464
outer loop
vertex -0.005614 0.032300 0.005619
vertex -0.010894 0.031170 0.006648
vertex -0.009539 0.031998 0.008279
endloop
endfacet
facet normal -0.123479 0.989883 -0.069887
outer loop
vertex -0.005614 0.032300 0.005619
vertex -0.009539 0.031998 0.008279
vertex -0.003325 0.032705 0.007318
endloop
endfacet
facet normal -0.222403 0.880761 0.418086
outer loop
vertex -0.007182 0.033035 0.003236
vertex -0.011517 0.031640 0.003868
vertex -0.005614 0.032300 0.005619
endloop
endfacet
facet normal -0.024497 0.979348 -0.200692
outer loop
vertex -0.000717 0.032114 0.004115
vertex -0.005614 0.032300 0.005619
vertex -0.003325 0.032705 0.007318
endloop
endfacet
facet normal 0.296880 0.952636 0.065935
outer loop
vertex -0.000717 0.032114 0.004115
vertex -0.003325 0.032705 0.007318
vertex 0.003495 0.030843 0.003514
endloop
endfacet
facet normal 0.288221 0.922794 0.255696
outer loop
vertex 0.001402 0.032127 0.001679
vertex -0.003712 0.033566 0.002251
vertex -0.000717 0.032114 0.004115
endloop
endfacet
facet normal 0.527408 0.847495 -0.059941
outer loop
vertex 0.008170 0.027978 -0.003225
vertex 0.005918 0.029574 -0.000484
vertex 0.007634 0.028625 0.001200
endloop
endfacet
facet normal 0.503067 0.863703 0.030666
outer loop
vertex 0.003495 0.030843 0.003514
vertex 0.005918 0.029574 -0.000484
vertex 0.001402 0.032127 0.001679
endloop
endfacet
facet normal 0.586233 0.716501 0.378098
outer loop
vertex 0.001402 0.032127 0.001679
vertex 0.005918 0.029574 -0.000484
vertex 0.000758 0.033284 0.000487
endloop
endfacet
facet normal 0.763614 0.575719 0.292303
outer loop
vertex 0.005918 0.029574 -0.000484
vertex 0.008170 0.027978 -0.003225
vertex 0.004014 0.032941 -0.002142
endloop
endfacet
facet normal 0.748319 0.661595 0.048072
outer loop
vertex 0.009737 0.026453 -0.006627
vertex 0.008170 0.027978 -0.003225
vertex 0.010543 0.025274 -0.002938
endloop
endfacet
facet normal 0.873939 0.440679 0.205017
outer loop
vertex 0.009737 0.026453 -0.006627
vertex 0.006991 0.030650 -0.003940
vertex 0.008170 0.027978 -0.003225
endloop
endfacet
facet normal 0.887924 0.457514 -0.047659
outer loop
vertex 0.009737 0.026453 -0.006627
vertex 0.010543 0.025274 -0.002938
vertex 0.013308 0.019149 -0.010222
endloop
endfacet
facet normal 0.880645 0.467706 -0.075595
outer loop
vertex 0.011373 0.022631 -0.011213
vertex 0.009737 0.026453 -0.006627
vertex 0.013308 0.019149 -0.010222
endloop
endfacet
facet normal 0.866658 0.394619 -0.305254
outer loop
vertex 0.013308 0.019149 -0.010222
vertex 0.011625 0.019287 -0.014821
vertex 0.011373 0.022631 -0.011213
endloop
endfacet
facet normal -0.167423 0.965209 0.200851
outer loop
vertex -0.010894 0.031170 0.006648
vertex -0.005614 0.032300 0.005619
vertex -0.011517 0.031640 0.003868
endloop
endfacet
facet normal 0.106776 0.967746 0.228179
outer loop
vertex -0.005614 0.032300 0.005619
vertex -0.000717 0.032114 0.004115
vertex -0.007182 0.033035 0.003236
endloop
endfacet
facet normal 0.038163 0.817095 0.575238
outer loop
vertex -0.007182 0.033035 0.003236
vertex -0.000717 0.032114 0.004115
vertex -0.003712 0.033566 0.002251
endloop
endfacet
facet normal 0.279546 0.760310 0.586330
outer loop
vertex 0.000758 0.033284 0.000487
vertex -0.003712 0.033566 0.002251
vertex 0.001402 0.032127 0.001679
endloop
endfacet
facet normal 0.313652 0.908011 0.277739
outer loop
vertex -0.000717 0.032114 0.004115
vertex 0.003495 0.030843 0.003514
vertex 0.001402 0.032127 0.001679
endloop
endfacet
facet normal 0.476527 0.879106 0.009692
outer loop
vertex 0.005918 0.029574 -0.000484
vertex 0.003495 0.030843 0.003514
vertex 0.007634 0.028625 0.001200
endloop
endfacet
facet normal 0.751990 0.659154 -0.005193
outer loop
vertex 0.007634 0.028625 0.001200
vertex 0.010543 0.025274 -0.002938
vertex 0.008170 0.027978 -0.003225
endloop
endfacet
facet normal 0.540867 0.597408 0.592087
outer loop
vertex 0.004014 0.032941 -0.002142
vertex 0.000758 0.033284 0.000487
vertex 0.005918 0.029574 -0.000484
endloop
endfacet
facet normal 0.690127 0.455189 0.562608
outer loop
vertex 0.006991 0.030650 -0.003940
vertex 0.004014 0.032941 -0.002142
vertex 0.008170 0.027978 -0.003225
endloop
endfacet
facet normal 0.891216 -0.119621 -0.437521
outer loop
vertex 0.010960 0.018265 -0.015897
vertex 0.011197 0.021409 -0.016273
vertex 0.011625 0.019287 -0.014821
endloop
endfacet
facet normal 0.543356 0.234806 -0.805996
outer loop
vertex 0.008635 0.017034 -0.017823
vertex 0.010960 0.018265 -0.015897
vertex 0.012083 0.016224 -0.015735
endloop
endfacet
facet normal 0.437662 0.418470 -0.795824
outer loop
vertex 0.008635 0.017034 -0.017823
vertex 0.009583 0.018892 -0.016325
vertex 0.010960 0.018265 -0.015897
endloop
endfacet
facet normal 0.915171 0.234504 -0.327825
outer loop
vertex 0.012083 0.016224 -0.015735
vertex 0.011625 0.019287 -0.014821
vertex 0.013308 0.019149 -0.010222
endloop
endfacet
facet normal 0.653396 0.304340 -0.693146
outer loop
vertex 0.011625 0.019287 -0.014821
vertex 0.012083 0.016224 -0.015735
vertex 0.010960 0.018265 -0.015897
endloop
endfacet
facet normal 0.238212 -0.133002 -0.962063
outer loop
vertex 0.010960 0.018265 -0.015897
vertex 0.009583 0.018892 -0.016325
vertex 0.011197 0.021409 -0.016273
endloop
endfacet
facet normal -0.435654 0.296736 -0.849796
outer loop
vertex 0.011197 0.021409 -0.016273
vertex 0.009583 0.018892 -0.016325
vertex 0.005046 0.021870 -0.012959
endloop
endfacet
facet normal -0.118096 0.659272 -0.742572
outer loop
vertex 0.009583 0.018892 -0.016325
vertex 0.008635 0.017034 -0.017823
vertex 0.005046 0.021870 -0.012959
endloop
endfacet
facet normal 0.017388 0.715432 -0.698466
outer loop
vertex 0.005046 0.021870 -0.012959
vertex 0.008635 0.017034 -0.017823
vertex 0.004000 0.020629 -0.014256
endloop
endfacet
facet normal -0.391563 0.468591 -0.791897
outer loop
vertex 0.011197 0.021409 -0.016273
vertex 0.005046 0.021870 -0.012959
vertex -0.002019 0.024602 -0.007849
endloop
endfacet
facet normal -0.548150 0.179481 -0.816895
outer loop
vertex -0.008946 0.026844 -0.002315
vertex -0.015359 0.027120 0.002049
vertex -0.007634 0.029669 -0.002575
endloop
endfacet
facet normal -0.543994 0.151715 -0.825259
outer loop
vertex -0.016139 0.028266 0.002774
vertex -0.007634 0.029669 -0.002575
vertex -0.015359 0.027120 0.002049
endloop
endfacet
facet normal -0.148801 0.771731 -0.618295
outer loop
vertex 0.004000 0.020629 -0.014256
vertex -0.002019 0.024602 -0.007849
vertex 0.005046 0.021870 -0.012959
endloop
endfacet
facet normal -0.433314 0.372123 -0.820831
outer loop
vertex 0.002437 0.026677 -0.009260
vertex 0.011197 0.021409 -0.016273
vertex -0.002019 0.024602 -0.007849
endloop
endfacet
facet normal -0.346082 0.635126 -0.690538
outer loop
vertex -0.008946 0.026844 -0.002315
vertex -0.002019 0.024602 -0.007849
vertex -0.008223 0.025501 -0.003913
endloop
endfacet
facet normal -0.456490 0.463751 -0.759310
outer loop
vertex -0.008946 0.026844 -0.002315
vertex 0.002437 0.026677 -0.009260
vertex -0.002019 0.024602 -0.007849
endloop
endfacet
facet normal -0.503129 0.535743 -0.678116
outer loop
vertex -0.008223 0.025501 -0.003913
vertex -0.016690 0.024741 0.001769
vertex -0.008946 0.026844 -0.002315
endloop
endfacet
facet normal -0.510107 0.376292 -0.773430
outer loop
vertex -0.015359 0.027120 0.002049
vertex -0.008946 0.026844 -0.002315
vertex -0.016690 0.024741 0.001769
endloop
endfacet
facet normal -0.512382 0.160410 -0.843643
outer loop
vertex -0.007634 0.029669 -0.002575
vertex 0.002437 0.026677 -0.009260
vertex -0.008946 0.026844 -0.002315
endloop
endfacet
facet normal -0.887043 0.044037 -0.459582
outer loop
vertex -0.024895 -0.004103 -0.006885
vertex -0.020875 0.004314 -0.013836
vertex -0.015201 0.002059 -0.025003
endloop
endfacet
facet normal -0.828912 0.288290 -0.479367
outer loop
vertex -0.020875 0.004314 -0.013836
vertex -0.017086 0.008771 -0.017707
vertex -0.015201 0.002059 -0.025003
endloop
endfacet
facet normal -0.042249 0.865365 -0.499357
outer loop
vertex 0.003495 0.030843 0.003514
vertex -0.003325 0.032705 0.007318
vertex -0.003613 0.042893 0.024997
endloop
endfacet
facet normal -0.173379 0.852091 -0.493842
outer loop
vertex -0.003325 0.032705 0.007318
vertex -0.009539 0.031998 0.008279
vertex -0.003613 0.042893 0.024997
endloop
endfacet
facet normal -0.296706 0.844766 -0.445350
outer loop
vertex -0.003613 0.042893 0.024997
vertex -0.009539 0.031998 0.008279
vertex -0.022742 0.036176 0.024999
endloop
endfacet
facet normal -0.321258 0.827525 -0.460430
outer loop
vertex -0.009539 0.031998 0.008279
vertex -0.014924 0.029337 0.007253
vertex -0.022742 0.036176 0.024999
endloop
endfacet
facet normal -0.754917 0.373771 -0.538884
outer loop
vertex -0.015201 0.002059 -0.025003
vertex -0.017086 0.008771 -0.017707
vertex -0.011202 0.010141 -0.025000
endloop
endfacet
facet normal -0.727301 0.472108 -0.498144
outer loop
vertex -0.017086 0.008771 -0.017707
vertex -0.016236 0.011245 -0.016604
vertex -0.011202 0.010141 -0.025000
endloop
endfacet
facet normal -0.852696 0.183581 -0.489089
outer loop
vertex -0.030843 0.003495 0.003514
vertex -0.041959 0.009099 0.024997
vertex -0.028625 0.007634 0.001200
endloop
endfacet
facet normal -0.203306 0.835069 -0.511201
outer loop
vertex -0.002019 0.024602 -0.007849
vertex 0.002465 0.015192 -0.025003
vertex -0.008223 0.025501 -0.003913
endloop
endfacet
facet normal -0.425368 0.765696 -0.482465
outer loop
vertex -0.014924 0.029337 0.007253
vertex -0.017438 0.026414 0.004831
vertex -0.022742 0.036176 0.024999
endloop
endfacet
facet normal -0.150855 0.855830 -0.494770
outer loop
vertex 0.002465 0.015192 -0.025003
vertex -0.006580 0.013600 -0.025000
vertex -0.008223 0.025501 -0.003913
endloop
endfacet
facet normal -0.389840 0.788644 -0.475464
outer loop
vertex -0.008223 0.025501 -0.003913
vertex -0.006580 0.013600 -0.025000
vertex -0.016690 0.024741 0.001769
endloop
endfacet
facet normal -0.822487 0.305651 -0.479681
outer loop
vertex -0.028625 0.007634 0.001200
vertex -0.041959 0.009099 0.024997
vertex -0.023597 0.011751 -0.004797
endloop
endfacet
facet normal -0.803546 0.375594 -0.461782
outer loop
vertex -0.041959 0.009099 0.024997
vertex -0.034414 0.025245 0.024999
vertex -0.023597 0.011751 -0.004797
endloop
endfacet
facet normal -0.739213 0.470819 -0.481554
outer loop
vertex -0.023597 0.011751 -0.004797
vertex -0.034414 0.025245 0.024999
vertex -0.017213 0.013082 -0.013296
endloop
endfacet
facet normal -0.893011 0.265529 -0.363353
outer loop
vertex -0.017438 0.026414 0.004831
vertex -0.016690 0.024741 0.001769
vertex -0.022742 0.036176 0.024999
endloop
endfacet
facet normal -0.522897 0.698689 -0.488275
outer loop
vertex -0.006580 0.013600 -0.025000
vertex -0.011202 0.010141 -0.025000
vertex -0.016690 0.024741 0.001769
endloop
endfacet
facet normal -0.707696 0.507921 -0.491103
outer loop
vertex -0.016236 0.011245 -0.016604
vertex -0.017213 0.013082 -0.013296
vertex -0.011202 0.010141 -0.025000
endloop
endfacet
facet normal -0.630161 0.612278 -0.477506
outer loop
vertex -0.017213 0.013082 -0.013296
vertex -0.034414 0.025245 0.024999
vertex -0.011202 0.010141 -0.025000
endloop
endfacet
facet normal -0.602014 0.642823 -0.473665
outer loop
vertex -0.034414 0.025245 0.024999
vertex -0.022742 0.036176 0.024999
vertex -0.011202 0.010141 -0.025000
endloop
endfacet
facet normal -0.609830 0.636514 -0.472183
outer loop
vertex -0.011202 0.010141 -0.025000
vertex -0.022742 0.036176 0.024999
vertex -0.016690 0.024741 0.001769
endloop
endfacet
facet normal 0.882778 -0.034627 -0.468511
outer loop
vertex 0.024895 0.004103 -0.006885
vertex 0.020875 -0.004314 -0.013836
vertex 0.015125 0.000161 -0.025001
endloop
endfacet
facet normal 0.826742 -0.224606 -0.515800
outer loop
vertex 0.015125 0.000161 -0.025001
vertex 0.020875 -0.004314 -0.013836
vertex 0.012797 -0.008402 -0.025004
endloop
endfacet
facet normal 0.824521 -0.268151 -0.498257
outer loop
vertex 0.020875 -0.004314 -0.013836
vertex 0.017086 -0.008771 -0.017707
vertex 0.012797 -0.008402 -0.025004
endloop
endfacet
facet normal 0.024903 -0.879529 -0.475193
outer loop
vertex -0.003495 -0.030843 0.003514
vertex 0.003325 -0.032705 0.007318
vertex -0.003447 -0.042450 0.025000
endloop
endfacet
facet normal 0.073801 -0.885091 -0.459530
outer loop
vertex -0.003447 -0.042450 0.025000
vertex 0.003325 -0.032705 0.007318
vertex 0.012615 -0.041109 0.024997
endloop
endfacet
facet normal 0.173542 -0.850968 -0.495717
outer loop
vertex 0.003325 -0.032705 0.007318
vertex 0.009539 -0.031998 0.008279
vertex 0.012615 -0.041109 0.024997
endloop
endfacet
facet normal 0.305942 -0.811179 -0.498385
outer loop
vertex 0.009539 -0.031998 0.008279
vertex 0.014924 -0.029337 0.007253
vertex 0.012615 -0.041109 0.024997
endloop
endfacet
facet normal 0.752141 -0.466217 -0.465752
outer loop
vertex 0.017086 -0.008771 -0.017707
vertex 0.016236 -0.011245 -0.016604
vertex 0.012797 -0.008402 -0.025004
endloop
endfacet
facet normal 0.448241 -0.770647 -0.452972
outer loop
vertex 0.012615 -0.041109 0.024997
vertex 0.014924 -0.029337 0.007253
vertex 0.028477 -0.031885 0.024999
endloop
endfacet
facet normal 0.861899 -0.201889 -0.465158
outer loop
vertex 0.030843 -0.003495 0.003514
vertex 0.042450 -0.003447 0.025000
vertex 0.028625 -0.007634 0.001200
endloop
endfacet
facet normal 0.861498 -0.205607 -0.464271
outer loop
vertex 0.042450 -0.003447 0.025000
vertex 0.039007 -0.017871 0.024998
vertex 0.028625 -0.007634 0.001200
endloop
endfacet
facet normal 0.416988 -0.799047 -0.433180
outer loop
vertex 0.014924 -0.029337 0.007253
vertex 0.016542 -0.027753 0.005889
vertex 0.028477 -0.031885 0.024999
endloop
endfacet
facet normal 0.171614 -0.846351 -0.504221
outer loop
vertex -0.001316 -0.015199 -0.025003
vertex 0.006580 -0.013600 -0.025000
vertex 0.004103 -0.024895 -0.006885
endloop
endfacet
facet normal 0.305400 -0.826221 -0.473381
outer loop
vertex 0.004103 -0.024895 -0.006885
vertex 0.006580 -0.013600 -0.025000
vertex 0.015627 -0.025375 0.001388
endloop
endfacet
facet normal 0.832486 -0.274514 -0.481257
outer loop
vertex 0.028625 -0.007634 0.001200
vertex 0.039007 -0.017871 0.024998
vertex 0.025274 -0.010543 -0.002938
endloop
endfacet
facet normal 0.760682 -0.429593 -0.486635
outer loop
vertex 0.025274 -0.010543 -0.002938
vertex 0.039007 -0.017871 0.024998
vertex 0.017213 -0.013082 -0.013296
endloop
endfacet
facet normal 0.706345 -0.530766 -0.468364
outer loop
vertex 0.039007 -0.017871 0.024998
vertex 0.028477 -0.031885 0.024999
vertex 0.017213 -0.013082 -0.013296
endloop
endfacet
facet normal 0.522640 -0.705335 -0.478905
outer loop
vertex 0.016542 -0.027753 0.005889
vertex 0.015627 -0.025375 0.001388
vertex 0.028477 -0.031885 0.024999
endloop
endfacet
facet normal 0.558969 -0.668850 -0.490096
outer loop
vertex 0.006580 -0.013600 -0.025000
vertex 0.012797 -0.008402 -0.025004
vertex 0.015627 -0.025375 0.001388
endloop
endfacet
facet normal 0.785357 -0.412842 -0.461277
outer loop
vertex 0.016236 -0.011245 -0.016604
vertex 0.017213 -0.013082 -0.013296
vertex 0.012797 -0.008402 -0.025004
endloop
endfacet
facet normal 0.648426 -0.590393 -0.480603
outer loop
vertex 0.017213 -0.013082 -0.013296
vertex 0.028477 -0.031885 0.024999
vertex 0.012797 -0.008402 -0.025004
endloop
endfacet
facet normal 0.561190 -0.667465 -0.489444
outer loop
vertex 0.012797 -0.008402 -0.025004
vertex 0.028477 -0.031885 0.024999
vertex 0.015627 -0.025375 0.001388
endloop
endfacet
facet normal -0.041900 -0.886089 -0.461618
outer loop
vertex 0.004103 -0.024895 -0.006885
vertex -0.004314 -0.020875 -0.013836
vertex -0.001316 -0.015199 -0.025003
endloop
endfacet
facet normal -0.251872 -0.833730 -0.491381
outer loop
vertex -0.004314 -0.020875 -0.013836
vertex -0.008439 -0.017715 -0.017083
vertex -0.001316 -0.015199 -0.025003
endloop
endfacet
facet normal -0.314845 -0.785552 -0.532710
outer loop
vertex -0.001316 -0.015199 -0.025003
vertex -0.008439 -0.017715 -0.017083
vertex -0.009056 -0.012099 -0.025001
endloop
endfacet
facet normal -0.889371 -0.012083 -0.457027
outer loop
vertex -0.030843 0.003495 0.003514
vertex -0.032705 -0.003325 0.007318
vertex -0.041959 0.009099 0.024997
endloop
endfacet
facet normal -0.887374 -0.004909 -0.461024
outer loop
vertex -0.041959 0.009099 0.024997
vertex -0.032705 -0.003325 0.007318
vertex -0.041864 -0.008379 0.025000
endloop
endfacet
facet normal -0.858842 -0.153478 -0.488707
outer loop
vertex -0.032705 -0.003325 0.007318
vertex -0.031894 -0.009005 0.007676
vertex -0.041864 -0.008379 0.025000
endloop
endfacet
facet normal -0.816830 -0.351574 -0.457367
outer loop
vertex -0.041864 -0.008379 0.025000
vertex -0.031894 -0.009005 0.007676
vertex -0.034375 -0.025773 0.024996
endloop
endfacet
facet normal -0.835802 -0.329762 -0.438967
outer loop
vertex -0.031894 -0.009005 0.007676
vertex -0.029337 -0.014924 0.007253
vertex -0.034375 -0.025773 0.024996
endloop
endfacet
facet normal -0.459707 -0.740854 -0.489699
outer loop
vertex -0.008439 -0.017715 -0.017083
vertex -0.010516 -0.016227 -0.017385
vertex -0.009056 -0.012099 -0.025001
endloop
endfacet
facet normal -0.201889 -0.861899 -0.465157
outer loop
vertex -0.003495 -0.030843 0.003514
vertex -0.003447 -0.042450 0.025000
vertex -0.007634 -0.028625 0.001200
endloop
endfacet
facet normal -0.205604 -0.861498 -0.464271
outer loop
vertex -0.003447 -0.042450 0.025000
vertex -0.017871 -0.039007 0.024999
vertex -0.007634 -0.028625 0.001200
endloop
endfacet
facet normal -0.796254 -0.388555 -0.463686
outer loop
vertex -0.029337 -0.014924 0.007253
vertex -0.027753 -0.016542 0.005889
vertex -0.034375 -0.025773 0.024996
endloop
endfacet
facet normal -0.845805 -0.163062 -0.507961
outer loop
vertex -0.015201 0.002059 -0.025003
vertex -0.013482 -0.006867 -0.025000
vertex -0.024895 -0.004103 -0.006885
endloop
endfacet
facet normal -0.825950 -0.305640 -0.473700
outer loop
vertex -0.024895 -0.004103 -0.006885
vertex -0.013482 -0.006867 -0.025000
vertex -0.025375 -0.015627 0.001388
endloop
endfacet
facet normal -0.274515 -0.832486 -0.481257
outer loop
vertex -0.007634 -0.028625 0.001200
vertex -0.017871 -0.039007 0.024999
vertex -0.010543 -0.025274 -0.002938
endloop
endfacet
facet normal -0.429592 -0.760682 -0.486634
outer loop
vertex -0.010543 -0.025274 -0.002938
vertex -0.017871 -0.039007 0.024999
vertex -0.013082 -0.017213 -0.013296
endloop
endfacet
facet normal -0.554471 -0.691569 -0.462919
outer loop
vertex -0.017871 -0.039007 0.024999
vertex -0.034375 -0.025773 0.024996
vertex -0.013082 -0.017213 -0.013296
endloop
endfacet
facet normal -0.733627 -0.476523 -0.484476
outer loop
vertex -0.027753 -0.016542 0.005889
vertex -0.025375 -0.015627 0.001388
vertex -0.034375 -0.025773 0.024996
endloop
endfacet
facet normal -0.496615 -0.719641 -0.485273
outer loop
vertex -0.010516 -0.016227 -0.017385
vertex -0.013082 -0.017213 -0.013296
vertex -0.009056 -0.012099 -0.025001
endloop
endfacet
facet normal -0.620950 -0.617161 -0.483252
outer loop
vertex -0.013082 -0.017213 -0.013296
vertex -0.034375 -0.025773 0.024996
vertex -0.009056 -0.012099 -0.025001
endloop
endfacet
facet normal -0.665191 -0.562731 -0.490770
outer loop
vertex -0.009056 -0.012099 -0.025001
vertex -0.034375 -0.025773 0.024996
vertex -0.013482 -0.006867 -0.025000
endloop
endfacet
facet normal -0.711505 -0.505221 -0.488378
outer loop
vertex -0.013482 -0.006867 -0.025000
vertex -0.034375 -0.025773 0.024996
vertex -0.025375 -0.015627 0.001388
endloop
endfacet
facet normal 0.093139 0.883016 -0.460009
outer loop
vertex -0.002019 0.024602 -0.007849
vertex 0.004000 0.020629 -0.014256
vertex 0.002465 0.015192 -0.025003
endloop
endfacet
facet normal 0.291125 0.836275 -0.464640
outer loop
vertex 0.004000 0.020629 -0.014256
vertex 0.008635 0.017034 -0.017823
vertex 0.002465 0.015192 -0.025003
endloop
endfacet
facet normal 0.879529 0.024903 -0.475192
outer loop
vertex 0.030843 -0.003495 0.003514
vertex 0.032705 0.003325 0.007318
vertex 0.042450 -0.003447 0.025000
endloop
endfacet
facet normal 0.885091 0.073799 -0.459531
outer loop
vertex 0.042450 -0.003447 0.025000
vertex 0.032705 0.003325 0.007318
vertex 0.041110 0.012615 0.024998
endloop
endfacet
facet normal 0.853771 0.166453 -0.493324
outer loop
vertex 0.032705 0.003325 0.007318
vertex 0.031761 0.009751 0.007851
vertex 0.041110 0.012615 0.024998
endloop
endfacet
facet normal 0.807799 0.321395 -0.494131
outer loop
vertex 0.031761 0.009751 0.007851
vertex 0.029337 0.014924 0.007253
vertex 0.041110 0.012615 0.024998
endloop
endfacet
facet normal 0.434882 0.708753 -0.555470
outer loop
vertex 0.002465 0.015192 -0.025003
vertex 0.008635 0.017034 -0.017823
vertex 0.012341 0.009131 -0.025006
endloop
endfacet
facet normal 0.770647 0.448241 -0.452972
outer loop
vertex 0.041110 0.012615 0.024998
vertex 0.029337 0.014924 0.007253
vertex 0.031885 0.028478 0.025000
endloop
endfacet
facet normal 0.239675 0.878435 -0.413409
outer loop
vertex 0.003495 0.030843 0.003514
vertex -0.003613 0.042893 0.024997
vertex 0.007634 0.028625 0.001200
endloop
endfacet
facet normal 0.482203 0.702194 -0.523836
outer loop
vertex 0.008635 0.017034 -0.017823
vertex 0.012083 0.016224 -0.015735
vertex 0.012341 0.009131 -0.025006
endloop
endfacet
facet normal 0.158852 0.878073 -0.451390
outer loop
vertex -0.003613 0.042893 0.024997
vertex 0.017871 0.039007 0.024999
vertex 0.007634 0.028625 0.001200
endloop
endfacet
facet normal 0.766509 0.452568 -0.455683
outer loop
vertex 0.029337 0.014924 0.007253
vertex 0.026248 0.017508 0.004624
vertex 0.031885 0.028478 0.025000
endloop
endfacet
facet normal 0.826387 0.256269 -0.501409
outer loop
vertex 0.015125 0.000161 -0.025001
vertex 0.012341 0.009131 -0.025006
vertex 0.024895 0.004103 -0.006885
endloop
endfacet
facet normal 0.820251 0.305754 -0.483429
outer loop
vertex 0.024895 0.004103 -0.006885
vertex 0.012341 0.009131 -0.025006
vertex 0.025239 0.014086 0.000013
endloop
endfacet
facet normal 0.274515 0.832486 -0.481257
outer loop
vertex 0.007634 0.028625 0.001200
vertex 0.017871 0.039007 0.024999
vertex 0.010543 0.025274 -0.002938
endloop
endfacet
facet normal 0.756579 0.445839 -0.478347
outer loop
vertex 0.025239 0.014086 0.000013
vertex 0.012341 0.009131 -0.025006
vertex 0.025222 0.016680 0.002404
endloop
endfacet
facet normal 0.417480 0.767336 -0.486729
outer loop
vertex 0.010543 0.025274 -0.002938
vertex 0.017871 0.039007 0.024999
vertex 0.013308 0.019149 -0.010222
endloop
endfacet
facet normal 0.531100 0.706790 -0.467312
outer loop
vertex 0.017871 0.039007 0.024999
vertex 0.031885 0.028478 0.025000
vertex 0.013308 0.019149 -0.010222
endloop
endfacet
facet normal 0.573497 0.644538 -0.505640
outer loop
vertex 0.026248 0.017508 0.004624
vertex 0.025222 0.016680 0.002404
vertex 0.031885 0.028478 0.025000
endloop
endfacet
facet normal 0.602167 0.642066 -0.474496
outer loop
vertex 0.012083 0.016224 -0.015735
vertex 0.013308 0.019149 -0.010222
vertex 0.012341 0.009131 -0.025006
endloop
endfacet
facet normal 0.584079 0.653688 -0.481189
outer loop
vertex 0.013308 0.019149 -0.010222
vertex 0.031885 0.028478 0.025000
vertex 0.012341 0.009131 -0.025006
endloop
endfacet
facet normal 0.716780 0.508672 -0.476948
outer loop
vertex 0.012341 0.009131 -0.025006
vertex 0.031885 0.028478 0.025000
vertex 0.025222 0.016680 0.002404
endloop
endfacet
facet normal -0.000009 0.000313 1.000000
outer loop
vertex -0.003613 0.042893 0.024997
vertex -0.022742 0.036176 0.024999
vertex 0.017871 0.039007 0.024999
endloop
endfacet
facet normal 0.000004 0.000117 1.000000
outer loop
vertex 0.017871 0.039007 0.024999
vertex -0.022742 0.036176 0.024999
vertex 0.031885 0.028478 0.025000
endloop
endfacet
facet normal -0.000007 0.000036 1.000000
outer loop
vertex -0.022742 0.036176 0.024999
vertex -0.034414 0.025245 0.024999
vertex 0.031885 0.028478 0.025000
endloop
endfacet
facet normal 0.000001 -0.000122 1.000000
outer loop
vertex -0.034414 0.025245 0.024999
vertex -0.041959 0.009099 0.024997
vertex 0.031885 0.028478 0.025000
endloop
endfacet
facet normal -0.000062 0.000116 1.000000
outer loop
vertex -0.041959 0.009099 0.024997
vertex -0.041864 -0.008379 0.025000
vertex 0.031885 0.028478 0.025000
endloop
endfacet
facet normal 0.000084 -0.000177 1.000000
outer loop
vertex -0.041864 -0.008379 0.025000
vertex -0.034375 -0.025773 0.024996
vertex 0.031885 0.028478 0.025000
endloop
endfacet
facet normal -0.000116 0.000068 1.000000
outer loop
vertex -0.034375 -0.025773 0.024996
vertex -0.017871 -0.039007 0.024999
vertex 0.031885 0.028478 0.025000
endloop
endfacet
facet normal 0.000084 -0.000079 1.000000
outer loop
vertex 0.031885 0.028478 0.025000
vertex -0.017871 -0.039007 0.024999
vertex 0.041110 0.012615 0.024998
endloop
endfacet
facet normal -0.000071 0.000097 1.000000
outer loop
vertex -0.017871 -0.039007 0.024999
vertex -0.003447 -0.042450 0.025000
vertex 0.041110 0.012615 0.024998
endloop
endfacet
facet normal -0.000104 0.000124 1.000000
outer loop
vertex 0.041110 0.012615 0.024998
vertex -0.003447 -0.042450 0.025000
vertex 0.042450 -0.003447 0.025000
endloop
endfacet
facet normal 0.000147 -0.000170 1.000000
outer loop
vertex 0.042450 -0.003447 0.025000
vertex -0.003447 -0.042450 0.025000
vertex 0.039007 -0.017871 0.024998
endloop
endfacet
facet normal -0.000008 0.000096 1.000000
outer loop
vertex 0.039007 -0.017871 0.024998
vertex -0.003447 -0.042450 0.025000
vertex 0.028477 -0.031885 0.024999
endloop
endfacet
facet normal 0.000268 -0.000738 1.000000
outer loop
vertex 0.028477 -0.031885 0.024999
vertex -0.003447 -0.042450 0.025000
vertex 0.012615 -0.041109 0.024997
endloop
endfacet
facet normal 0.001036 -0.000129 -0.999999
outer loop
vertex -0.015201 0.002059 -0.025003
vertex -0.011202 0.010141 -0.025000
vertex -0.013482 -0.006867 -0.025000
endloop
endfacet
facet normal -0.000059 0.000018 -1.000000
outer loop
vertex -0.013482 -0.006867 -0.025000
vertex -0.011202 0.010141 -0.025000
vertex -0.009056 -0.012099 -0.025001
endloop
endfacet
facet normal -0.000249 0.000000 -1.000000
outer loop
vertex -0.009056 -0.012099 -0.025001
vertex -0.011202 0.010141 -0.025000
vertex -0.001316 -0.015199 -0.025003
endloop
endfacet
facet normal 0.000249 0.000194 -1.000000
outer loop
vertex -0.001316 -0.015199 -0.025003
vertex -0.011202 0.010141 -0.025000
vertex 0.006580 -0.013600 -0.025000
endloop
endfacet
facet normal -0.000328 -0.000238 -1.000000
outer loop
vertex 0.006580 -0.013600 -0.025000
vertex -0.011202 0.010141 -0.025000
vertex 0.012797 -0.008402 -0.025004
endloop
endfacet
facet normal -0.000077 0.000087 -1.000000
outer loop
vertex -0.011202 0.010141 -0.025000
vertex -0.006580 0.013600 -0.025000
vertex 0.012797 -0.008402 -0.025004
endloop
endfacet
facet normal -0.000293 -0.000104 -1.000000
outer loop
vertex -0.006580 0.013600 -0.025000
vertex 0.002465 0.015192 -0.025003
vertex 0.012797 -0.008402 -0.025004
endloop
endfacet
facet normal 0.000477 0.000234 -1.000000
outer loop
vertex 0.012797 -0.008402 -0.025004
vertex 0.002465 0.015192 -0.025003
vertex 0.015125 0.000161 -0.025001
endloop
endfacet
facet normal -0.000784 -0.000829 -0.999999
outer loop
vertex 0.015125 0.000161 -0.025001
vertex 0.002465 0.015192 -0.025003
vertex 0.012341 0.009131 -0.025006
endloop
endfacet
endsolid B4-70-14_10
