solid B4-70-14_11
facet normal 0.549493 0.308260 -0.776552
outer loop
vertex 0.002115 -0.030445 -0.006406
vertex 0.009792 -0.030033 -0.000810
vertex 0.007658 -0.040671 -0.006542
endloop
endfacet
facet normal 0.583986 -0.023862 -0.811413
outer loop
vertex -0.006923 -0.034850 -0.014264
vertex -0.017589 -0.041118 -0.021757
vertex -0.013623 -0.027716 -0.019296
endloop
endfacet
facet normal 0.509153 0.065145 -0.858207
outer loop
vertex -0.017589 -0.041118 -0.021757
vertex -0.011216 -0.043251 -0.018138
vertex -0.017285 -0.046947 -0.022019
endloop
endfacet
facet normal 0.401694 0.296150 -0.866566
outer loop
vertex 0.005639 -0.051849 -0.011298
vertex 0.007658 -0.040671 -0.006542
vertex 0.013590 -0.043837 -0.004874
endloop
endfacet
facet normal 0.455071 0.417694 -0.786411
outer loop
vertex 0.017714 -0.029090 0.004276
vertex 0.017641 -0.034092 0.001576
vertex 0.009792 -0.030033 -0.000810
endloop
endfacet
facet normal 0.655252 0.022303 -0.755081
outer loop
vertex -0.013623 -0.027716 -0.019296
vertex -0.011285 -0.020697 -0.017060
vertex -0.002329 -0.026820 -0.009469
endloop
endfacet
facet normal 0.549343 0.173821 -0.817318
outer loop
vertex -0.006923 -0.034850 -0.014264
vertex -0.002329 -0.026820 -0.009469
vertex -0.003321 -0.050830 -0.015242
endloop
endfacet
facet normal 0.520909 0.123226 -0.844671
outer loop
vertex -0.006923 -0.034850 -0.014264
vertex -0.011216 -0.043251 -0.018138
vertex -0.017589 -0.041118 -0.021757
endloop
endfacet
facet normal 0.471084 0.159257 -0.867593
outer loop
vertex -0.003321 -0.050830 -0.015242
vertex -0.011216 -0.043251 -0.018138
vertex -0.006923 -0.034850 -0.014264
endloop
endfacet
facet normal 0.447620 0.128168 -0.884991
outer loop
vertex -0.003321 -0.050830 -0.015242
vertex -0.015080 -0.051146 -0.021235
vertex -0.011216 -0.043251 -0.018138
endloop
endfacet
facet normal 0.493245 0.097751 -0.864381
outer loop
vertex -0.017285 -0.046947 -0.022019
vertex -0.011216 -0.043251 -0.018138
vertex -0.015080 -0.051146 -0.021235
endloop
endfacet
facet normal 0.435985 0.357598 -0.825858
outer loop
vertex 0.007658 -0.040671 -0.006542
vertex 0.009792 -0.030033 -0.000810
vertex 0.017641 -0.034092 0.001576
endloop
endfacet
facet normal 0.642821 0.153869 -0.750404
outer loop
vertex 0.002115 -0.030445 -0.006406
vertex -0.003321 -0.050830 -0.015242
vertex -0.002329 -0.026820 -0.009469
endloop
endfacet
facet normal 0.650837 0.078614 -0.755137
outer loop
vertex -0.002329 -0.026820 -0.009469
vertex -0.006923 -0.034850 -0.014264
vertex -0.013623 -0.027716 -0.019296
endloop
endfacet
facet normal 0.388776 0.421250 -0.819391
outer loop
vertex 0.007658 -0.040671 -0.006542
vertex 0.017641 -0.034092 0.001576
vertex 0.016274 -0.038563 -0.001371
endloop
endfacet
facet normal 0.419841 0.344262 -0.839772
outer loop
vertex 0.007658 -0.040671 -0.006542
vertex 0.016274 -0.038563 -0.001371
vertex 0.013590 -0.043837 -0.004874
endloop
endfacet
facet normal 0.412890 0.292424 -0.862560
outer loop
vertex 0.007658 -0.040671 -0.006542
vertex 0.005639 -0.051849 -0.011298
vertex -0.003321 -0.050830 -0.015242
endloop
endfacet
facet normal 0.445948 0.253216 -0.858494
outer loop
vertex 0.002115 -0.030445 -0.006406
vertex 0.007658 -0.040671 -0.006542
vertex -0.003321 -0.050830 -0.015242
endloop
endfacet
facet normal 0.675588 -0.538479 0.503609
outer loop
vertex 0.016274 -0.038563 -0.001371
vertex 0.017641 -0.034092 0.001576
vertex 0.015173 -0.040465 -0.001927
endloop
endfacet
facet normal 0.834019 -0.528868 0.157199
outer loop
vertex 0.016274 -0.038563 -0.001371
vertex 0.015173 -0.040465 -0.001927
vertex 0.013590 -0.043837 -0.004874
endloop
endfacet
facet normal 0.938114 -0.175018 0.298848
outer loop
vertex 0.017278 -0.030540 0.004794
vertex 0.017641 -0.034092 0.001576
vertex 0.017714 -0.029090 0.004276
endloop
endfacet
facet normal 0.315841 -0.704125 0.635966
outer loop
vertex 0.009706 -0.048406 -0.008004
vertex 0.013590 -0.043837 -0.004874
vertex 0.015173 -0.040465 -0.001927
endloop
endfacet
facet normal 0.634872 -0.010641 -0.772544
outer loop
vertex 0.005639 -0.051849 -0.011298
vertex 0.013590 -0.043837 -0.004874
vertex 0.009706 -0.048406 -0.008004
endloop
endfacet
facet normal -0.045193 -0.715006 0.697656
outer loop
vertex 0.005639 -0.051849 -0.011298
vertex -0.002260 -0.053723 -0.013731
vertex 0.000621 -0.054291 -0.014126
endloop
endfacet
facet normal -0.053329 -0.699793 0.712352
outer loop
vertex -0.002260 -0.053723 -0.013731
vertex 0.005639 -0.051849 -0.011298
vertex 0.003466 -0.049547 -0.009200
endloop
endfacet
facet normal -0.734345 -0.329972 0.593174
outer loop
vertex -0.017538 -0.046545 -0.021719
vertex -0.015080 -0.051146 -0.021235
vertex -0.013653 -0.049177 -0.018374
endloop
endfacet
facet normal -0.652719 -0.431785 0.622511
outer loop
vertex -0.013653 -0.049177 -0.018374
vertex -0.015080 -0.051146 -0.021235
vertex -0.010461 -0.052502 -0.017332
endloop
endfacet
facet normal -0.624247 -0.560651 0.544047
outer loop
vertex -0.015080 -0.051146 -0.021235
vertex -0.011306 -0.053612 -0.019447
vertex -0.010461 -0.052502 -0.017332
endloop
endfacet
facet normal -0.566161 -0.614677 0.549212
outer loop
vertex -0.010461 -0.052502 -0.017332
vertex -0.011306 -0.053612 -0.019447
vertex -0.008374 -0.053896 -0.016742
endloop
endfacet
facet normal -0.317311 -0.915359 0.247854
outer loop
vertex -0.011306 -0.053612 -0.019447
vertex -0.005723 -0.054753 -0.016514
vertex -0.008374 -0.053896 -0.016742
endloop
endfacet
facet normal -0.288089 -0.724173 0.626560
outer loop
vertex -0.008374 -0.053896 -0.016742
vertex -0.005723 -0.054753 -0.016514
vertex -0.002260 -0.053723 -0.013731
endloop
endfacet
facet normal -0.109905 -0.879803 0.462458
outer loop
vertex -0.005723 -0.054753 -0.016514
vertex 0.000621 -0.054291 -0.014126
vertex -0.002260 -0.053723 -0.013731
endloop
endfacet
facet normal 0.413407 0.183315 -0.891902
outer loop
vertex 0.005639 -0.051849 -0.011298
vertex 0.000621 -0.054291 -0.014126
vertex -0.003321 -0.050830 -0.015242
endloop
endfacet
facet normal 0.452603 0.046740 -0.890486
outer loop
vertex -0.011306 -0.053612 -0.019447
vertex -0.015080 -0.051146 -0.021235
vertex -0.003321 -0.050830 -0.015242
endloop
endfacet
facet normal 0.343818 -0.444122 -0.827372
outer loop
vertex 0.000621 -0.054291 -0.014126
vertex -0.005723 -0.054753 -0.016514
vertex -0.011306 -0.053612 -0.019447
endloop
endfacet
facet normal 0.409321 0.177686 -0.894921
outer loop
vertex -0.003321 -0.050830 -0.015242
vertex 0.000621 -0.054291 -0.014126
vertex -0.011306 -0.053612 -0.019447
endloop
endfacet
facet normal -0.873368 -0.476983 -0.098565
outer loop
vertex -0.017285 -0.046947 -0.022019
vertex -0.015080 -0.051146 -0.021235
vertex -0.017538 -0.046545 -0.021719
endloop
endfacet
facet normal -0.446915 0.403324 -0.798496
outer loop
vertex -0.012075 -0.019564 -0.016046
vertex -0.011285 -0.020697 -0.017060
vertex -0.013623 -0.027716 -0.019296
endloop
endfacet
facet normal -0.728916 0.368517 -0.576955
outer loop
vertex -0.013623 -0.027716 -0.019296
vertex -0.015729 -0.032866 -0.019927
vertex -0.012075 -0.019564 -0.016046
endloop
endfacet
facet normal -0.771322 -0.011653 -0.636339
outer loop
vertex -0.017589 -0.041118 -0.021757
vertex -0.017285 -0.046947 -0.022019
vertex -0.017538 -0.046545 -0.021719
endloop
endfacet
facet normal -0.456561 0.289524 -0.841266
outer loop
vertex -0.013623 -0.027716 -0.019296
vertex -0.017589 -0.041118 -0.021757
vertex -0.015729 -0.032866 -0.019927
endloop
endfacet
facet normal 0.488403 -0.557970 0.670919
outer loop
vertex 0.017641 -0.034092 0.001576
vertex 0.017278 -0.030540 0.004794
vertex 0.015173 -0.040465 -0.001927
endloop
endfacet
facet normal -0.015545 -0.681614 0.731547
outer loop
vertex 0.009706 -0.048406 -0.008004
vertex 0.003466 -0.049547 -0.009200
vertex 0.005639 -0.051849 -0.011298
endloop
endfacet
facet normal -0.236143 -0.547343 0.802903
outer loop
vertex 0.003466 -0.049547 -0.009200
vertex -0.001324 -0.045058 -0.007548
vertex -0.002260 -0.053723 -0.013731
endloop
endfacet
facet normal -0.367373 -0.513568 0.775426
outer loop
vertex -0.002260 -0.053723 -0.013731
vertex -0.001324 -0.045058 -0.007548
vertex -0.008374 -0.053896 -0.016742
endloop
endfacet
facet normal -0.835823 -0.004066 0.548984
outer loop
vertex -0.017538 -0.046545 -0.021719
vertex -0.013529 -0.032236 -0.015510
vertex -0.017589 -0.041118 -0.021757
endloop
endfacet
facet normal -0.896045 0.106437 0.431016
outer loop
vertex -0.017589 -0.041118 -0.021757
vertex -0.013529 -0.032236 -0.015510
vertex -0.015729 -0.032866 -0.019927
endloop
endfacet
facet normal -0.895365 0.120848 0.428623
outer loop
vertex -0.015729 -0.032866 -0.019927
vertex -0.013529 -0.032236 -0.015510
vertex -0.012075 -0.019564 -0.016046
endloop
endfacet
facet normal -0.918721 -0.049454 0.391799
outer loop
vertex -0.008864 -0.027610 -0.005528
vertex -0.010920 -0.024495 -0.009956
vertex -0.010825 -0.032667 -0.010763
endloop
endfacet
facet normal -0.867472 0.027479 0.496726
outer loop
vertex -0.010825 -0.032667 -0.010763
vertex -0.013529 -0.032236 -0.015510
vertex -0.017538 -0.046545 -0.021719
endloop
endfacet
facet normal -0.668399 -0.314241 0.674162
outer loop
vertex -0.003328 -0.033431 -0.001371
vertex -0.005846 -0.031160 -0.002810
vertex -0.010461 -0.052502 -0.017332
endloop
endfacet
facet normal -0.588514 -0.334582 0.736007
outer loop
vertex -0.013653 -0.049177 -0.018374
vertex -0.010461 -0.052502 -0.017332
vertex -0.008446 -0.037657 -0.008973
endloop
endfacet
facet normal -0.490843 -0.408805 0.769384
outer loop
vertex -0.008374 -0.053896 -0.016742
vertex -0.001324 -0.045058 -0.007548
vertex -0.010461 -0.052502 -0.017332
endloop
endfacet
facet normal -0.398903 -0.540373 0.740860
outer loop
vertex -0.001324 -0.045058 -0.007548
vertex 0.003746 -0.034723 0.002720
vertex 0.000049 -0.033760 0.001431
endloop
endfacet
facet normal 0.294627 -0.577911 0.761061
outer loop
vertex 0.015173 -0.040465 -0.001927
vertex 0.017278 -0.030540 0.004794
vertex 0.011081 -0.033302 0.005096
endloop
endfacet
facet normal -0.130672 -0.619749 0.773845
outer loop
vertex 0.011081 -0.033302 0.005096
vertex 0.003746 -0.034723 0.002720
vertex 0.003466 -0.049547 -0.009200
endloop
endfacet
facet normal 0.127044 -0.656482 0.743567
outer loop
vertex 0.009706 -0.048406 -0.008004
vertex 0.015173 -0.040465 -0.001927
vertex 0.011081 -0.033302 0.005096
endloop
endfacet
facet normal -0.025410 -0.653683 0.756342
outer loop
vertex 0.003466 -0.049547 -0.009200
vertex 0.009706 -0.048406 -0.008004
vertex 0.011081 -0.033302 0.005096
endloop
endfacet
facet normal -0.952706 0.121087 0.278726
outer loop
vertex -0.013529 -0.032236 -0.015510
vertex -0.010920 -0.024495 -0.009956
vertex -0.012075 -0.019564 -0.016046
endloop
endfacet
facet normal -0.869659 -0.058598 0.490162
outer loop
vertex -0.013529 -0.032236 -0.015510
vertex -0.010825 -0.032667 -0.010763
vertex -0.010920 -0.024495 -0.009956
endloop
endfacet
facet normal -0.830692 -0.211232 0.515103
outer loop
vertex -0.008864 -0.027610 -0.005528
vertex -0.010825 -0.032667 -0.010763
vertex -0.008446 -0.037657 -0.008973
endloop
endfacet
facet normal -0.786420 -0.229413 0.573509
outer loop
vertex -0.005846 -0.031160 -0.002810
vertex -0.008864 -0.027610 -0.005528
vertex -0.008446 -0.037657 -0.008973
endloop
endfacet
facet normal -0.807685 -0.202248 0.553842
outer loop
vertex -0.010461 -0.052502 -0.017332
vertex -0.005846 -0.031160 -0.002810
vertex -0.008446 -0.037657 -0.008973
endloop
endfacet
facet normal -0.760081 -0.134262 0.635807
outer loop
vertex -0.008446 -0.037657 -0.008973
vertex -0.010825 -0.032667 -0.010763
vertex -0.017538 -0.046545 -0.021719
endloop
endfacet
facet normal -0.717124 -0.216451 0.662481
outer loop
vertex -0.008446 -0.037657 -0.008973
vertex -0.017538 -0.046545 -0.021719
vertex -0.013653 -0.049177 -0.018374
endloop
endfacet
facet normal -0.594634 -0.454734 0.663044
outer loop
vertex 0.000049 -0.033760 0.001431
vertex -0.003328 -0.033431 -0.001371
vertex -0.001324 -0.045058 -0.007548
endloop
endfacet
facet normal -0.299746 -0.594368 0.746243
outer loop
vertex -0.001324 -0.045058 -0.007548
vertex 0.003466 -0.049547 -0.009200
vertex 0.003746 -0.034723 0.002720
endloop
endfacet
facet normal 0.048330 -0.915891 0.398507
outer loop
vertex 0.003746 -0.034723 0.002720
vertex 0.011081 -0.033302 0.005096
vertex 0.005446 -0.033947 0.004297
endloop
endfacet
facet normal -0.428212 -0.480428 0.765391
outer loop
vertex -0.010461 -0.052502 -0.017332
vertex -0.001324 -0.045058 -0.007548
vertex -0.003328 -0.033431 -0.001371
endloop
endfacet
facet normal -0.584041 -0.310532 0.749978
outer loop
vertex -0.030308 -0.016730 0.005431
vertex -0.032709 -0.013310 0.004978
vertex -0.036899 -0.016508 0.000391
endloop
endfacet
facet normal -0.640803 -0.216773 0.736465
outer loop
vertex -0.036899 -0.016508 0.000391
vertex -0.032709 -0.013310 0.004978
vertex -0.041165 -0.015239 -0.002947
endloop
endfacet
facet normal -0.646734 -0.175580 0.742232
outer loop
vertex -0.041165 -0.015239 -0.002947
vertex -0.033892 -0.010405 0.004533
vertex -0.048340 -0.010076 -0.007978
endloop
endfacet
facet normal -0.615032 0.178569 0.768016
outer loop
vertex -0.052961 -0.003073 -0.012158
vertex -0.045526 -0.003804 -0.006034
vertex -0.054085 0.004449 -0.014807
endloop
endfacet
facet normal -0.478336 0.429089 0.766210
outer loop
vertex -0.044276 0.002308 -0.007484
vertex -0.052372 0.009729 -0.016695
vertex -0.054085 0.004449 -0.014807
endloop
endfacet
facet normal 0.004922 0.813203 0.581959
outer loop
vertex -0.045476 0.017670 -0.021801
vertex -0.039261 0.010672 -0.012075
vertex -0.042401 0.017696 -0.021864
endloop
endfacet
facet normal 0.058464 0.875038 0.480511
outer loop
vertex -0.042401 0.017696 -0.021864
vertex -0.032192 0.013356 -0.015201
vertex -0.035339 0.016491 -0.020527
endloop
endfacet
facet normal 0.146513 0.887909 0.436063
outer loop
vertex -0.035339 0.016491 -0.020527
vertex -0.032192 0.013356 -0.015201
vertex -0.019491 0.011814 -0.016329
endloop
endfacet
facet normal 0.080180 0.927459 -0.365227
outer loop
vertex -0.032192 0.013356 -0.015201
vertex -0.019708 0.012100 -0.015650
vertex -0.019491 0.011814 -0.016329
endloop
endfacet
facet normal 0.106071 0.952202 0.286462
outer loop
vertex -0.024495 0.010920 -0.009956
vertex -0.019708 0.012100 -0.015650
vertex -0.032192 0.013356 -0.015201
endloop
endfacet
facet normal -0.049454 0.918721 0.391799
outer loop
vertex -0.027610 0.008864 -0.005528
vertex -0.024495 0.010920 -0.009956
vertex -0.032667 0.010825 -0.010763
endloop
endfacet
facet normal -0.116115 0.868098 0.482622
outer loop
vertex -0.032667 0.010825 -0.010763
vertex -0.032192 0.013356 -0.015201
vertex -0.039261 0.010672 -0.012075
endloop
endfacet
facet normal -0.303027 0.604695 0.736558
outer loop
vertex -0.050575 0.015179 -0.020430
vertex -0.052372 0.009729 -0.016695
vertex -0.039261 0.010672 -0.012075
endloop
endfacet
facet normal -0.437980 0.471859 0.765194
outer loop
vertex -0.052372 0.009729 -0.016695
vertex -0.044276 0.002308 -0.007484
vertex -0.032643 0.004692 -0.002296
endloop
endfacet
facet normal -0.588953 0.298648 0.750962
outer loop
vertex -0.044276 0.002308 -0.007484
vertex -0.045526 -0.003804 -0.006034
vertex -0.034107 -0.000953 0.001788
endloop
endfacet
facet normal -0.621396 0.139166 0.771038
outer loop
vertex -0.033892 -0.010405 0.004533
vertex -0.045526 -0.003804 -0.006034
vertex -0.052961 -0.003073 -0.012158
endloop
endfacet
facet normal -0.656657 -0.154422 0.738211
outer loop
vertex -0.032709 -0.013310 0.004978
vertex -0.033892 -0.010405 0.004533
vertex -0.041165 -0.015239 -0.002947
endloop
endfacet
facet normal -0.528803 0.296830 0.795147
outer loop
vertex -0.045526 -0.003804 -0.006034
vertex -0.044276 0.002308 -0.007484
vertex -0.054085 0.004449 -0.014807
endloop
endfacet
facet normal -0.058564 0.869869 0.489794
outer loop
vertex -0.032192 0.013356 -0.015201
vertex -0.032667 0.010825 -0.010763
vertex -0.024495 0.010920 -0.009956
endloop
endfacet
facet normal -0.107868 0.892315 0.438336
outer loop
vertex -0.027610 0.008864 -0.005528
vertex -0.032667 0.010825 -0.010763
vertex -0.039261 0.010672 -0.012075
endloop
endfacet
facet normal -0.229221 0.753646 0.616015
outer loop
vertex -0.032643 0.004692 -0.002296
vertex -0.027610 0.008864 -0.005528
vertex -0.039261 0.010672 -0.012075
endloop
endfacet
facet normal -0.274227 0.726616 0.629943
outer loop
vertex -0.052372 0.009729 -0.016695
vertex -0.032643 0.004692 -0.002296
vertex -0.039261 0.010672 -0.012075
endloop
endfacet
facet normal -0.043896 0.804960 0.591703
outer loop
vertex -0.032192 0.013356 -0.015201
vertex -0.042401 0.017696 -0.021864
vertex -0.039261 0.010672 -0.012075
endloop
endfacet
facet normal -0.185685 0.737513 0.649304
outer loop
vertex -0.050575 0.015179 -0.020430
vertex -0.039261 0.010672 -0.012075
vertex -0.045476 0.017670 -0.021801
endloop
endfacet
facet normal -0.425153 0.600289 0.677420
outer loop
vertex -0.034107 -0.000953 0.001788
vertex -0.032643 0.004692 -0.002296
vertex -0.044276 0.002308 -0.007484
endloop
endfacet
facet normal -0.588564 0.317073 0.743678
outer loop
vertex -0.034828 -0.005695 0.003239
vertex -0.034107 -0.000953 0.001788
vertex -0.045526 -0.003804 -0.006034
endloop
endfacet
facet normal -0.644636 0.080859 0.760202
outer loop
vertex -0.045526 -0.003804 -0.006034
vertex -0.033892 -0.010405 0.004533
vertex -0.034828 -0.005695 0.003239
endloop
endfacet
facet normal -0.654238 0.019594 0.756035
outer loop
vertex -0.052961 -0.003073 -0.012158
vertex -0.048340 -0.010076 -0.007978
vertex -0.033892 -0.010405 0.004533
endloop
endfacet
facet normal 0.208574 0.150658 -0.966333
outer loop
vertex -0.042401 0.017696 -0.021864
vertex -0.035339 0.016491 -0.020527
vertex -0.028207 0.013854 -0.019399
endloop
endfacet
facet normal 0.384616 0.371538 -0.845003
outer loop
vertex -0.019491 0.011814 -0.016329
vertex -0.020615 0.011298 -0.017067
vertex -0.028207 0.013854 -0.019399
endloop
endfacet
facet normal 0.366311 0.762507 -0.533290
outer loop
vertex -0.019491 0.011814 -0.016329
vertex -0.028207 0.013854 -0.019399
vertex -0.035339 0.016491 -0.020527
endloop
endfacet
facet normal -0.019893 -0.050520 -0.998525
outer loop
vertex -0.049906 0.016055 -0.021631
vertex -0.045476 0.017670 -0.021801
vertex -0.042401 0.017696 -0.021864
endloop
endfacet
facet normal -0.290054 0.843027 0.452962
outer loop
vertex -0.050575 0.015179 -0.020430
vertex -0.045476 0.017670 -0.021801
vertex -0.049906 0.016055 -0.021631
endloop
endfacet
facet normal -0.946636 -0.012464 -0.322064
outer loop
vertex -0.053787 0.010781 -0.019102
vertex -0.054807 0.003407 -0.015819
vertex -0.054574 0.006805 -0.016636
endloop
endfacet
facet normal -0.190262 -0.398752 -0.897105
outer loop
vertex -0.053647 -0.002474 -0.013240
vertex -0.053787 0.010781 -0.019102
vertex -0.052305 0.013612 -0.020675
endloop
endfacet
facet normal -0.018654 -0.404554 -0.914324
outer loop
vertex -0.054807 0.003407 -0.015819
vertex -0.053787 0.010781 -0.019102
vertex -0.053647 -0.002474 -0.013240
endloop
endfacet
facet normal 0.394953 0.785398 0.476615
outer loop
vertex 0.030551 0.017331 0.004737
vertex 0.032957 0.017705 0.002126
vertex 0.028144 0.017944 0.005721
endloop
endfacet
facet normal 0.481797 0.870168 0.103340
outer loop
vertex 0.037134 0.016835 -0.000393
vertex 0.040465 0.015173 -0.001927
vertex 0.043488 0.013826 -0.004675
endloop
endfacet
facet normal 0.468181 0.705090 0.532593
outer loop
vertex 0.037134 0.016835 -0.000393
vertex 0.032957 0.017705 0.002126
vertex 0.030551 0.017331 0.004737
endloop
endfacet
facet normal 0.555440 0.500124 0.664351
outer loop
vertex 0.040465 0.015173 -0.001927
vertex 0.037134 0.016835 -0.000393
vertex 0.030551 0.017331 0.004737
endloop
endfacet
facet normal 0.710366 0.358671 0.605587
outer loop
vertex 0.048406 0.009706 -0.008004
vertex 0.043488 0.013826 -0.004675
vertex 0.040465 0.015173 -0.001927
endloop
endfacet
facet normal -0.030731 0.605742 -0.795067
outer loop
vertex 0.051983 0.005440 -0.011392
vertex 0.043488 0.013826 -0.004675
vertex 0.048406 0.009706 -0.008004
endloop
endfacet
facet normal -0.024170 0.650630 -0.759010
outer loop
vertex 0.026706 -0.002528 -0.009643
vertex 0.036005 -0.011951 -0.018016
vertex 0.028207 -0.013854 -0.019399
endloop
endfacet
facet normal 0.008797 0.563999 -0.825729
outer loop
vertex 0.028207 -0.013854 -0.019399
vertex 0.036005 -0.011951 -0.018016
vertex 0.042416 -0.017691 -0.021869
endloop
endfacet
facet normal -0.281952 0.409406 -0.867692
outer loop
vertex 0.051983 0.005440 -0.011392
vertex 0.044016 0.005365 -0.008839
vertex 0.043488 0.013826 -0.004675
endloop
endfacet
facet normal -0.427172 0.442096 -0.788718
outer loop
vertex 0.029668 0.017342 0.003704
vertex 0.032957 0.017705 0.002126
vertex 0.032355 0.007280 -0.003391
endloop
endfacet
facet normal -0.277888 0.555969 -0.783375
outer loop
vertex 0.044016 0.005365 -0.008839
vertex 0.034354 0.001697 -0.008014
vertex 0.029585 0.004350 -0.004440
endloop
endfacet
facet normal -0.013661 0.651560 -0.758474
outer loop
vertex 0.028207 -0.013854 -0.019399
vertex 0.020615 -0.011298 -0.017067
vertex 0.026706 -0.002528 -0.009643
endloop
endfacet
facet normal -0.333340 0.399457 -0.854002
outer loop
vertex 0.043488 0.013826 -0.004675
vertex 0.044016 0.005365 -0.008839
vertex 0.032355 0.007280 -0.003391
endloop
endfacet
facet normal -0.279014 0.431521 -0.857870
outer loop
vertex 0.044016 0.005365 -0.008839
vertex 0.051983 0.005440 -0.011392
vertex 0.049287 -0.004490 -0.015510
endloop
endfacet
facet normal -0.161851 0.492381 -0.855199
outer loop
vertex 0.044016 0.005365 -0.008839
vertex 0.049287 -0.004490 -0.015510
vertex 0.041600 -0.007841 -0.015985
endloop
endfacet
facet normal -0.061279 0.508123 -0.859102
outer loop
vertex 0.041600 -0.007841 -0.015985
vertex 0.042416 -0.017691 -0.021869
vertex 0.036005 -0.011951 -0.018016
endloop
endfacet
facet normal -0.142342 0.451279 -0.880957
outer loop
vertex 0.049287 -0.004490 -0.015510
vertex 0.051146 -0.015080 -0.021235
vertex 0.041600 -0.007841 -0.015985
endloop
endfacet
facet normal -0.115979 0.478414 -0.870442
outer loop
vertex 0.048484 -0.016733 -0.021789
vertex 0.041600 -0.007841 -0.015985
vertex 0.051146 -0.015080 -0.021235
endloop
endfacet
facet normal -0.279122 0.546426 -0.789626
outer loop
vertex 0.044016 0.005365 -0.008839
vertex 0.029585 0.004350 -0.004440
vertex 0.032355 0.007280 -0.003391
endloop
endfacet
facet normal -0.197383 0.642661 -0.740288
outer loop
vertex 0.029585 0.004350 -0.004440
vertex 0.034354 0.001697 -0.008014
vertex 0.026706 -0.002528 -0.009643
endloop
endfacet
facet normal -0.141889 0.569052 -0.809968
outer loop
vertex 0.034354 0.001697 -0.008014
vertex 0.041600 -0.007841 -0.015985
vertex 0.026706 -0.002528 -0.009643
endloop
endfacet
facet normal -0.360144 0.452545 -0.815781
outer loop
vertex 0.032355 0.007280 -0.003391
vertex 0.032957 0.017705 0.002126
vertex 0.043488 0.013826 -0.004675
endloop
endfacet
facet normal -0.467985 0.226990 -0.854088
outer loop
vertex 0.037134 0.016835 -0.000393
vertex 0.043488 0.013826 -0.004675
vertex 0.032957 0.017705 0.002126
endloop
endfacet
facet normal -0.258967 0.495899 -0.828867
outer loop
vertex 0.034354 0.001697 -0.008014
vertex 0.044016 0.005365 -0.008839
vertex 0.041600 -0.007841 -0.015985
endloop
endfacet
facet normal -0.134828 0.580527 -0.803000
outer loop
vertex 0.026706 -0.002528 -0.009643
vertex 0.041600 -0.007841 -0.015985
vertex 0.036005 -0.011951 -0.018016
endloop
endfacet
facet normal -0.068838 0.507407 -0.858952
outer loop
vertex 0.042416 -0.017691 -0.021869
vertex 0.041600 -0.007841 -0.015985
vertex 0.048484 -0.016733 -0.021789
endloop
endfacet
facet normal -0.209210 -0.153137 -0.965805
outer loop
vertex 0.042416 -0.017691 -0.021869
vertex 0.035327 -0.016488 -0.020524
vertex 0.028207 -0.013854 -0.019399
endloop
endfacet
facet normal -0.374999 -0.320178 -0.869978
outer loop
vertex 0.019393 -0.011761 -0.016370
vertex 0.020615 -0.011298 -0.017067
vertex 0.028207 -0.013854 -0.019399
endloop
endfacet
facet normal -0.365690 -0.757448 -0.540873
outer loop
vertex 0.019393 -0.011761 -0.016370
vertex 0.028207 -0.013854 -0.019399
vertex 0.035327 -0.016488 -0.020524
endloop
endfacet
facet normal 0.022441 -0.059402 -0.997982
outer loop
vertex 0.048484 -0.016733 -0.021789
vertex 0.045476 -0.017670 -0.021801
vertex 0.042416 -0.017691 -0.021869
endloop
endfacet
facet normal 0.676569 -0.017355 0.736175
outer loop
vertex 0.048406 0.009706 -0.008004
vertex 0.049547 0.003466 -0.009200
vertex 0.051983 0.005440 -0.011392
endloop
endfacet
facet normal 0.547343 -0.236142 0.802903
outer loop
vertex 0.049547 0.003466 -0.009200
vertex 0.045058 -0.001324 -0.007548
vertex 0.053723 -0.002260 -0.013731
endloop
endfacet
facet normal 0.513568 -0.367373 0.775425
outer loop
vertex 0.053723 -0.002260 -0.013731
vertex 0.045058 -0.001324 -0.007548
vertex 0.053896 -0.008374 -0.016742
endloop
endfacet
facet normal -0.007365 -0.813928 0.580919
outer loop
vertex 0.045476 -0.017670 -0.021801
vertex 0.039261 -0.010672 -0.012075
vertex 0.042416 -0.017691 -0.021869
endloop
endfacet
facet normal 0.039207 -0.806180 0.590369
outer loop
vertex 0.039261 -0.010672 -0.012075
vertex 0.032236 -0.013529 -0.015510
vertex 0.042416 -0.017691 -0.021869
endloop
endfacet
facet normal -0.057167 -0.874840 0.481027
outer loop
vertex 0.042416 -0.017691 -0.021869
vertex 0.032236 -0.013529 -0.015510
vertex 0.035327 -0.016488 -0.020524
endloop
endfacet
facet normal -0.151311 -0.889312 0.431543
outer loop
vertex 0.035327 -0.016488 -0.020524
vertex 0.032236 -0.013529 -0.015510
vertex 0.019393 -0.011761 -0.016370
endloop
endfacet
facet normal -0.102931 -0.925406 -0.364732
outer loop
vertex 0.019393 -0.011761 -0.016370
vertex 0.032236 -0.013529 -0.015510
vertex 0.019826 -0.012088 -0.015663
endloop
endfacet
facet normal 0.049454 -0.918721 0.391799
outer loop
vertex 0.027610 -0.008864 -0.005528
vertex 0.024495 -0.010920 -0.009956
vertex 0.032667 -0.010825 -0.010763
endloop
endfacet
facet normal 0.116313 -0.867480 0.483684
outer loop
vertex 0.032667 -0.010825 -0.010763
vertex 0.032236 -0.013529 -0.015510
vertex 0.039261 -0.010672 -0.012075
endloop
endfacet
facet normal 0.314241 -0.668400 0.674162
outer loop
vertex 0.033431 -0.003328 -0.001371
vertex 0.031160 -0.005846 -0.002810
vertex 0.052502 -0.010461 -0.017332
endloop
endfacet
facet normal 0.310735 -0.571373 0.759590
outer loop
vertex 0.049177 -0.013653 -0.018374
vertex 0.052502 -0.010461 -0.017332
vertex 0.039261 -0.010672 -0.012075
endloop
endfacet
facet normal 0.408805 -0.490841 0.769385
outer loop
vertex 0.053896 -0.008374 -0.016742
vertex 0.045058 -0.001324 -0.007548
vertex 0.052502 -0.010461 -0.017332
endloop
endfacet
facet normal 0.540373 -0.398903 0.740860
outer loop
vertex 0.045058 -0.001324 -0.007548
vertex 0.034723 0.003746 0.002720
vertex 0.033760 0.000049 0.001431
endloop
endfacet
facet normal 0.576381 0.297426 0.761132
outer loop
vertex 0.040465 0.015173 -0.001927
vertex 0.030551 0.017331 0.004737
vertex 0.033302 0.011081 0.005096
endloop
endfacet
facet normal 0.619748 -0.130672 0.773845
outer loop
vertex 0.033302 0.011081 0.005096
vertex 0.034723 0.003746 0.002720
vertex 0.049547 0.003466 -0.009200
endloop
endfacet
facet normal 0.656482 0.127044 0.743567
outer loop
vertex 0.048406 0.009706 -0.008004
vertex 0.040465 0.015173 -0.001927
vertex 0.033302 0.011081 0.005096
endloop
endfacet
facet normal 0.653683 -0.025412 0.756342
outer loop
vertex 0.049547 0.003466 -0.009200
vertex 0.048406 0.009706 -0.008004
vertex 0.033302 0.011081 0.005096
endloop
endfacet
facet normal -0.113940 -0.950880 0.287829
outer loop
vertex 0.032236 -0.013529 -0.015510
vertex 0.024495 -0.010920 -0.009956
vertex 0.019826 -0.012088 -0.015663
endloop
endfacet
facet normal 0.058598 -0.869659 0.490162
outer loop
vertex 0.032236 -0.013529 -0.015510
vertex 0.032667 -0.010825 -0.010763
vertex 0.024495 -0.010920 -0.009956
endloop
endfacet
facet normal 0.107868 -0.892315 0.438336
outer loop
vertex 0.027610 -0.008864 -0.005528
vertex 0.032667 -0.010825 -0.010763
vertex 0.039261 -0.010672 -0.012075
endloop
endfacet
facet normal 0.210680 -0.779345 0.590115
outer loop
vertex 0.031160 -0.005846 -0.002810
vertex 0.027610 -0.008864 -0.005528
vertex 0.039261 -0.010672 -0.012075
endloop
endfacet
facet normal 0.255224 -0.747958 0.612715
outer loop
vertex 0.052502 -0.010461 -0.017332
vertex 0.031160 -0.005846 -0.002810
vertex 0.039261 -0.010672 -0.012075
endloop
endfacet
facet normal 0.221428 -0.718983 0.658812
outer loop
vertex 0.048484 -0.016733 -0.021789
vertex 0.039261 -0.010672 -0.012075
vertex 0.045476 -0.017670 -0.021801
endloop
endfacet
facet normal 0.180428 -0.748397 0.638238
outer loop
vertex 0.039261 -0.010672 -0.012075
vertex 0.048484 -0.016733 -0.021789
vertex 0.049177 -0.013653 -0.018374
endloop
endfacet
facet normal 0.454734 -0.594634 0.663045
outer loop
vertex 0.033760 0.000049 0.001431
vertex 0.033431 -0.003328 -0.001371
vertex 0.045058 -0.001324 -0.007548
endloop
endfacet
facet normal 0.594368 -0.299745 0.746243
outer loop
vertex 0.045058 -0.001324 -0.007548
vertex 0.049547 0.003466 -0.009200
vertex 0.034723 0.003746 0.002720
endloop
endfacet
facet normal 0.915891 0.048330 0.398506
outer loop
vertex 0.034723 0.003746 0.002720
vertex 0.033302 0.011081 0.005096
vertex 0.033947 0.005446 0.004297
endloop
endfacet
facet normal 0.480428 -0.428212 0.765391
outer loop
vertex 0.052502 -0.010461 -0.017332
vertex 0.045058 -0.001324 -0.007548
vertex 0.033431 -0.003328 -0.001371
endloop
endfacet
facet normal -0.864533 -0.362908 0.347678
outer loop
vertex -0.052961 -0.003073 -0.012158
vertex -0.053647 -0.002474 -0.013240
vertex -0.048340 -0.010076 -0.007978
endloop
endfacet
facet normal -0.492491 -0.613910 0.616901
outer loop
vertex -0.036899 -0.016508 0.000391
vertex -0.033764 -0.017700 0.001708
vertex -0.030308 -0.016730 0.005431
endloop
endfacet
facet normal -0.420735 -0.884591 0.201199
outer loop
vertex -0.041165 -0.015239 -0.002947
vertex -0.033764 -0.017700 0.001708
vertex -0.036899 -0.016508 0.000391
endloop
endfacet
facet normal -0.077454 -0.748941 -0.658094
outer loop
vertex -0.048204 -0.009919 -0.008173
vertex -0.041165 -0.015239 -0.002947
vertex -0.048340 -0.010076 -0.007978
endloop
endfacet
facet normal -0.411961 -0.712610 0.567869
outer loop
vertex -0.033764 -0.017700 0.001708
vertex -0.028971 -0.017823 0.005030
vertex -0.030308 -0.016730 0.005431
endloop
endfacet
facet normal -0.047839 -0.998345 0.031926
outer loop
vertex -0.031067 -0.017778 0.003299
vertex -0.028971 -0.017823 0.005030
vertex -0.033764 -0.017700 0.001708
endloop
endfacet
facet normal -0.247717 -0.662404 -0.707006
outer loop
vertex -0.053647 -0.002474 -0.013240
vertex -0.048204 -0.009919 -0.008173
vertex -0.048340 -0.010076 -0.007978
endloop
endfacet
facet normal 0.720791 -0.047171 0.691546
outer loop
vertex 0.051983 0.005440 -0.011392
vertex 0.053723 -0.002260 -0.013731
vertex 0.054291 0.000621 -0.014126
endloop
endfacet
facet normal 0.694482 -0.060829 0.716934
outer loop
vertex 0.053723 -0.002260 -0.013731
vertex 0.051983 0.005440 -0.011392
vertex 0.049547 0.003466 -0.009200
endloop
endfacet
facet normal 0.331704 -0.733102 0.593746
outer loop
vertex 0.048484 -0.016733 -0.021789
vertex 0.051146 -0.015080 -0.021235
vertex 0.049177 -0.013653 -0.018374
endloop
endfacet
facet normal 0.431786 -0.652718 0.622511
outer loop
vertex 0.049177 -0.013653 -0.018374
vertex 0.051146 -0.015080 -0.021235
vertex 0.052502 -0.010461 -0.017332
endloop
endfacet
facet normal 0.560650 -0.624249 0.544045
outer loop
vertex 0.051146 -0.015080 -0.021235
vertex 0.053612 -0.011306 -0.019447
vertex 0.052502 -0.010461 -0.017332
endloop
endfacet
facet normal 0.614677 -0.566160 0.549213
outer loop
vertex 0.052502 -0.010461 -0.017332
vertex 0.053612 -0.011306 -0.019447
vertex 0.053896 -0.008374 -0.016742
endloop
endfacet
facet normal 0.915358 -0.317312 0.247857
outer loop
vertex 0.053612 -0.011306 -0.019447
vertex 0.054753 -0.005723 -0.016514
vertex 0.053896 -0.008374 -0.016742
endloop
endfacet
facet normal 0.724172 -0.288090 0.626561
outer loop
vertex 0.053896 -0.008374 -0.016742
vertex 0.054753 -0.005723 -0.016514
vertex 0.053723 -0.002260 -0.013731
endloop
endfacet
facet normal 0.879802 -0.109904 0.462461
outer loop
vertex 0.054753 -0.005723 -0.016514
vertex 0.054291 0.000621 -0.014126
vertex 0.053723 -0.002260 -0.013731
endloop
endfacet
facet normal -0.160906 0.415047 -0.895458
outer loop
vertex 0.053612 -0.011306 -0.019447
vertex 0.049287 -0.004490 -0.015510
vertex 0.051983 0.005440 -0.011392
endloop
endfacet
facet normal -0.070963 0.464705 -0.882618
outer loop
vertex 0.053612 -0.011306 -0.019447
vertex 0.051146 -0.015080 -0.021235
vertex 0.049287 -0.004490 -0.015510
endloop
endfacet
facet normal 0.444120 0.343815 -0.827375
outer loop
vertex 0.054291 0.000621 -0.014126
vertex 0.054753 -0.005723 -0.016514
vertex 0.053612 -0.011306 -0.019447
endloop
endfacet
facet normal -0.201497 0.408573 -0.890206
outer loop
vertex 0.051983 0.005440 -0.011392
vertex 0.054291 0.000621 -0.014126
vertex 0.053612 -0.011306 -0.019447
endloop
endfacet
facet normal 0.321437 -0.540642 -0.777421
outer loop
vertex -0.029585 -0.004350 -0.004440
vertex -0.030933 -0.010358 -0.000819
vertex -0.042111 -0.008861 -0.006481
endloop
endfacet
facet normal 0.024170 -0.650630 -0.759010
outer loop
vertex -0.026706 0.002528 -0.009643
vertex -0.036005 0.011951 -0.018016
vertex -0.028207 0.013854 -0.019399
endloop
endfacet
facet normal -0.009051 -0.563303 -0.826201
outer loop
vertex -0.028207 0.013854 -0.019399
vertex -0.036005 0.011951 -0.018016
vertex -0.042401 0.017696 -0.021864
endloop
endfacet
facet normal 0.309852 -0.425314 -0.850353
outer loop
vertex -0.048204 -0.009919 -0.008173
vertex -0.042111 -0.008861 -0.006481
vertex -0.041165 -0.015239 -0.002947
endloop
endfacet
facet normal 0.446690 -0.440289 -0.778854
outer loop
vertex -0.031067 -0.017778 0.003299
vertex -0.033764 -0.017700 0.001708
vertex -0.030933 -0.010358 -0.000819
endloop
endfacet
facet normal 0.240984 -0.597400 -0.764879
outer loop
vertex -0.044464 -0.002341 -0.010696
vertex -0.034354 -0.001697 -0.008014
vertex -0.029585 -0.004350 -0.004440
endloop
endfacet
facet normal 0.013661 -0.651560 -0.758474
outer loop
vertex -0.028207 0.013854 -0.019399
vertex -0.020615 0.011298 -0.017067
vertex -0.026706 0.002528 -0.009643
endloop
endfacet
facet normal 0.247551 -0.423428 -0.871451
outer loop
vertex -0.052305 0.013612 -0.020675
vertex -0.044464 -0.002341 -0.010696
vertex -0.053647 -0.002474 -0.013240
endloop
endfacet
facet normal 0.065949 -0.503449 -0.861504
outer loop
vertex -0.042815 0.006826 -0.015543
vertex -0.042401 0.017696 -0.021864
vertex -0.036005 0.011951 -0.018016
endloop
endfacet
facet normal 0.133602 -0.472156 -0.871332
outer loop
vertex -0.052305 0.013612 -0.020675
vertex -0.049906 0.016055 -0.021631
vertex -0.042815 0.006826 -0.015543
endloop
endfacet
facet normal 0.363028 -0.425312 -0.829048
outer loop
vertex -0.042111 -0.008861 -0.006481
vertex -0.030933 -0.010358 -0.000819
vertex -0.033764 -0.017700 0.001708
endloop
endfacet
facet normal 0.296778 -0.440596 -0.847229
outer loop
vertex -0.044464 -0.002341 -0.010696
vertex -0.029585 -0.004350 -0.004440
vertex -0.042111 -0.008861 -0.006481
endloop
endfacet
facet normal 0.197383 -0.642661 -0.740288
outer loop
vertex -0.029585 -0.004350 -0.004440
vertex -0.034354 -0.001697 -0.008014
vertex -0.026706 0.002528 -0.009643
endloop
endfacet
facet normal 0.143538 -0.571312 -0.808084
outer loop
vertex -0.034354 -0.001697 -0.008014
vertex -0.042815 0.006826 -0.015543
vertex -0.026706 0.002528 -0.009643
endloop
endfacet
facet normal 0.387913 -0.402102 -0.829360
outer loop
vertex -0.042111 -0.008861 -0.006481
vertex -0.033764 -0.017700 0.001708
vertex -0.041165 -0.015239 -0.002947
endloop
endfacet
facet normal 0.242816 -0.463330 -0.852271
outer loop
vertex -0.042111 -0.008861 -0.006481
vertex -0.053647 -0.002474 -0.013240
vertex -0.044464 -0.002341 -0.010696
endloop
endfacet
facet normal 0.307627 -0.371404 -0.876028
outer loop
vertex -0.042111 -0.008861 -0.006481
vertex -0.048204 -0.009919 -0.008173
vertex -0.053647 -0.002474 -0.013240
endloop
endfacet
facet normal 0.252790 -0.487356 -0.835812
outer loop
vertex -0.034354 -0.001697 -0.008014
vertex -0.044464 -0.002341 -0.010696
vertex -0.042815 0.006826 -0.015543
endloop
endfacet
facet normal 0.141150 -0.576133 -0.805076
outer loop
vertex -0.026706 0.002528 -0.009643
vertex -0.042815 0.006826 -0.015543
vertex -0.036005 0.011951 -0.018016
endloop
endfacet
facet normal 0.125125 -0.481210 -0.867629
outer loop
vertex -0.044464 -0.002341 -0.010696
vertex -0.052305 0.013612 -0.020675
vertex -0.042815 0.006826 -0.015543
endloop
endfacet
facet normal 0.083425 -0.503288 -0.860083
outer loop
vertex -0.042401 0.017696 -0.021864
vertex -0.042815 0.006826 -0.015543
vertex -0.049906 0.016055 -0.021631
endloop
endfacet
facet normal 0.322150 -0.383467 -0.865547
outer loop
vertex 0.011814 0.019491 -0.016329
vertex 0.011285 0.020697 -0.017060
vertex 0.013611 0.027670 -0.019284
endloop
endfacet
facet normal 0.731593 -0.368033 -0.573866
outer loop
vertex 0.011814 0.019491 -0.016329
vertex 0.013611 0.027670 -0.019284
vertex 0.016820 0.036921 -0.021126
endloop
endfacet
facet normal -0.033776 -0.097919 -0.994621
outer loop
vertex 0.017433 0.046095 -0.022050
vertex 0.017726 0.042176 -0.021674
vertex 0.016820 0.036921 -0.021126
endloop
endfacet
facet normal 0.865671 0.016740 -0.500333
outer loop
vertex 0.017433 0.046095 -0.022050
vertex 0.017555 0.046714 -0.021817
vertex 0.017726 0.042176 -0.021674
endloop
endfacet
facet normal 0.297250 0.283664 -0.911689
outer loop
vertex 0.015079 0.051151 -0.021244
vertex 0.017555 0.046714 -0.021817
vertex 0.017433 0.046095 -0.022050
endloop
endfacet
facet normal -0.540374 0.019973 -0.841188
outer loop
vertex 0.012085 0.035959 -0.018107
vertex 0.016820 0.036921 -0.021126
vertex 0.013611 0.027670 -0.019284
endloop
endfacet
facet normal -0.420981 -0.222235 -0.879424
outer loop
vertex 0.007432 0.051914 -0.017505
vertex -0.007573 0.050355 -0.009928
vertex -0.002400 0.053682 -0.013245
endloop
endfacet
facet normal -0.656140 -0.021733 -0.754326
outer loop
vertex 0.013611 0.027670 -0.019284
vertex 0.011285 0.020697 -0.017060
vertex 0.003860 0.025928 -0.010753
endloop
endfacet
facet normal -0.636812 -0.107686 -0.763462
outer loop
vertex -0.004189 0.029560 -0.004551
vertex 0.005501 0.039453 -0.014029
vertex 0.003860 0.025928 -0.010753
endloop
endfacet
facet normal -0.462186 -0.334226 -0.821388
outer loop
vertex 0.005501 0.039453 -0.014029
vertex -0.004189 0.029560 -0.004551
vertex -0.001776 0.035259 -0.008228
endloop
endfacet
facet normal -0.561454 -0.249698 -0.788936
outer loop
vertex -0.002742 0.045242 -0.010700
vertex -0.001776 0.035259 -0.008228
vertex -0.007280 0.032355 -0.003391
endloop
endfacet
facet normal -0.411607 -0.333289 -0.848232
outer loop
vertex -0.015885 0.039572 -0.002051
vertex -0.013513 0.044010 -0.004946
vertex -0.007280 0.032355 -0.003391
endloop
endfacet
facet normal -0.428360 -0.274857 -0.860791
outer loop
vertex -0.013513 0.044010 -0.004946
vertex -0.007573 0.050355 -0.009928
vertex -0.002742 0.045242 -0.010700
endloop
endfacet
facet normal -0.413741 -0.259251 -0.872701
outer loop
vertex 0.007432 0.051914 -0.017505
vertex -0.002742 0.045242 -0.010700
vertex -0.007573 0.050355 -0.009928
endloop
endfacet
facet normal -0.541699 -0.040767 -0.839583
outer loop
vertex 0.005501 0.039453 -0.014029
vertex 0.017433 0.046095 -0.022050
vertex 0.012085 0.035959 -0.018107
endloop
endfacet
facet normal -0.529701 -0.049872 -0.846717
outer loop
vertex 0.017433 0.046095 -0.022050
vertex 0.016820 0.036921 -0.021126
vertex 0.012085 0.035959 -0.018107
endloop
endfacet
facet normal -0.485716 -0.164248 -0.858547
outer loop
vertex 0.007432 0.051914 -0.017505
vertex 0.017433 0.046095 -0.022050
vertex 0.005501 0.039453 -0.014029
endloop
endfacet
facet normal -0.547252 -0.277666 -0.789567
outer loop
vertex -0.001776 0.035259 -0.008228
vertex -0.004189 0.029560 -0.004551
vertex -0.007280 0.032355 -0.003391
endloop
endfacet
facet normal -0.570288 -0.127392 -0.811507
outer loop
vertex 0.012085 0.035959 -0.018107
vertex 0.003860 0.025928 -0.010753
vertex 0.005501 0.039453 -0.014029
endloop
endfacet
facet normal -0.657024 -0.013919 -0.753741
outer loop
vertex 0.003860 0.025928 -0.010753
vertex 0.012085 0.035959 -0.018107
vertex 0.013611 0.027670 -0.019284
endloop
endfacet
facet normal -0.455561 -0.395077 -0.797733
outer loop
vertex -0.007280 0.032355 -0.003391
vertex -0.017867 0.029774 0.003933
vertex -0.015885 0.039572 -0.002051
endloop
endfacet
facet normal -0.414000 -0.334358 -0.846646
outer loop
vertex -0.002742 0.045242 -0.010700
vertex -0.007280 0.032355 -0.003391
vertex -0.013513 0.044010 -0.004946
endloop
endfacet
facet normal -0.509752 -0.252953 -0.822294
outer loop
vertex -0.001776 0.035259 -0.008228
vertex -0.002742 0.045242 -0.010700
vertex 0.005501 0.039453 -0.014029
endloop
endfacet
facet normal -0.468929 -0.169175 -0.866883
outer loop
vertex -0.002742 0.045242 -0.010700
vertex 0.007432 0.051914 -0.017505
vertex 0.005501 0.039453 -0.014029
endloop
endfacet
facet normal -0.443466 -0.063952 -0.894007
outer loop
vertex 0.017433 0.046095 -0.022050
vertex 0.007432 0.051914 -0.017505
vertex 0.015079 0.051151 -0.021244
endloop
endfacet
facet normal -0.020212 0.936057 -0.351267
outer loop
vertex 0.011235 0.053655 -0.019339
vertex 0.003407 0.054807 -0.015819
vertex 0.006805 0.054574 -0.016636
endloop
endfacet
facet normal -0.416641 -0.519374 -0.746097
outer loop
vertex -0.002400 0.053682 -0.013245
vertex 0.015079 0.051151 -0.021244
vertex 0.007432 0.051914 -0.017505
endloop
endfacet
facet normal -0.406976 0.068069 -0.910899
outer loop
vertex -0.002400 0.053682 -0.013245
vertex 0.011235 0.053655 -0.019339
vertex 0.015079 0.051151 -0.021244
endloop
endfacet
facet normal -0.407946 0.017307 -0.912842
outer loop
vertex 0.003407 0.054807 -0.015819
vertex 0.011235 0.053655 -0.019339
vertex -0.002400 0.053682 -0.013245
endloop
endfacet
facet normal 0.758186 0.352252 0.548701
outer loop
vertex 0.017555 0.046714 -0.021817
vertex 0.015079 0.051151 -0.021244
vertex 0.013850 0.050441 -0.019089
endloop
endfacet
facet normal 0.071152 0.845072 0.529897
outer loop
vertex -0.002400 0.053682 -0.013245
vertex 0.004449 0.054085 -0.014807
vertex 0.003407 0.054807 -0.015819
endloop
endfacet
facet normal 0.630478 0.555054 0.542598
outer loop
vertex 0.015079 0.051151 -0.021244
vertex 0.011235 0.053655 -0.019339
vertex 0.013850 0.050441 -0.019089
endloop
endfacet
facet normal 0.597762 0.532833 0.598973
outer loop
vertex 0.013850 0.050441 -0.019089
vertex 0.011235 0.053655 -0.019339
vertex 0.009729 0.052372 -0.016695
endloop
endfacet
facet normal 0.086647 0.804618 0.587437
outer loop
vertex -0.003073 0.052961 -0.012158
vertex 0.004449 0.054085 -0.014807
vertex -0.002400 0.053682 -0.013245
endloop
endfacet
facet normal 0.492880 0.638873 0.590687
outer loop
vertex 0.006805 0.054574 -0.016636
vertex 0.009729 0.052372 -0.016695
vertex 0.011235 0.053655 -0.019339
endloop
endfacet
facet normal 0.433874 0.557380 0.707870
outer loop
vertex 0.004449 0.054085 -0.014807
vertex 0.009729 0.052372 -0.016695
vertex 0.006805 0.054574 -0.016636
endloop
endfacet
facet normal 0.168714 0.876110 0.451627
outer loop
vertex 0.006805 0.054574 -0.016636
vertex 0.003407 0.054807 -0.015819
vertex 0.004449 0.054085 -0.014807
endloop
endfacet
facet normal -0.150803 0.653999 0.741312
outer loop
vertex -0.013513 0.044010 -0.004946
vertex -0.011398 0.033650 0.004624
vertex -0.009047 0.049076 -0.008507
endloop
endfacet
facet normal -0.227049 0.829187 0.510781
outer loop
vertex -0.009047 0.049076 -0.008507
vertex -0.003073 0.052961 -0.012158
vertex -0.007573 0.050355 -0.009928
endloop
endfacet
facet normal 0.178567 0.615032 0.768016
outer loop
vertex -0.003073 0.052961 -0.012158
vertex -0.003804 0.045526 -0.006034
vertex 0.004449 0.054085 -0.014807
endloop
endfacet
facet normal 0.429090 0.478336 0.766210
outer loop
vertex 0.002308 0.044276 -0.007484
vertex 0.009729 0.052372 -0.016695
vertex 0.004449 0.054085 -0.014807
endloop
endfacet
facet normal 0.893521 -0.108636 0.435682
outer loop
vertex 0.017726 0.042176 -0.021674
vertex 0.013356 0.032192 -0.015201
vertex 0.016820 0.036921 -0.021126
endloop
endfacet
facet normal 0.900339 -0.145715 0.410070
outer loop
vertex 0.016820 0.036921 -0.021126
vertex 0.013356 0.032192 -0.015201
vertex 0.011814 0.019491 -0.016329
endloop
endfacet
facet normal 0.927459 -0.080181 -0.365228
outer loop
vertex 0.013356 0.032192 -0.015201
vertex 0.012100 0.019708 -0.015650
vertex 0.011814 0.019491 -0.016329
endloop
endfacet
facet normal 0.952202 -0.106070 0.286461
outer loop
vertex 0.010920 0.024495 -0.009956
vertex 0.012100 0.019708 -0.015650
vertex 0.013356 0.032192 -0.015201
endloop
endfacet
facet normal 0.918721 0.049454 0.391799
outer loop
vertex 0.008864 0.027610 -0.005528
vertex 0.010920 0.024495 -0.009956
vertex 0.010825 0.032667 -0.010763
endloop
endfacet
facet normal 0.681182 0.401879 0.611951
outer loop
vertex 0.001459 0.033376 0.000619
vertex 0.005846 0.031160 -0.002810
vertex 0.002308 0.044276 -0.007484
endloop
endfacet
facet normal 0.867296 -0.024296 0.497199
outer loop
vertex 0.010825 0.032667 -0.010763
vertex 0.013356 0.032192 -0.015201
vertex 0.017555 0.046714 -0.021817
endloop
endfacet
facet normal 0.584317 0.324528 0.743812
outer loop
vertex 0.013850 0.050441 -0.019089
vertex 0.009729 0.052372 -0.016695
vertex 0.009640 0.039964 -0.011211
endloop
endfacet
facet normal 0.502248 0.407357 0.762763
outer loop
vertex 0.009729 0.052372 -0.016695
vertex 0.002308 0.044276 -0.007484
vertex 0.005846 0.031160 -0.002810
endloop
endfacet
facet normal 0.418113 0.520766 0.744301
outer loop
vertex 0.002308 0.044276 -0.007484
vertex -0.004852 0.034835 0.003143
vertex 0.001459 0.033376 0.000619
endloop
endfacet
facet normal 0.298854 0.604550 0.738380
outer loop
vertex 0.002308 0.044276 -0.007484
vertex -0.003804 0.045526 -0.006034
vertex -0.004852 0.034835 0.003143
endloop
endfacet
facet normal 0.056688 0.642116 0.764509
outer loop
vertex -0.011398 0.033650 0.004624
vertex -0.004852 0.034835 0.003143
vertex -0.009047 0.049076 -0.008507
endloop
endfacet
facet normal 0.062413 0.630869 0.773375
outer loop
vertex -0.009047 0.049076 -0.008507
vertex -0.003804 0.045526 -0.006034
vertex -0.003073 0.052961 -0.012158
endloop
endfacet
facet normal -0.214100 0.638870 0.738922
outer loop
vertex -0.016907 0.036629 0.000452
vertex -0.011398 0.033650 0.004624
vertex -0.013513 0.044010 -0.004946
endloop
endfacet
facet normal 0.296830 0.528803 0.795147
outer loop
vertex -0.003804 0.045526 -0.006034
vertex 0.002308 0.044276 -0.007484
vertex 0.004449 0.054085 -0.014807
endloop
endfacet
facet normal 0.869869 0.058564 0.489794
outer loop
vertex 0.013356 0.032192 -0.015201
vertex 0.010825 0.032667 -0.010763
vertex 0.010920 0.024495 -0.009956
endloop
endfacet
facet normal 0.858191 0.169081 0.484685
outer loop
vertex 0.008864 0.027610 -0.005528
vertex 0.010825 0.032667 -0.010763
vertex 0.009640 0.039964 -0.011211
endloop
endfacet
facet normal 0.782537 0.218977 0.582824
outer loop
vertex 0.005846 0.031160 -0.002810
vertex 0.008864 0.027610 -0.005528
vertex 0.009640 0.039964 -0.011211
endloop
endfacet
facet normal 0.742796 0.266172 0.614334
outer loop
vertex 0.009729 0.052372 -0.016695
vertex 0.005846 0.031160 -0.002810
vertex 0.009640 0.039964 -0.011211
endloop
endfacet
facet normal 0.739491 0.160193 0.653828
outer loop
vertex 0.010825 0.032667 -0.010763
vertex 0.017555 0.046714 -0.021817
vertex 0.009640 0.039964 -0.011211
endloop
endfacet
facet normal 0.791138 0.048965 0.609675
outer loop
vertex 0.013356 0.032192 -0.015201
vertex 0.017726 0.042176 -0.021674
vertex 0.017555 0.046714 -0.021817
endloop
endfacet
facet normal 0.710921 0.217303 0.668857
outer loop
vertex 0.009640 0.039964 -0.011211
vertex 0.017555 0.046714 -0.021817
vertex 0.013850 0.050441 -0.019089
endloop
endfacet
facet normal -0.241020 0.610663 0.754321
outer loop
vertex -0.015824 0.031683 0.004802
vertex -0.011398 0.033650 0.004624
vertex -0.016907 0.036629 0.000452
endloop
endfacet
facet normal 0.078136 0.644936 0.760232
outer loop
vertex -0.003804 0.045526 -0.006034
vertex -0.009047 0.049076 -0.008507
vertex -0.004852 0.034835 0.003143
endloop
endfacet
facet normal -0.313821 0.869108 0.382319
outer loop
vertex -0.003073 0.052961 -0.012158
vertex -0.002400 0.053682 -0.013245
vertex -0.007573 0.050355 -0.009928
endloop
endfacet
facet normal -0.959747 0.221848 0.172247
outer loop
vertex -0.017709 0.029747 0.004848
vertex -0.016907 0.036629 0.000452
vertex -0.017867 0.029774 0.003933
endloop
endfacet
facet normal -0.557995 0.641551 0.526359
outer loop
vertex -0.015885 0.039572 -0.002051
vertex -0.016907 0.036629 0.000452
vertex -0.013513 0.044010 -0.004946
endloop
endfacet
facet normal -0.847208 -0.141407 -0.512096
outer loop
vertex -0.015885 0.039572 -0.002051
vertex -0.017867 0.029774 0.003933
vertex -0.016907 0.036629 0.000452
endloop
endfacet
facet normal -0.502722 0.506224 0.700720
outer loop
vertex -0.016907 0.036629 0.000452
vertex -0.017709 0.029747 0.004848
vertex -0.015824 0.031683 0.004802
endloop
endfacet
facet normal -0.787500 0.327123 -0.522335
outer loop
vertex -0.007573 0.050355 -0.009928
vertex -0.013513 0.044010 -0.004946
vertex -0.009047 0.049076 -0.008507
endloop
endfacet
facet normal -0.843554 0.067272 0.532814
outer loop
vertex -0.053647 -0.002474 -0.013240
vertex -0.054085 0.004449 -0.014807
vertex -0.054807 0.003407 -0.015819
endloop
endfacet
facet normal -0.675259 0.722118 0.150235
outer loop
vertex -0.049906 0.016055 -0.021631
vertex -0.052305 0.013612 -0.020675
vertex -0.050575 0.015179 -0.020430
endloop
endfacet
facet normal -0.618028 0.603415 0.503917
outer loop
vertex -0.050575 0.015179 -0.020430
vertex -0.052305 0.013612 -0.020675
vertex -0.053787 0.010781 -0.019102
endloop
endfacet
facet normal -0.560461 0.585921 0.585303
outer loop
vertex -0.050575 0.015179 -0.020430
vertex -0.053787 0.010781 -0.019102
vertex -0.052372 0.009729 -0.016695
endloop
endfacet
facet normal -0.822610 0.075551 0.563564
outer loop
vertex -0.052961 -0.003073 -0.012158
vertex -0.054085 0.004449 -0.014807
vertex -0.053647 -0.002474 -0.013240
endloop
endfacet
facet normal -0.638847 0.492864 0.590728
outer loop
vertex -0.054574 0.006805 -0.016636
vertex -0.052372 0.009729 -0.016695
vertex -0.053787 0.010781 -0.019102
endloop
endfacet
facet normal -0.557379 0.433873 0.707872
outer loop
vertex -0.054085 0.004449 -0.014807
vertex -0.052372 0.009729 -0.016695
vertex -0.054574 0.006805 -0.016636
endloop
endfacet
facet normal -0.876109 0.168713 0.451629
outer loop
vertex -0.054574 0.006805 -0.016636
vertex -0.054807 0.003407 -0.015819
vertex -0.054085 0.004449 -0.014807
endloop
endfacet
facet normal -0.171968 -0.412667 -0.894502
outer loop
vertex -0.010068 -0.018505 -0.017225
vertex -0.009659 -0.016353 -0.018297
vertex -0.007442 -0.017347 -0.018265
endloop
endfacet
facet normal -0.589751 0.270082 -0.761084
outer loop
vertex -0.010068 -0.018505 -0.017225
vertex -0.011285 -0.020697 -0.017060
vertex -0.012075 -0.019564 -0.016046
endloop
endfacet
facet normal -0.685321 0.005177 -0.728223
outer loop
vertex -0.012075 -0.019564 -0.016046
vertex -0.012773 -0.016202 -0.015365
vertex -0.009659 -0.016353 -0.018297
endloop
endfacet
facet normal -0.315087 -0.374331 -0.872122
outer loop
vertex -0.010068 -0.018505 -0.017225
vertex -0.012075 -0.019564 -0.016046
vertex -0.009659 -0.016353 -0.018297
endloop
endfacet
facet normal -0.859550 -0.399746 -0.318398
outer loop
vertex -0.013252 -0.018882 -0.010708
vertex -0.012773 -0.016202 -0.015365
vertex -0.010920 -0.024495 -0.009956
endloop
endfacet
facet normal -0.978224 -0.206758 0.018122
outer loop
vertex -0.012773 -0.016202 -0.015365
vertex -0.012075 -0.019564 -0.016046
vertex -0.010920 -0.024495 -0.009956
endloop
endfacet
facet normal 0.220057 -0.956603 -0.191012
outer loop
vertex 0.006754 -0.033075 0.006965
vertex 0.011562 -0.032141 0.007825
vertex 0.011170 -0.032685 0.010100
endloop
endfacet
facet normal -0.023662 -0.987466 0.156046
outer loop
vertex 0.006754 -0.033075 0.006965
vertex 0.011170 -0.032685 0.010100
vertex 0.001574 -0.032934 0.007070
endloop
endfacet
facet normal 0.454132 -0.845847 0.279835
outer loop
vertex 0.011081 -0.033302 0.005096
vertex 0.017015 -0.029551 0.006803
vertex 0.011562 -0.032141 0.007825
endloop
endfacet
facet normal 0.070140 -0.957835 0.278627
outer loop
vertex 0.005446 -0.033947 0.004297
vertex 0.011081 -0.033302 0.005096
vertex 0.006754 -0.033075 0.006965
endloop
endfacet
facet normal -0.019246 -0.947526 0.319100
outer loop
vertex 0.005446 -0.033947 0.004297
vertex 0.006754 -0.033075 0.006965
vertex 0.001574 -0.032934 0.007070
endloop
endfacet
facet normal -0.250713 -0.968055 0.003409
outer loop
vertex -0.000380 -0.032439 0.003887
vertex 0.005446 -0.033947 0.004297
vertex 0.001574 -0.032934 0.007070
endloop
endfacet
facet normal -0.254740 -0.869562 0.423048
outer loop
vertex 0.000049 -0.033760 0.001431
vertex 0.005446 -0.033947 0.004297
vertex -0.000380 -0.032439 0.003887
endloop
endfacet
facet normal -0.557019 -0.569783 0.604216
outer loop
vertex 0.000049 -0.033760 0.001431
vertex -0.005502 -0.030239 -0.000366
vertex -0.003328 -0.033431 -0.001371
endloop
endfacet
facet normal -0.779518 -0.244251 0.576796
outer loop
vertex -0.004119 -0.030924 0.003782
vertex -0.011096 -0.024936 -0.003112
vertex -0.008367 -0.027874 -0.000668
endloop
endfacet
facet normal -0.374864 -0.926660 -0.027886
outer loop
vertex -0.005502 -0.030239 -0.000366
vertex -0.000380 -0.032439 0.003887
vertex -0.004119 -0.030924 0.003782
endloop
endfacet
facet normal -0.729065 -0.600238 0.328907
outer loop
vertex -0.005502 -0.030239 -0.000366
vertex -0.005846 -0.031160 -0.002810
vertex -0.003328 -0.033431 -0.001371
endloop
endfacet
facet normal -0.827602 -0.476749 0.296285
outer loop
vertex -0.005502 -0.030239 -0.000366
vertex -0.008864 -0.027610 -0.005528
vertex -0.005846 -0.031160 -0.002810
endloop
endfacet
facet normal -0.880865 -0.468931 0.064661
outer loop
vertex -0.008367 -0.027874 -0.000668
vertex -0.010571 -0.024642 -0.007247
vertex -0.008864 -0.027610 -0.005528
endloop
endfacet
facet normal -0.861213 -0.487421 -0.143993
outer loop
vertex -0.011096 -0.024936 -0.003112
vertex -0.013252 -0.018882 -0.010708
vertex -0.010571 -0.024642 -0.007247
endloop
endfacet
facet normal -0.923577 -0.370401 0.099041
outer loop
vertex -0.010920 -0.024495 -0.009956
vertex -0.010571 -0.024642 -0.007247
vertex -0.013252 -0.018882 -0.010708
endloop
endfacet
facet normal 0.401675 -0.903878 -0.147176
outer loop
vertex 0.011170 -0.032685 0.010100
vertex 0.011562 -0.032141 0.007825
vertex 0.017015 -0.029551 0.006803
endloop
endfacet
facet normal 0.381990 -0.808268 0.448091
outer loop
vertex 0.017015 -0.029551 0.006803
vertex 0.011081 -0.033302 0.005096
vertex 0.017278 -0.030540 0.004794
endloop
endfacet
facet normal 0.112430 -0.921339 0.372148
outer loop
vertex 0.011562 -0.032141 0.007825
vertex 0.006754 -0.033075 0.006965
vertex 0.011081 -0.033302 0.005096
endloop
endfacet
facet normal -0.376362 -0.922318 0.087639
outer loop
vertex 0.001574 -0.032934 0.007070
vertex -0.004119 -0.030924 0.003782
vertex -0.000380 -0.032439 0.003887
endloop
endfacet
facet normal -0.398686 -0.576424 0.713291
outer loop
vertex 0.005446 -0.033947 0.004297
vertex 0.000049 -0.033760 0.001431
vertex 0.003746 -0.034723 0.002720
endloop
endfacet
facet normal -0.578566 -0.756238 0.305557
outer loop
vertex -0.005502 -0.030239 -0.000366
vertex 0.000049 -0.033760 0.001431
vertex -0.000380 -0.032439 0.003887
endloop
endfacet
facet normal -0.639594 -0.763745 0.087252
outer loop
vertex -0.005502 -0.030239 -0.000366
vertex -0.004119 -0.030924 0.003782
vertex -0.008367 -0.027874 -0.000668
endloop
endfacet
facet normal -0.666642 -0.732729 -0.136738
outer loop
vertex -0.010571 -0.024642 -0.007247
vertex -0.008367 -0.027874 -0.000668
vertex -0.011096 -0.024936 -0.003112
endloop
endfacet
facet normal -0.637858 -0.769797 0.023453
outer loop
vertex -0.008864 -0.027610 -0.005528
vertex -0.005502 -0.030239 -0.000366
vertex -0.008367 -0.027874 -0.000668
endloop
endfacet
facet normal -0.884975 -0.456977 0.089387
outer loop
vertex -0.010920 -0.024495 -0.009956
vertex -0.008864 -0.027610 -0.005528
vertex -0.010571 -0.024642 -0.007247
endloop
endfacet
facet normal 0.489162 -0.871328 0.038825
outer loop
vertex 0.017787 -0.029005 0.009330
vertex 0.011170 -0.032685 0.010100
vertex 0.017015 -0.029551 0.006803
endloop
endfacet
facet normal 0.761987 0.147775 -0.630506
outer loop
vertex 0.019147 -0.026399 0.006637
vertex 0.017714 -0.029090 0.004276
vertex 0.017302 -0.028114 0.004007
endloop
endfacet
facet normal 0.862265 -0.268436 -0.429467
outer loop
vertex 0.017302 -0.028114 0.004007
vertex 0.018118 -0.025296 0.003882
vertex 0.019147 -0.026399 0.006637
endloop
endfacet
facet normal 0.818215 -0.560245 -0.129034
outer loop
vertex 0.017015 -0.029551 0.006803
vertex 0.019147 -0.026399 0.006637
vertex 0.017787 -0.029005 0.009330
endloop
endfacet
facet normal 0.824626 -0.551082 0.127674
outer loop
vertex 0.019147 -0.026399 0.006637
vertex 0.017015 -0.029551 0.006803
vertex 0.017714 -0.029090 0.004276
endloop
endfacet
facet normal 0.952235 -0.205287 0.226065
outer loop
vertex 0.017278 -0.030540 0.004794
vertex 0.017714 -0.029090 0.004276
vertex 0.017015 -0.029551 0.006803
endloop
endfacet
facet normal 0.051020 -0.728451 -0.683196
outer loop
vertex -0.007442 -0.017347 -0.018265
vertex -0.004695 -0.021065 -0.014095
vertex -0.010068 -0.018505 -0.017225
endloop
endfacet
facet normal 0.267903 -0.467721 -0.842298
outer loop
vertex -0.004695 -0.021065 -0.014095
vertex -0.007098 -0.022405 -0.014115
vertex -0.010068 -0.018505 -0.017225
endloop
endfacet
facet normal 0.456088 -0.316124 -0.831895
outer loop
vertex -0.010068 -0.018505 -0.017225
vertex -0.007098 -0.022405 -0.014115
vertex -0.011285 -0.020697 -0.017060
endloop
endfacet
facet normal -0.057686 -0.897235 -0.437770
outer loop
vertex -0.000823 -0.022591 -0.011478
vertex 0.003330 -0.025112 -0.006858
vertex -0.004695 -0.021065 -0.014095
endloop
endfacet
facet normal 0.398045 -0.425388 -0.812776
outer loop
vertex -0.002329 -0.026820 -0.009469
vertex -0.011285 -0.020697 -0.017060
vertex -0.007098 -0.022405 -0.014115
endloop
endfacet
facet normal 0.564530 -0.198763 -0.801124
outer loop
vertex 0.009792 -0.030033 -0.000810
vertex 0.018118 -0.025296 0.003882
vertex 0.017302 -0.028114 0.004007
endloop
endfacet
facet normal 0.540508 -0.003812 -0.841330
outer loop
vertex 0.009792 -0.030033 -0.000810
vertex 0.017302 -0.028114 0.004007
vertex 0.017714 -0.029090 0.004276
endloop
endfacet
facet normal 0.240732 -0.640220 -0.729498
outer loop
vertex -0.007442 -0.017347 -0.018265
vertex -0.000823 -0.022591 -0.011478
vertex -0.004695 -0.021065 -0.014095
endloop
endfacet
facet normal 0.343252 -0.604637 -0.718744
outer loop
vertex 0.003330 -0.025112 -0.006858
vertex -0.007098 -0.022405 -0.014115
vertex -0.004695 -0.021065 -0.014095
endloop
endfacet
facet normal 0.476548 -0.338919 -0.811194
outer loop
vertex -0.002329 -0.026820 -0.009469
vertex -0.007098 -0.022405 -0.014115
vertex 0.003330 -0.025112 -0.006858
endloop
endfacet
facet normal 0.587345 0.036767 -0.808501
outer loop
vertex 0.002115 -0.030445 -0.006406
vertex -0.002329 -0.026820 -0.009469
vertex 0.009792 -0.030033 -0.000810
endloop
endfacet
facet normal 0.482806 -0.483479 -0.730168
outer loop
vertex 0.011977 -0.026276 -0.000370
vertex -0.002329 -0.026820 -0.009469
vertex 0.003330 -0.025112 -0.006858
endloop
endfacet
facet normal 0.530180 -0.212265 -0.820885
outer loop
vertex 0.009792 -0.030033 -0.000810
vertex -0.002329 -0.026820 -0.009469
vertex 0.011977 -0.026276 -0.000370
endloop
endfacet
facet normal 0.578037 -0.245060 -0.778344
outer loop
vertex 0.018118 -0.025296 0.003882
vertex 0.009792 -0.030033 -0.000810
vertex 0.011977 -0.026276 -0.000370
endloop
endfacet
facet normal 0.806677 0.330616 0.489862
outer loop
vertex -0.025464 -0.018433 0.004274
vertex -0.024794 -0.016936 0.002159
vertex -0.027216 -0.018896 0.007471
endloop
endfacet
facet normal 0.227270 -0.926694 -0.299310
outer loop
vertex -0.031067 -0.017778 0.003299
vertex -0.028148 -0.017287 0.003994
vertex -0.028971 -0.017823 0.005030
endloop
endfacet
facet normal 0.046662 -0.901676 -0.429887
outer loop
vertex -0.027216 -0.018896 0.007471
vertex -0.028971 -0.017823 0.005030
vertex -0.028148 -0.017287 0.003994
endloop
endfacet
facet normal -0.623657 -0.771431 0.126278
outer loop
vertex -0.030308 -0.016730 0.005431
vertex -0.027216 -0.018896 0.007471
vertex -0.029718 -0.016593 0.009188
endloop
endfacet
facet normal -0.344476 -0.883752 -0.316731
outer loop
vertex -0.028148 -0.017287 0.003994
vertex -0.025464 -0.018433 0.004274
vertex -0.027216 -0.018896 0.007471
endloop
endfacet
facet normal -0.612594 -0.784606 0.095510
outer loop
vertex -0.030308 -0.016730 0.005431
vertex -0.028971 -0.017823 0.005030
vertex -0.027216 -0.018896 0.007471
endloop
endfacet
facet normal -0.322878 0.811955 -0.486291
outer loop
vertex 0.028144 0.017944 0.005721
vertex 0.032957 0.017705 0.002126
vertex 0.029668 0.017342 0.003704
endloop
endfacet
facet normal 0.283058 0.863754 -0.416901
outer loop
vertex 0.026632 0.017488 0.004055
vertex 0.024617 0.017338 0.002376
vertex 0.027239 0.019196 0.008006
endloop
endfacet
facet normal 0.187283 0.890849 -0.413900
outer loop
vertex 0.027239 0.019196 0.008006
vertex 0.028144 0.017944 0.005721
vertex 0.026632 0.017488 0.004055
endloop
endfacet
facet normal 0.014300 0.961029 -0.276076
outer loop
vertex 0.026632 0.017488 0.004055
vertex 0.028144 0.017944 0.005721
vertex 0.029668 0.017342 0.003704
endloop
endfacet
facet normal 0.691569 0.722041 0.019730
outer loop
vertex 0.027239 0.019196 0.008006
vertex 0.029735 0.016765 0.009496
vertex 0.029551 0.017015 0.006803
endloop
endfacet
facet normal 0.629536 0.758937 -0.166430
outer loop
vertex 0.029551 0.017015 0.006803
vertex 0.028144 0.017944 0.005721
vertex 0.027239 0.019196 0.008006
endloop
endfacet
facet normal 0.350380 0.885528 0.305080
outer loop
vertex 0.030551 0.017331 0.004737
vertex 0.028144 0.017944 0.005721
vertex 0.029551 0.017015 0.006803
endloop
endfacet
facet normal 0.515101 0.538974 -0.666467
outer loop
vertex 0.027439 0.011417 -0.000231
vertex 0.024617 0.017338 0.002376
vertex 0.026632 0.017488 0.004055
endloop
endfacet
facet normal 0.730083 0.021828 -0.683010
outer loop
vertex 0.016445 -0.008423 -0.018972
vertex 0.020982 -0.003455 -0.013964
vertex 0.017940 -0.009757 -0.017416
endloop
endfacet
facet normal 0.610506 0.133087 -0.780750
outer loop
vertex 0.020982 -0.003455 -0.013964
vertex 0.023419 -0.004548 -0.012244
vertex 0.017940 -0.009757 -0.017416
endloop
endfacet
facet normal 0.360092 0.438731 -0.823316
outer loop
vertex 0.017940 -0.009757 -0.017416
vertex 0.023419 -0.004548 -0.012244
vertex 0.020615 -0.011298 -0.017067
endloop
endfacet
facet normal 0.637962 0.322407 -0.699327
outer loop
vertex 0.020982 -0.003455 -0.013964
vertex 0.024400 0.003245 -0.007757
vertex 0.023419 -0.004548 -0.012244
endloop
endfacet
facet normal 0.387164 0.424156 -0.818655
outer loop
vertex 0.026706 -0.002528 -0.009643
vertex 0.020615 -0.011298 -0.017067
vertex 0.023419 -0.004548 -0.012244
endloop
endfacet
facet normal 0.537144 0.454547 -0.710537
outer loop
vertex 0.027439 0.011417 -0.000231
vertex 0.024400 0.003245 -0.007757
vertex 0.025686 0.010969 -0.001842
endloop
endfacet
facet normal 0.492784 0.536520 -0.685062
outer loop
vertex 0.025686 0.010969 -0.001842
vertex 0.024617 0.017338 0.002376
vertex 0.027439 0.011417 -0.000231
endloop
endfacet
facet normal 0.793071 0.225938 -0.565677
outer loop
vertex 0.024400 0.003245 -0.007757
vertex 0.027439 0.011417 -0.000231
vertex 0.023419 -0.004548 -0.012244
endloop
endfacet
facet normal 0.309590 0.520712 -0.795621
outer loop
vertex 0.027439 0.011417 -0.000231
vertex 0.026706 -0.002528 -0.009643
vertex 0.023419 -0.004548 -0.012244
endloop
endfacet
facet normal 0.182633 0.543411 -0.819359
outer loop
vertex 0.029585 0.004350 -0.004440
vertex 0.026706 -0.002528 -0.009643
vertex 0.027439 0.011417 -0.000231
endloop
endfacet
facet normal 0.452380 0.553690 -0.699128
outer loop
vertex 0.026632 0.017488 0.004055
vertex 0.029585 0.004350 -0.004440
vertex 0.027439 0.011417 -0.000231
endloop
endfacet
facet normal -0.235693 0.517234 -0.822750
outer loop
vertex 0.029585 0.004350 -0.004440
vertex 0.029668 0.017342 0.003704
vertex 0.032355 0.007280 -0.003391
endloop
endfacet
facet normal -0.072075 0.530068 -0.844886
outer loop
vertex 0.029668 0.017342 0.003704
vertex 0.029585 0.004350 -0.004440
vertex 0.026632 0.017488 0.004055
endloop
endfacet
facet normal 0.213489 -0.630594 -0.746173
outer loop
vertex 0.016445 -0.008423 -0.018972
vertex 0.017940 -0.009757 -0.017416
vertex 0.016202 -0.012773 -0.015365
endloop
endfacet
facet normal -0.229366 -0.576001 -0.784611
outer loop
vertex 0.017940 -0.009757 -0.017416
vertex 0.020615 -0.011298 -0.017067
vertex 0.019393 -0.011761 -0.016370
endloop
endfacet
facet normal 0.124957 -0.869253 -0.478315
outer loop
vertex 0.019826 -0.012088 -0.015663
vertex 0.016202 -0.012773 -0.015365
vertex 0.019393 -0.011761 -0.016370
endloop
endfacet
facet normal -0.103185 -0.518138 -0.849050
outer loop
vertex 0.019393 -0.011761 -0.016370
vertex 0.016202 -0.012773 -0.015365
vertex 0.017940 -0.009757 -0.017416
endloop
endfacet
facet normal 0.399746 -0.859550 -0.318398
outer loop
vertex 0.018882 -0.013252 -0.010708
vertex 0.016202 -0.012773 -0.015365
vertex 0.024495 -0.010920 -0.009956
endloop
endfacet
facet normal 0.189158 -0.980868 0.046010
outer loop
vertex 0.016202 -0.012773 -0.015365
vertex 0.019826 -0.012088 -0.015663
vertex 0.024495 -0.010920 -0.009956
endloop
endfacet
facet normal 0.902527 0.429076 -0.036598
outer loop
vertex 0.032141 0.011562 0.007825
vertex 0.029735 0.016765 0.009496
vertex 0.032865 0.010221 0.009972
endloop
endfacet
facet normal 0.957707 0.219404 -0.186170
outer loop
vertex 0.033075 0.006754 0.006965
vertex 0.032141 0.011562 0.007825
vertex 0.032865 0.010221 0.009972
endloop
endfacet
facet normal 0.994852 -0.025044 0.098198
outer loop
vertex 0.033075 0.006754 0.006965
vertex 0.032865 0.010221 0.009972
vertex 0.032934 0.001574 0.007070
endloop
endfacet
facet normal 0.845846 0.454132 0.279835
outer loop
vertex 0.033302 0.011081 0.005096
vertex 0.029551 0.017015 0.006803
vertex 0.032141 0.011562 0.007825
endloop
endfacet
facet normal 0.957835 0.070140 0.278627
outer loop
vertex 0.033947 0.005446 0.004297
vertex 0.033302 0.011081 0.005096
vertex 0.033075 0.006754 0.006965
endloop
endfacet
facet normal 0.947526 -0.019246 0.319100
outer loop
vertex 0.033947 0.005446 0.004297
vertex 0.033075 0.006754 0.006965
vertex 0.032934 0.001574 0.007070
endloop
endfacet
facet normal 0.968055 -0.250714 0.003409
outer loop
vertex 0.032439 -0.000380 0.003887
vertex 0.033947 0.005446 0.004297
vertex 0.032934 0.001574 0.007070
endloop
endfacet
facet normal 0.869562 -0.254740 0.423048
outer loop
vertex 0.033760 0.000049 0.001431
vertex 0.033947 0.005446 0.004297
vertex 0.032439 -0.000380 0.003887
endloop
endfacet
facet normal 0.569784 -0.557020 0.604215
outer loop
vertex 0.033760 0.000049 0.001431
vertex 0.030239 -0.005502 -0.000366
vertex 0.033431 -0.003328 -0.001371
endloop
endfacet
facet normal 0.244251 -0.779520 0.576793
outer loop
vertex 0.030924 -0.004119 0.003782
vertex 0.024936 -0.011096 -0.003112
vertex 0.027874 -0.008367 -0.000668
endloop
endfacet
facet normal 0.926660 -0.374865 -0.027887
outer loop
vertex 0.030239 -0.005502 -0.000366
vertex 0.032439 -0.000380 0.003887
vertex 0.030924 -0.004119 0.003782
endloop
endfacet
facet normal 0.600238 -0.729065 0.328907
outer loop
vertex 0.030239 -0.005502 -0.000366
vertex 0.031160 -0.005846 -0.002810
vertex 0.033431 -0.003328 -0.001371
endloop
endfacet
facet normal 0.476749 -0.827603 0.296284
outer loop
vertex 0.030239 -0.005502 -0.000366
vertex 0.027610 -0.008864 -0.005528
vertex 0.031160 -0.005846 -0.002810
endloop
endfacet
facet normal 0.468930 -0.880865 0.064660
outer loop
vertex 0.027874 -0.008367 -0.000668
vertex 0.024642 -0.010571 -0.007247
vertex 0.027610 -0.008864 -0.005528
endloop
endfacet
facet normal 0.487420 -0.861213 -0.143993
outer loop
vertex 0.024936 -0.011096 -0.003112
vertex 0.018882 -0.013252 -0.010708
vertex 0.024642 -0.010571 -0.007247
endloop
endfacet
facet normal 0.370402 -0.923576 0.099041
outer loop
vertex 0.024495 -0.010920 -0.009956
vertex 0.024642 -0.010571 -0.007247
vertex 0.018882 -0.013252 -0.010708
endloop
endfacet
facet normal 0.904698 0.425473 -0.022256
outer loop
vertex 0.029735 0.016765 0.009496
vertex 0.032141 0.011562 0.007825
vertex 0.029551 0.017015 0.006803
endloop
endfacet
facet normal 0.807885 0.381407 0.449278
outer loop
vertex 0.029551 0.017015 0.006803
vertex 0.033302 0.011081 0.005096
vertex 0.030551 0.017331 0.004737
endloop
endfacet
facet normal 0.921339 0.112430 0.372147
outer loop
vertex 0.032141 0.011562 0.007825
vertex 0.033075 0.006754 0.006965
vertex 0.033302 0.011081 0.005096
endloop
endfacet
facet normal 0.922318 -0.376362 0.087641
outer loop
vertex 0.032934 0.001574 0.007070
vertex 0.030924 -0.004119 0.003782
vertex 0.032439 -0.000380 0.003887
endloop
endfacet
facet normal 0.576425 -0.398688 0.713289
outer loop
vertex 0.033947 0.005446 0.004297
vertex 0.033760 0.000049 0.001431
vertex 0.034723 0.003746 0.002720
endloop
endfacet
facet normal 0.756239 -0.578565 0.305558
outer loop
vertex 0.030239 -0.005502 -0.000366
vertex 0.033760 0.000049 0.001431
vertex 0.032439 -0.000380 0.003887
endloop
endfacet
facet normal 0.763746 -0.639593 0.087251
outer loop
vertex 0.030239 -0.005502 -0.000366
vertex 0.030924 -0.004119 0.003782
vertex 0.027874 -0.008367 -0.000668
endloop
endfacet
facet normal 0.732730 -0.666641 -0.136738
outer loop
vertex 0.024642 -0.010571 -0.007247
vertex 0.027874 -0.008367 -0.000668
vertex 0.024936 -0.011096 -0.003112
endloop
endfacet
facet normal 0.769797 -0.637858 0.023454
outer loop
vertex 0.027610 -0.008864 -0.005528
vertex 0.030239 -0.005502 -0.000366
vertex 0.027874 -0.008367 -0.000668
endloop
endfacet
facet normal 0.456977 -0.884975 0.089387
outer loop
vertex 0.024495 -0.010920 -0.009956
vertex 0.027610 -0.008864 -0.005528
vertex 0.024642 -0.010571 -0.007247
endloop
endfacet
facet normal -0.673582 -0.485498 -0.557297
outer loop
vertex -0.026276 -0.011977 -0.000370
vertex -0.024794 -0.016936 0.002159
vertex -0.025464 -0.018433 0.004274
endloop
endfacet
facet normal -0.728451 -0.051020 -0.683195
outer loop
vertex -0.017347 0.007442 -0.018265
vertex -0.021065 0.004695 -0.014095
vertex -0.018505 0.010068 -0.017225
endloop
endfacet
facet normal -0.467720 -0.267901 -0.842298
outer loop
vertex -0.021065 0.004695 -0.014095
vertex -0.022405 0.007098 -0.014115
vertex -0.018505 0.010068 -0.017225
endloop
endfacet
facet normal -0.323632 -0.447877 -0.833468
outer loop
vertex -0.018505 0.010068 -0.017225
vertex -0.022405 0.007098 -0.014115
vertex -0.020615 0.011298 -0.017067
endloop
endfacet
facet normal -0.897235 0.057687 -0.437770
outer loop
vertex -0.022591 0.000823 -0.011478
vertex -0.025112 -0.003330 -0.006858
vertex -0.021065 0.004695 -0.014095
endloop
endfacet
facet normal -0.435570 -0.385942 -0.813220
outer loop
vertex -0.026706 0.002528 -0.009643
vertex -0.020615 0.011298 -0.017067
vertex -0.022405 0.007098 -0.014115
endloop
endfacet
facet normal -0.150204 -0.551584 -0.820484
outer loop
vertex -0.029585 -0.004350 -0.004440
vertex -0.025464 -0.018433 0.004274
vertex -0.028148 -0.017287 0.003994
endloop
endfacet
facet normal 0.278670 -0.469862 -0.837599
outer loop
vertex -0.030933 -0.010358 -0.000819
vertex -0.028148 -0.017287 0.003994
vertex -0.031067 -0.017778 0.003299
endloop
endfacet
facet normal -0.640221 -0.240733 -0.729496
outer loop
vertex -0.017347 0.007442 -0.018265
vertex -0.022591 0.000823 -0.011478
vertex -0.021065 0.004695 -0.014095
endloop
endfacet
facet normal -0.604636 -0.343252 -0.718744
outer loop
vertex -0.025112 -0.003330 -0.006858
vertex -0.022405 0.007098 -0.014115
vertex -0.021065 0.004695 -0.014095
endloop
endfacet
facet normal -0.336685 -0.477418 -0.811613
outer loop
vertex -0.026706 0.002528 -0.009643
vertex -0.022405 0.007098 -0.014115
vertex -0.025112 -0.003330 -0.006858
endloop
endfacet
facet normal -0.491571 -0.479363 -0.727028
outer loop
vertex -0.026276 -0.011977 -0.000370
vertex -0.026706 0.002528 -0.009643
vertex -0.025112 -0.003330 -0.006858
endloop
endfacet
facet normal -0.214468 -0.530600 -0.820041
outer loop
vertex -0.029585 -0.004350 -0.004440
vertex -0.026706 0.002528 -0.009643
vertex -0.026276 -0.011977 -0.000370
endloop
endfacet
facet normal -0.426582 -0.562842 -0.707981
outer loop
vertex -0.025464 -0.018433 0.004274
vertex -0.029585 -0.004350 -0.004440
vertex -0.026276 -0.011977 -0.000370
endloop
endfacet
facet normal 0.123091 -0.532349 -0.837528
outer loop
vertex -0.029585 -0.004350 -0.004440
vertex -0.028148 -0.017287 0.003994
vertex -0.030933 -0.010358 -0.000819
endloop
endfacet
facet normal -0.412667 0.171967 -0.894502
outer loop
vertex -0.018505 0.010068 -0.017225
vertex -0.016353 0.009659 -0.018297
vertex -0.017347 0.007442 -0.018265
endloop
endfacet
facet normal 0.264203 0.554385 -0.789211
outer loop
vertex -0.018505 0.010068 -0.017225
vertex -0.020615 0.011298 -0.017067
vertex -0.019491 0.011814 -0.016329
endloop
endfacet
facet normal -0.137906 0.896186 -0.421701
outer loop
vertex -0.019708 0.012100 -0.015650
vertex -0.016202 0.012773 -0.015365
vertex -0.019491 0.011814 -0.016329
endloop
endfacet
facet normal 0.013611 0.685050 -0.728369
outer loop
vertex -0.019491 0.011814 -0.016329
vertex -0.016202 0.012773 -0.015365
vertex -0.016353 0.009659 -0.018297
endloop
endfacet
facet normal -0.398025 0.231301 -0.887736
outer loop
vertex -0.018505 0.010068 -0.017225
vertex -0.019491 0.011814 -0.016329
vertex -0.016353 0.009659 -0.018297
endloop
endfacet
facet normal -0.399746 0.859550 -0.318398
outer loop
vertex -0.018882 0.013252 -0.010708
vertex -0.016202 0.012773 -0.015365
vertex -0.024495 0.010920 -0.009956
endloop
endfacet
facet normal -0.191765 0.980546 0.041903
outer loop
vertex -0.016202 0.012773 -0.015365
vertex -0.019708 0.012100 -0.015650
vertex -0.024495 0.010920 -0.009956
endloop
endfacet
facet normal -0.894267 -0.446776 -0.026014
outer loop
vertex -0.032109 -0.011711 0.007541
vertex -0.029718 -0.016593 0.009188
vertex -0.032770 -0.010532 0.010009
endloop
endfacet
facet normal -0.975716 -0.180641 0.123882
outer loop
vertex -0.033611 -0.005310 0.005047
vertex -0.032109 -0.011711 0.007541
vertex -0.033158 -0.005785 0.007920
endloop
endfacet
facet normal -0.751842 -0.465866 0.466587
outer loop
vertex -0.032709 -0.013310 0.004978
vertex -0.030308 -0.016730 0.005431
vertex -0.032109 -0.011711 0.007541
endloop
endfacet
facet normal -0.872564 -0.295825 0.388740
outer loop
vertex -0.033892 -0.010405 0.004533
vertex -0.032709 -0.013310 0.004978
vertex -0.032109 -0.011711 0.007541
endloop
endfacet
facet normal -0.828497 -0.010738 0.559891
outer loop
vertex -0.034828 -0.005695 0.003239
vertex -0.033892 -0.010405 0.004533
vertex -0.033611 -0.005310 0.005047
endloop
endfacet
facet normal -0.964583 -0.028130 -0.262276
outer loop
vertex -0.032476 -0.000201 0.004811
vertex -0.033158 -0.005785 0.007920
vertex -0.033337 -0.001136 0.008079
endloop
endfacet
facet normal -0.940307 0.299139 -0.162294
outer loop
vertex -0.030924 0.004119 0.003782
vertex -0.032476 -0.000201 0.004811
vertex -0.033337 -0.001136 0.008079
endloop
endfacet
facet normal -0.823438 0.276776 0.495323
outer loop
vertex -0.034107 -0.000953 0.001788
vertex -0.034828 -0.005695 0.003239
vertex -0.033611 -0.005310 0.005047
endloop
endfacet
facet normal -0.880801 0.215207 0.421754
outer loop
vertex -0.034107 -0.000953 0.001788
vertex -0.033611 -0.005310 0.005047
vertex -0.032476 -0.000201 0.004811
endloop
endfacet
facet normal -0.625932 0.557093 0.545762
outer loop
vertex -0.034107 -0.000953 0.001788
vertex -0.030239 0.005502 -0.000366
vertex -0.032643 0.004692 -0.002296
endloop
endfacet
facet normal -0.244250 0.779520 0.576793
outer loop
vertex -0.030924 0.004119 0.003782
vertex -0.024936 0.011096 -0.003112
vertex -0.027874 0.008367 -0.000668
endloop
endfacet
facet normal -0.943565 0.327932 -0.046323
outer loop
vertex -0.030239 0.005502 -0.000366
vertex -0.032476 -0.000201 0.004811
vertex -0.030924 0.004119 0.003782
endloop
endfacet
facet normal -0.500267 0.819647 0.279125
outer loop
vertex -0.030239 0.005502 -0.000366
vertex -0.027610 0.008864 -0.005528
vertex -0.032643 0.004692 -0.002296
endloop
endfacet
facet normal -0.468930 0.880865 0.064660
outer loop
vertex -0.027874 0.008367 -0.000668
vertex -0.024642 0.010571 -0.007247
vertex -0.027610 0.008864 -0.005528
endloop
endfacet
facet normal -0.487420 0.861213 -0.143993
outer loop
vertex -0.024936 0.011096 -0.003112
vertex -0.018882 0.013252 -0.010708
vertex -0.024642 0.010571 -0.007247
endloop
endfacet
facet normal -0.370401 0.923577 0.099041
outer loop
vertex -0.024495 0.010920 -0.009956
vertex -0.024642 0.010571 -0.007247
vertex -0.018882 0.013252 -0.010708
endloop
endfacet
facet normal -0.906824 -0.391250 0.156826
outer loop
vertex -0.029718 -0.016593 0.009188
vertex -0.032109 -0.011711 0.007541
vertex -0.030308 -0.016730 0.005431
endloop
endfacet
facet normal -0.994998 -0.041390 0.090919
outer loop
vertex -0.032770 -0.010532 0.010009
vertex -0.033337 -0.001136 0.008079
vertex -0.033158 -0.005785 0.007920
endloop
endfacet
facet normal -0.969957 -0.159991 -0.183266
outer loop
vertex -0.032770 -0.010532 0.010009
vertex -0.033158 -0.005785 0.007920
vertex -0.032109 -0.011711 0.007541
endloop
endfacet
facet normal -0.860964 -0.003779 0.508651
outer loop
vertex -0.032109 -0.011711 0.007541
vertex -0.033611 -0.005310 0.005047
vertex -0.033892 -0.010405 0.004533
endloop
endfacet
facet normal -0.957041 0.221304 0.187343
outer loop
vertex -0.033158 -0.005785 0.007920
vertex -0.032476 -0.000201 0.004811
vertex -0.033611 -0.005310 0.005047
endloop
endfacet
facet normal -0.779067 0.560483 0.280916
outer loop
vertex -0.030239 0.005502 -0.000366
vertex -0.034107 -0.000953 0.001788
vertex -0.032476 -0.000201 0.004811
endloop
endfacet
facet normal -0.763746 0.639593 0.087251
outer loop
vertex -0.030239 0.005502 -0.000366
vertex -0.030924 0.004119 0.003782
vertex -0.027874 0.008367 -0.000668
endloop
endfacet
facet normal -0.732730 0.666641 -0.136738
outer loop
vertex -0.024642 0.010571 -0.007247
vertex -0.027874 0.008367 -0.000668
vertex -0.024936 0.011096 -0.003112
endloop
endfacet
facet normal -0.769797 0.637858 0.023454
outer loop
vertex -0.027610 0.008864 -0.005528
vertex -0.030239 0.005502 -0.000366
vertex -0.027874 0.008367 -0.000668
endloop
endfacet
facet normal -0.456977 0.884975 0.089387
outer loop
vertex -0.024495 0.010920 -0.009956
vertex -0.027610 0.008864 -0.005528
vertex -0.024642 0.010571 -0.007247
endloop
endfacet
facet normal -0.512992 0.842887 0.162425
outer loop
vertex -0.011230 0.032671 0.010137
vertex -0.017709 0.029747 0.004848
vertex -0.017040 0.029355 0.008998
endloop
endfacet
facet normal -0.775255 0.149869 -0.613611
outer loop
vertex -0.019707 0.025704 0.006464
vertex -0.017207 0.028079 0.003885
vertex -0.016511 0.025354 0.002341
endloop
endfacet
facet normal -0.920067 -0.362611 0.148292
outer loop
vertex -0.017867 0.029774 0.003933
vertex -0.017207 0.028079 0.003885
vertex -0.017709 0.029747 0.004848
endloop
endfacet
facet normal -0.907338 -0.031079 -0.419252
outer loop
vertex -0.018439 0.027677 0.006582
vertex -0.017709 0.029747 0.004848
vertex -0.017207 0.028079 0.003885
endloop
endfacet
facet normal -0.868804 0.459893 0.183513
outer loop
vertex -0.017709 0.029747 0.004848
vertex -0.018439 0.027677 0.006582
vertex -0.017040 0.029355 0.008998
endloop
endfacet
facet normal -0.798280 0.530210 -0.285705
outer loop
vertex -0.017207 0.028079 0.003885
vertex -0.019707 0.025704 0.006464
vertex -0.018439 0.027677 0.006582
endloop
endfacet
facet normal -0.838601 0.532307 0.115753
outer loop
vertex -0.019707 0.025704 0.006464
vertex -0.017040 0.029355 0.008998
vertex -0.018439 0.027677 0.006582
endloop
endfacet
facet normal 0.859550 0.399746 -0.318397
outer loop
vertex 0.013252 0.018882 -0.010708
vertex 0.012773 0.016202 -0.015365
vertex 0.010920 0.024495 -0.009956
endloop
endfacet
facet normal 0.980546 0.191764 0.041902
outer loop
vertex 0.012773 0.016202 -0.015365
vertex 0.012100 0.019708 -0.015650
vertex 0.010920 0.024495 -0.009956
endloop
endfacet
facet normal -0.207520 0.963307 -0.170224
outer loop
vertex -0.006754 0.033075 0.006965
vertex -0.011711 0.032109 0.007541
vertex -0.011230 0.032671 0.010137
endloop
endfacet
facet normal 0.023633 0.987014 0.158886
outer loop
vertex -0.006754 0.033075 0.006965
vertex -0.011230 0.032671 0.010137
vertex -0.001560 0.032933 0.007073
endloop
endfacet
facet normal -0.511572 0.514540 0.688145
outer loop
vertex -0.015824 0.031683 0.004802
vertex -0.017709 0.029747 0.004848
vertex -0.011711 0.032109 0.007541
endloop
endfacet
facet normal -0.357457 0.841085 0.405956
outer loop
vertex -0.011398 0.033650 0.004624
vertex -0.015824 0.031683 0.004802
vertex -0.011711 0.032109 0.007541
endloop
endfacet
facet normal -0.178246 0.978225 0.106323
outer loop
vertex -0.004979 0.033622 0.004903
vertex -0.011711 0.032109 0.007541
vertex -0.006754 0.033075 0.006965
endloop
endfacet
facet normal 0.020556 0.961759 0.273125
outer loop
vertex -0.004979 0.033622 0.004903
vertex -0.006754 0.033075 0.006965
vertex -0.001560 0.032933 0.007073
endloop
endfacet
facet normal 0.211380 0.977139 -0.022750
outer loop
vertex 0.000380 0.032439 0.003887
vertex -0.004979 0.033622 0.004903
vertex -0.001560 0.032933 0.007073
endloop
endfacet
facet normal 0.264244 0.900497 0.345369
outer loop
vertex 0.001459 0.033376 0.000619
vertex -0.004979 0.033622 0.004903
vertex 0.000380 0.032439 0.003887
endloop
endfacet
facet normal 0.779520 0.244251 0.576794
outer loop
vertex 0.004119 0.030924 0.003782
vertex 0.011096 0.024936 -0.003112
vertex 0.008367 0.027874 -0.000668
endloop
endfacet
facet normal 0.374864 0.926660 -0.027888
outer loop
vertex 0.005502 0.030239 -0.000366
vertex 0.000380 0.032439 0.003887
vertex 0.004119 0.030924 0.003782
endloop
endfacet
facet normal 0.625907 0.696616 0.350667
outer loop
vertex 0.005502 0.030239 -0.000366
vertex 0.005846 0.031160 -0.002810
vertex 0.001459 0.033376 0.000619
endloop
endfacet
facet normal 0.827602 0.476749 0.296285
outer loop
vertex 0.005502 0.030239 -0.000366
vertex 0.008864 0.027610 -0.005528
vertex 0.005846 0.031160 -0.002810
endloop
endfacet
facet normal 0.880865 0.468931 0.064661
outer loop
vertex 0.008367 0.027874 -0.000668
vertex 0.010571 0.024642 -0.007247
vertex 0.008864 0.027610 -0.005528
endloop
endfacet
facet normal 0.861213 0.487420 -0.143993
outer loop
vertex 0.011096 0.024936 -0.003112
vertex 0.013252 0.018882 -0.010708
vertex 0.010571 0.024642 -0.007247
endloop
endfacet
facet normal 0.923577 0.370401 0.099041
outer loop
vertex 0.010920 0.024495 -0.009956
vertex 0.010571 0.024642 -0.007247
vertex 0.013252 0.018882 -0.010708
endloop
endfacet
facet normal -0.304352 0.941076 -0.147463
outer loop
vertex -0.011230 0.032671 0.010137
vertex -0.011711 0.032109 0.007541
vertex -0.017709 0.029747 0.004848
endloop
endfacet
facet normal -0.016461 0.884851 0.465583
outer loop
vertex -0.011711 0.032109 0.007541
vertex -0.004979 0.033622 0.004903
vertex -0.011398 0.033650 0.004624
endloop
endfacet
facet normal -0.021103 0.824007 0.566186
outer loop
vertex -0.011398 0.033650 0.004624
vertex -0.004979 0.033622 0.004903
vertex -0.004852 0.034835 0.003143
endloop
endfacet
facet normal 0.376374 0.922449 0.086198
outer loop
vertex -0.001560 0.032933 0.007073
vertex 0.004119 0.030924 0.003782
vertex 0.000380 0.032439 0.003887
endloop
endfacet
facet normal 0.388938 0.745212 0.541652
outer loop
vertex -0.004979 0.033622 0.004903
vertex 0.001459 0.033376 0.000619
vertex -0.004852 0.034835 0.003143
endloop
endfacet
facet normal 0.620857 0.675114 0.398444
outer loop
vertex 0.005502 0.030239 -0.000366
vertex 0.001459 0.033376 0.000619
vertex 0.000380 0.032439 0.003887
endloop
endfacet
facet normal 0.639593 0.763746 0.087252
outer loop
vertex 0.005502 0.030239 -0.000366
vertex 0.004119 0.030924 0.003782
vertex 0.008367 0.027874 -0.000668
endloop
endfacet
facet normal 0.666642 0.732729 -0.136738
outer loop
vertex 0.010571 0.024642 -0.007247
vertex 0.008367 0.027874 -0.000668
vertex 0.011096 0.024936 -0.003112
endloop
endfacet
facet normal 0.637858 0.769797 0.023453
outer loop
vertex 0.008864 0.027610 -0.005528
vertex 0.005502 0.030239 -0.000366
vertex 0.008367 0.027874 -0.000668
endloop
endfacet
facet normal 0.884975 0.456977 0.089387
outer loop
vertex 0.010920 0.024495 -0.009956
vertex 0.008864 0.027610 -0.005528
vertex 0.010571 0.024642 -0.007247
endloop
endfacet
facet normal 0.630593 0.213489 -0.746174
outer loop
vertex 0.008423 0.016445 -0.018972
vertex 0.009757 0.017940 -0.017416
vertex 0.012773 0.016202 -0.015365
endloop
endfacet
facet normal 0.580747 -0.220417 -0.783677
outer loop
vertex 0.009757 0.017940 -0.017416
vertex 0.011285 0.020697 -0.017060
vertex 0.011814 0.019491 -0.016329
endloop
endfacet
facet normal 0.896188 0.137906 -0.421698
outer loop
vertex 0.012100 0.019708 -0.015650
vertex 0.012773 0.016202 -0.015365
vertex 0.011814 0.019491 -0.016329
endloop
endfacet
facet normal 0.521252 -0.096461 -0.847934
outer loop
vertex 0.011814 0.019491 -0.016329
vertex 0.012773 0.016202 -0.015365
vertex 0.009757 0.017940 -0.017416
endloop
endfacet
facet normal -0.021829 0.730084 -0.683009
outer loop
vertex 0.008423 0.016445 -0.018972
vertex 0.003455 0.020982 -0.013964
vertex 0.009757 0.017940 -0.017416
endloop
endfacet
facet normal -0.133087 0.610506 -0.780750
outer loop
vertex 0.003455 0.020982 -0.013964
vertex 0.004548 0.023419 -0.012244
vertex 0.009757 0.017940 -0.017416
endloop
endfacet
facet normal -0.445423 0.353168 -0.822721
outer loop
vertex 0.009757 0.017940 -0.017416
vertex 0.004548 0.023419 -0.012244
vertex 0.011285 0.020697 -0.017060
endloop
endfacet
facet normal -0.322407 0.637962 -0.699327
outer loop
vertex 0.003455 0.020982 -0.013964
vertex -0.003245 0.024400 -0.007757
vertex 0.004548 0.023419 -0.012244
endloop
endfacet
facet normal -0.437911 0.367654 -0.820405
outer loop
vertex 0.003860 0.025928 -0.010753
vertex 0.011285 0.020697 -0.017060
vertex 0.004548 0.023419 -0.012244
endloop
endfacet
facet normal -0.468573 0.508267 -0.722568
outer loop
vertex -0.017207 0.028079 0.003885
vertex -0.003245 0.024400 -0.007757
vertex -0.010969 0.025686 -0.001842
endloop
endfacet
facet normal -0.158119 0.871110 -0.464937
outer loop
vertex -0.003245 0.024400 -0.007757
vertex -0.017207 0.028079 0.003885
vertex 0.004548 0.023419 -0.012244
endloop
endfacet
facet normal -0.516023 0.328747 -0.790978
outer loop
vertex -0.017207 0.028079 0.003885
vertex 0.003860 0.025928 -0.010753
vertex 0.004548 0.023419 -0.012244
endloop
endfacet
facet normal -0.589154 0.279277 -0.758223
outer loop
vertex -0.016511 0.025354 0.002341
vertex -0.017207 0.028079 0.003885
vertex -0.010969 0.025686 -0.001842
endloop
endfacet
facet normal -0.549361 0.176906 -0.816644
outer loop
vertex -0.004189 0.029560 -0.004551
vertex 0.003860 0.025928 -0.010753
vertex -0.017207 0.028079 0.003885
endloop
endfacet
facet normal -0.515799 -0.227808 -0.825866
outer loop
vertex -0.004189 0.029560 -0.004551
vertex -0.017867 0.029774 0.003933
vertex -0.007280 0.032355 -0.003391
endloop
endfacet
facet normal -0.520565 -0.179345 -0.834774
outer loop
vertex -0.017867 0.029774 0.003933
vertex -0.004189 0.029560 -0.004551
vertex -0.017207 0.028079 0.003885
endloop
endfacet
facet normal -0.860723 0.048915 -0.506718
outer loop
vertex -0.014837 -0.002816 -0.025000
vertex -0.022591 0.000823 -0.011478
vertex -0.014382 0.005164 -0.025002
endloop
endfacet
facet normal -0.863720 0.218800 -0.453998
outer loop
vertex -0.022591 0.000823 -0.011478
vertex -0.017347 0.007442 -0.018265
vertex -0.014382 0.005164 -0.025002
endloop
endfacet
facet normal -0.180504 0.848644 -0.497214
outer loop
vertex -0.001560 0.032933 0.007073
vertex -0.011230 0.032671 0.010137
vertex -0.006596 0.042364 0.024999
endloop
endfacet
facet normal -0.314003 0.837059 -0.448035
outer loop
vertex -0.006596 0.042364 0.024999
vertex -0.011230 0.032671 0.010137
vertex -0.021660 0.036714 0.025000
endloop
endfacet
facet normal -0.805950 0.354179 -0.474343
outer loop
vertex -0.017347 0.007442 -0.018265
vertex -0.016353 0.009659 -0.018297
vertex -0.014382 0.005164 -0.025002
endloop
endfacet
facet normal -0.364634 0.801536 -0.473901
outer loop
vertex -0.011230 0.032671 0.010137
vertex -0.017040 0.029355 0.008998
vertex -0.021660 0.036714 0.025000
endloop
endfacet
facet normal -0.888032 0.052910 -0.456728
outer loop
vertex -0.042364 -0.006596 0.024998
vertex -0.041325 0.010851 0.024999
vertex -0.033337 -0.001136 0.008079
endloop
endfacet
facet normal -0.519091 0.709729 -0.476266
outer loop
vertex -0.017040 0.029355 0.008998
vertex -0.019707 0.025704 0.006464
vertex -0.021660 0.036714 0.025000
endloop
endfacet
facet normal -0.891898 0.041324 -0.450345
outer loop
vertex -0.033337 -0.001136 0.008079
vertex -0.041325 0.010851 0.024999
vertex -0.030924 0.004119 0.003782
endloop
endfacet
facet normal -0.624972 0.550955 -0.553046
outer loop
vertex -0.016353 0.009659 -0.018297
vertex -0.016202 0.012773 -0.015365
vertex -0.014382 0.005164 -0.025002
endloop
endfacet
facet normal -0.643889 0.536668 -0.545339
outer loop
vertex -0.014382 0.005164 -0.025002
vertex -0.016202 0.012773 -0.015365
vertex -0.007533 0.013382 -0.025002
endloop
endfacet
facet normal -0.839758 0.239034 -0.487513
outer loop
vertex -0.030924 0.004119 0.003782
vertex -0.041325 0.010851 0.024999
vertex -0.024936 0.011096 -0.003112
endloop
endfacet
facet normal -0.109824 0.849776 -0.515577
outer loop
vertex 0.004059 0.014880 -0.025004
vertex -0.007533 0.013382 -0.025002
vertex -0.003245 0.024400 -0.007757
endloop
endfacet
facet normal -0.229003 0.845149 -0.482991
outer loop
vertex -0.003245 0.024400 -0.007757
vertex -0.007533 0.013382 -0.025002
vertex -0.010969 0.025686 -0.001842
endloop
endfacet
facet normal -0.405515 0.780939 -0.475070
outer loop
vertex -0.010969 0.025686 -0.001842
vertex -0.007533 0.013382 -0.025002
vertex -0.016511 0.025354 0.002341
endloop
endfacet
facet normal -0.794607 0.396447 -0.459814
outer loop
vertex -0.041325 0.010851 0.024999
vertex -0.033053 0.027429 0.024997
vertex -0.024936 0.011096 -0.003112
endloop
endfacet
facet normal -0.757613 0.445097 -0.477401
outer loop
vertex -0.024936 0.011096 -0.003112
vertex -0.033053 0.027429 0.024997
vertex -0.018882 0.013252 -0.010708
endloop
endfacet
facet normal -0.558815 0.685815 -0.466244
outer loop
vertex -0.021660 0.036714 0.025000
vertex -0.019707 0.025704 0.006464
vertex -0.033053 0.027429 0.024997
endloop
endfacet
facet normal -0.543842 0.688380 -0.479969
outer loop
vertex -0.016511 0.025354 0.002341
vertex -0.007533 0.013382 -0.025002
vertex -0.019707 0.025704 0.006464
endloop
endfacet
facet normal -0.750536 0.455532 -0.478735
outer loop
vertex -0.018882 0.013252 -0.010708
vertex -0.033053 0.027429 0.024997
vertex -0.016202 0.012773 -0.015365
endloop
endfacet
facet normal -0.580756 0.656820 -0.480948
outer loop
vertex -0.016202 0.012773 -0.015365
vertex -0.033053 0.027429 0.024997
vertex -0.007533 0.013382 -0.025002
endloop
endfacet
facet normal -0.584699 0.652685 -0.481798
outer loop
vertex -0.007533 0.013382 -0.025002
vertex -0.033053 0.027429 0.024997
vertex -0.019707 0.025704 0.006464
endloop
endfacet
facet normal 0.884209 -0.018695 -0.466717
outer loop
vertex 0.024400 0.003245 -0.007757
vertex 0.020982 -0.003455 -0.013964
vertex 0.015237 0.000393 -0.025002
endloop
endfacet
facet normal 0.807867 -0.280592 -0.518284
outer loop
vertex 0.015237 0.000393 -0.025002
vertex 0.020982 -0.003455 -0.013964
vertex 0.011503 -0.010347 -0.025008
endloop
endfacet
facet normal 0.785354 -0.101601 -0.610652
outer loop
vertex 0.020982 -0.003455 -0.013964
vertex 0.016445 -0.008423 -0.018972
vertex 0.011503 -0.010347 -0.025008
endloop
endfacet
facet normal 0.178878 -0.849229 -0.496802
outer loop
vertex 0.001574 -0.032934 0.007070
vertex 0.011170 -0.032685 0.010100
vertex 0.006596 -0.042365 0.024999
endloop
endfacet
facet normal 0.314094 -0.837292 -0.447534
outer loop
vertex 0.006596 -0.042365 0.024999
vertex 0.011170 -0.032685 0.010100
vertex 0.021660 -0.036714 0.025000
endloop
endfacet
facet normal 0.382264 -0.788226 -0.482259
outer loop
vertex 0.011170 -0.032685 0.010100
vertex 0.017787 -0.029005 0.009330
vertex 0.021660 -0.036714 0.025000
endloop
endfacet
facet normal 0.890708 -0.067957 -0.449468
outer loop
vertex 0.042364 0.006596 0.024999
vertex 0.040871 -0.012966 0.024998
vertex 0.032934 0.001574 0.007070
endloop
endfacet
facet normal 0.468803 -0.741179 -0.480497
outer loop
vertex 0.017787 -0.029005 0.009330
vertex 0.019147 -0.026399 0.006637
vertex 0.021660 -0.036714 0.025000
endloop
endfacet
facet normal 0.894089 -0.059301 -0.443945
outer loop
vertex 0.032934 0.001574 0.007070
vertex 0.040871 -0.012966 0.024998
vertex 0.030924 -0.004119 0.003782
endloop
endfacet
facet normal 0.758316 -0.440581 -0.480463
outer loop
vertex 0.016445 -0.008423 -0.018972
vertex 0.016202 -0.012773 -0.015365
vertex 0.011503 -0.010347 -0.025008
endloop
endfacet
facet normal 0.838862 -0.234652 -0.491170
outer loop
vertex 0.030924 -0.004119 0.003782
vertex 0.040871 -0.012966 0.024998
vertex 0.024936 -0.011096 -0.003112
endloop
endfacet
facet normal 0.020643 -0.869700 -0.493149
outer loop
vertex -0.000823 -0.022591 -0.011478
vertex 0.002816 -0.014837 -0.025000
vertex 0.003330 -0.025112 -0.006858
endloop
endfacet
facet normal 0.249115 -0.839656 -0.482618
outer loop
vertex 0.003330 -0.025112 -0.006858
vertex 0.002816 -0.014837 -0.025000
vertex 0.011977 -0.026276 -0.000370
endloop
endfacet
facet normal 0.396280 -0.767524 -0.503855
outer loop
vertex 0.002816 -0.014837 -0.025000
vertex 0.011503 -0.010347 -0.025008
vertex 0.011977 -0.026276 -0.000370
endloop
endfacet
facet normal 0.457152 -0.742847 -0.489071
outer loop
vertex 0.011977 -0.026276 -0.000370
vertex 0.011503 -0.010347 -0.025008
vertex 0.018118 -0.025296 0.003882
endloop
endfacet
facet normal 0.765471 -0.446202 -0.463635
outer loop
vertex 0.040871 -0.012966 0.024998
vertex 0.031636 -0.028811 0.024999
vertex 0.024936 -0.011096 -0.003112
endloop
endfacet
facet normal 0.753326 -0.460351 -0.469656
outer loop
vertex 0.024936 -0.011096 -0.003112
vertex 0.031636 -0.028811 0.024999
vertex 0.018882 -0.013252 -0.010708
endloop
endfacet
facet normal 0.549719 -0.693939 -0.465036
outer loop
vertex 0.021660 -0.036714 0.025000
vertex 0.019147 -0.026399 0.006637
vertex 0.031636 -0.028811 0.024999
endloop
endfacet
facet normal 0.578521 -0.659412 -0.480092
outer loop
vertex 0.019147 -0.026399 0.006637
vertex 0.018118 -0.025296 0.003882
vertex 0.031636 -0.028811 0.024999
endloop
endfacet
facet normal 0.736576 -0.482945 -0.473518
outer loop
vertex 0.018882 -0.013252 -0.010708
vertex 0.031636 -0.028811 0.024999
vertex 0.016202 -0.012773 -0.015365
endloop
endfacet
facet normal 0.712992 -0.514050 -0.476860
outer loop
vertex 0.016202 -0.012773 -0.015365
vertex 0.031636 -0.028811 0.024999
vertex 0.011503 -0.010347 -0.025008
endloop
endfacet
facet normal 0.570777 -0.668586 -0.476662
outer loop
vertex 0.011503 -0.010347 -0.025008
vertex 0.031636 -0.028811 0.024999
vertex 0.018118 -0.025296 0.003882
endloop
endfacet
facet normal -0.048913 -0.860724 -0.506716
outer loop
vertex 0.002816 -0.014837 -0.025000
vertex -0.000823 -0.022591 -0.011478
vertex -0.005164 -0.014382 -0.025003
endloop
endfacet
facet normal -0.218794 -0.863720 -0.454002
outer loop
vertex -0.000823 -0.022591 -0.011478
vertex -0.007442 -0.017347 -0.018265
vertex -0.005164 -0.014382 -0.025003
endloop
endfacet
facet normal -0.850047 -0.154709 -0.503472
outer loop
vertex -0.033337 -0.001136 0.008079
vertex -0.032770 -0.010532 0.010009
vertex -0.042364 -0.006596 0.024998
endloop
endfacet
facet normal -0.835067 -0.313262 -0.452250
outer loop
vertex -0.042364 -0.006596 0.024998
vertex -0.032770 -0.010532 0.010009
vertex -0.036714 -0.021660 0.025000
endloop
endfacet
facet normal -0.812272 -0.345335 -0.470061
outer loop
vertex -0.032770 -0.010532 0.010009
vertex -0.029718 -0.016593 0.009188
vertex -0.036714 -0.021660 0.025000
endloop
endfacet
facet normal -0.354178 -0.805949 -0.474345
outer loop
vertex -0.007442 -0.017347 -0.018265
vertex -0.009659 -0.016353 -0.018297
vertex -0.005164 -0.014382 -0.025003
endloop
endfacet
facet normal -0.067956 -0.890707 -0.449470
outer loop
vertex 0.006596 -0.042365 0.024999
vertex -0.012966 -0.040872 0.024999
vertex 0.001574 -0.032934 0.007070
endloop
endfacet
facet normal -0.749568 -0.457588 -0.478291
outer loop
vertex -0.029718 -0.016593 0.009188
vertex -0.027216 -0.018896 0.007471
vertex -0.036714 -0.021660 0.025000
endloop
endfacet
facet normal -0.059300 -0.894089 -0.443946
outer loop
vertex 0.001574 -0.032934 0.007070
vertex -0.012966 -0.040872 0.024999
vertex -0.004119 -0.030924 0.003782
endloop
endfacet
facet normal -0.550939 -0.625003 -0.553026
outer loop
vertex -0.009659 -0.016353 -0.018297
vertex -0.012773 -0.016202 -0.015365
vertex -0.005164 -0.014382 -0.025003
endloop
endfacet
facet normal -0.514116 -0.672123 -0.532857
outer loop
vertex -0.005164 -0.014382 -0.025003
vertex -0.012773 -0.016202 -0.015365
vertex -0.012149 -0.009040 -0.025001
endloop
endfacet
facet normal -0.234652 -0.838863 -0.491170
outer loop
vertex -0.004119 -0.030924 0.003782
vertex -0.012966 -0.040872 0.024999
vertex -0.011096 -0.024936 -0.003112
endloop
endfacet
facet normal -0.869699 -0.020643 -0.493150
outer loop
vertex -0.022591 0.000823 -0.011478
vertex -0.014837 -0.002816 -0.025000
vertex -0.025112 -0.003330 -0.006858
endloop
endfacet
facet normal -0.839656 -0.249115 -0.482617
outer loop
vertex -0.025112 -0.003330 -0.006858
vertex -0.014837 -0.002816 -0.025000
vertex -0.026276 -0.011977 -0.000370
endloop
endfacet
facet normal -0.796318 -0.343768 -0.497696
outer loop
vertex -0.014837 -0.002816 -0.025000
vertex -0.012149 -0.009040 -0.025001
vertex -0.026276 -0.011977 -0.000370
endloop
endfacet
facet normal -0.741851 -0.467062 -0.481155
outer loop
vertex -0.026276 -0.011977 -0.000370
vertex -0.012149 -0.009040 -0.025001
vertex -0.024794 -0.016936 0.002159
endloop
endfacet
facet normal -0.446200 -0.765472 -0.463635
outer loop
vertex -0.012966 -0.040872 0.024999
vertex -0.028811 -0.031636 0.024999
vertex -0.011096 -0.024936 -0.003112
endloop
endfacet
facet normal -0.460350 -0.753326 -0.469657
outer loop
vertex -0.011096 -0.024936 -0.003112
vertex -0.028811 -0.031636 0.024999
vertex -0.013252 -0.018882 -0.010708
endloop
endfacet
facet normal -0.694698 -0.550325 -0.463181
outer loop
vertex -0.036714 -0.021660 0.025000
vertex -0.027216 -0.018896 0.007471
vertex -0.028811 -0.031636 0.024999
endloop
endfacet
facet normal -0.888863 -0.108095 -0.445239
outer loop
vertex -0.024794 -0.016936 0.002159
vertex -0.012149 -0.009040 -0.025001
vertex -0.027216 -0.018896 0.007471
endloop
endfacet
facet normal -0.482944 -0.736577 -0.473518
outer loop
vertex -0.013252 -0.018882 -0.010708
vertex -0.028811 -0.031636 0.024999
vertex -0.012773 -0.016202 -0.015365
endloop
endfacet
facet normal -0.644012 -0.593438 -0.482784
outer loop
vertex -0.012773 -0.016202 -0.015365
vertex -0.028811 -0.031636 0.024999
vertex -0.012149 -0.009040 -0.025001
endloop
endfacet
facet normal -0.657718 -0.579610 -0.481102
outer loop
vertex -0.012149 -0.009040 -0.025001
vertex -0.028811 -0.031636 0.024999
vertex -0.027216 -0.018896 0.007471
endloop
endfacet
facet normal -0.001771 0.875162 -0.483826
outer loop
vertex -0.003245 0.024400 -0.007757
vertex 0.003455 0.020982 -0.013964
vertex 0.004059 0.014880 -0.025004
endloop
endfacet
facet normal 0.315666 0.837667 -0.445722
outer loop
vertex 0.003455 0.020982 -0.013964
vertex 0.008423 0.016445 -0.018972
vertex 0.004059 0.014880 -0.025004
endloop
endfacet
facet normal 0.850838 0.173205 -0.496060
outer loop
vertex 0.032934 0.001574 0.007070
vertex 0.032865 0.010221 0.009972
vertex 0.042364 0.006596 0.024999
endloop
endfacet
facet normal 0.835045 0.313250 -0.452298
outer loop
vertex 0.042364 0.006596 0.024999
vertex 0.032865 0.010221 0.009972
vertex 0.036714 0.021660 0.025000
endloop
endfacet
facet normal 0.807078 0.351612 -0.474335
outer loop
vertex 0.032865 0.010221 0.009972
vertex 0.029735 0.016765 0.009496
vertex 0.036714 0.021660 0.025000
endloop
endfacet
facet normal 0.067954 0.890681 -0.449521
outer loop
vertex -0.006596 0.042364 0.024999
vertex 0.012966 0.040872 0.024999
vertex -0.001560 0.032933 0.007073
endloop
endfacet
facet normal 0.742029 0.466583 -0.481346
outer loop
vertex 0.029735 0.016765 0.009496
vertex 0.027239 0.019196 0.008006
vertex 0.036714 0.021660 0.025000
endloop
endfacet
facet normal 0.059121 0.894129 -0.443891
outer loop
vertex -0.001560 0.032933 0.007073
vertex 0.012966 0.040872 0.024999
vertex 0.004119 0.030924 0.003782
endloop
endfacet
facet normal 0.476269 0.703754 -0.527161
outer loop
vertex 0.008423 0.016445 -0.018972
vertex 0.012773 0.016202 -0.015365
vertex 0.004059 0.014880 -0.025004
endloop
endfacet
facet normal 0.496966 0.677474 -0.542267
outer loop
vertex 0.004059 0.014880 -0.025004
vertex 0.012773 0.016202 -0.015365
vertex 0.012375 0.008782 -0.025001
endloop
endfacet
facet normal 0.234652 0.838863 -0.491170
outer loop
vertex 0.004119 0.030924 0.003782
vertex 0.012966 0.040872 0.024999
vertex 0.011096 0.024936 -0.003112
endloop
endfacet
facet normal 0.842639 0.231764 -0.486050
outer loop
vertex 0.024400 0.003245 -0.007757
vertex 0.015237 0.000393 -0.025002
vertex 0.025686 0.010969 -0.001842
endloop
endfacet
facet normal 0.820630 0.280017 -0.498154
outer loop
vertex 0.015237 0.000393 -0.025002
vertex 0.012375 0.008782 -0.025001
vertex 0.025686 0.010969 -0.001842
endloop
endfacet
facet normal 0.758178 0.443781 -0.477729
outer loop
vertex 0.025686 0.010969 -0.001842
vertex 0.012375 0.008782 -0.025001
vertex 0.024617 0.017338 0.002376
endloop
endfacet
facet normal 0.446202 0.765471 -0.463636
outer loop
vertex 0.012966 0.040872 0.024999
vertex 0.028811 0.031636 0.025000
vertex 0.011096 0.024936 -0.003112
endloop
endfacet
facet normal 0.460350 0.753326 -0.469656
outer loop
vertex 0.011096 0.024936 -0.003112
vertex 0.028811 0.031636 0.025000
vertex 0.013252 0.018882 -0.010708
endloop
endfacet
facet normal 0.693439 0.549321 -0.466249
outer loop
vertex 0.036714 0.021660 0.025000
vertex 0.027239 0.019196 0.008006
vertex 0.028811 0.031636 0.025000
endloop
endfacet
facet normal 0.680592 -0.728647 -0.076598
outer loop
vertex 0.024617 0.017338 0.002376
vertex 0.012375 0.008782 -0.025001
vertex 0.027239 0.019196 0.008006
endloop
endfacet
facet normal 0.482945 0.736576 -0.473519
outer loop
vertex 0.013252 0.018882 -0.010708
vertex 0.028811 0.031636 0.025000
vertex 0.012773 0.016202 -0.015365
endloop
endfacet
facet normal 0.645113 0.592253 -0.482768
outer loop
vertex 0.012773 0.016202 -0.015365
vertex 0.028811 0.031636 0.025000
vertex 0.012375 0.008782 -0.025001
endloop
endfacet
facet normal 0.665377 0.571698 -0.480035
outer loop
vertex 0.012375 0.008782 -0.025001
vertex 0.028811 0.031636 0.025000
vertex 0.027239 0.019196 0.008006
endloop
endfacet
facet normal 0.000011 0.000173 1.000000
outer loop
vertex -0.006596 0.042364 0.024999
vertex -0.021660 0.036714 0.025000
vertex 0.012966 0.040872 0.024999
endloop
endfacet
facet normal 0.000016 0.000131 1.000000
outer loop
vertex 0.012966 0.040872 0.024999
vertex -0.021660 0.036714 0.025000
vertex 0.028811 0.031636 0.025000
endloop
endfacet
facet normal -0.000020 -0.000234 1.000000
outer loop
vertex -0.021660 0.036714 0.025000
vertex -0.033053 0.027429 0.024997
vertex 0.028811 0.031636 0.025000
endloop
endfacet
facet normal -0.000046 0.000133 1.000000
outer loop
vertex -0.033053 0.027429 0.024997
vertex -0.041325 0.010851 0.024999
vertex 0.028811 0.031636 0.025000
endloop
endfacet
facet normal 0.000012 -0.000061 1.000000
outer loop
vertex -0.041325 0.010851 0.024999
vertex -0.042364 -0.006596 0.024998
vertex 0.028811 0.031636 0.025000
endloop
endfacet
facet normal -0.000063 0.000078 1.000000
outer loop
vertex -0.042364 -0.006596 0.024998
vertex -0.036714 -0.021660 0.025000
vertex 0.028811 0.031636 0.025000
endloop
endfacet
facet normal 0.000032 -0.000039 1.000000
outer loop
vertex -0.036714 -0.021660 0.025000
vertex -0.028811 -0.031636 0.024999
vertex 0.028811 0.031636 0.025000
endloop
endfacet
facet normal -0.000014 0.000004 1.000000
outer loop
vertex 0.028811 0.031636 0.025000
vertex -0.028811 -0.031636 0.024999
vertex 0.036714 0.021660 0.025000
endloop
endfacet
facet normal 0.000009 -0.000024 1.000000
outer loop
vertex -0.028811 -0.031636 0.024999
vertex -0.012966 -0.040872 0.024999
vertex 0.036714 0.021660 0.025000
endloop
endfacet
facet normal 0.000051 -0.000058 1.000000
outer loop
vertex 0.036714 0.021660 0.025000
vertex -0.012966 -0.040872 0.024999
vertex 0.042364 0.006596 0.024999
endloop
endfacet
facet normal -0.000027 0.000033 1.000000
outer loop
vertex -0.012966 -0.040872 0.024999
vertex 0.006596 -0.042365 0.024999
vertex 0.042364 0.006596 0.024999
endloop
endfacet
facet normal 0.000066 -0.000035 1.000000
outer loop
vertex 0.042364 0.006596 0.024999
vertex 0.006596 -0.042365 0.024999
vertex 0.040871 -0.012966 0.024998
endloop
endfacet
facet normal -0.000002 0.000044 1.000000
outer loop
vertex 0.040871 -0.012966 0.024998
vertex 0.006596 -0.042365 0.024999
vertex 0.031636 -0.028811 0.024999
endloop
endfacet
facet normal -0.000144 0.000306 1.000000
outer loop
vertex 0.031636 -0.028811 0.024999
vertex 0.006596 -0.042365 0.024999
vertex 0.021660 -0.036714 0.025000
endloop
endfacet
facet normal -0.000635 -0.000194 -1.000000
outer loop
vertex -0.014837 -0.002816 -0.025000
vertex -0.014382 0.005164 -0.025002
vertex -0.012149 -0.009040 -0.025001
endloop
endfacet
facet normal 0.000116 -0.000075 -1.000000
outer loop
vertex -0.014382 0.005164 -0.025002
vertex -0.007533 0.013382 -0.025002
vertex -0.012149 -0.009040 -0.025001
endloop
endfacet
facet normal -0.000317 0.000014 -1.000000
outer loop
vertex -0.012149 -0.009040 -0.025001
vertex -0.007533 0.013382 -0.025002
vertex -0.005164 -0.014382 -0.025003
endloop
endfacet
facet normal 0.000341 0.000070 -1.000000
outer loop
vertex -0.005164 -0.014382 -0.025003
vertex -0.007533 0.013382 -0.025002
vertex 0.002816 -0.014837 -0.025000
endloop
endfacet
facet normal -0.000709 -0.000314 -1.000000
outer loop
vertex 0.002816 -0.014837 -0.025000
vertex -0.007533 0.013382 -0.025002
vertex 0.011503 -0.010347 -0.025008
endloop
endfacet
facet normal 0.000266 0.000467 -1.000000
outer loop
vertex 0.011503 -0.010347 -0.025008
vertex -0.007533 0.013382 -0.025002
vertex 0.015237 0.000393 -0.025002
endloop
endfacet
facet normal -0.000119 -0.000207 -1.000000
outer loop
vertex -0.007533 0.013382 -0.025002
vertex 0.004059 0.014880 -0.025004
vertex 0.015237 0.000393 -0.025002
endloop
endfacet
facet normal 0.000403 0.000196 -1.000000
outer loop
vertex 0.015237 0.000393 -0.025002
vertex 0.004059 0.014880 -0.025004
vertex 0.012375 0.008782 -0.025001
endloop
endfacet
endsolid B4-70-14_11
