solid B4-70-14_13
facet normal 0.455019 0.432037 -0.778654
outer loop
vertex 0.012161 -0.032036 0.001326
vertex 0.019931 -0.029253 0.007411
vertex 0.021122 -0.036205 0.004249
endloop
endfacet
facet normal 0.448648 0.109645 -0.886957
outer loop
vertex -0.018314 -0.060250 -0.025294
vertex -0.020699 -0.054818 -0.025829
vertex -0.014166 -0.058797 -0.023016
endloop
endfacet
facet normal 0.420896 0.050836 -0.905683
outer loop
vertex -0.020699 -0.054818 -0.025829
vertex -0.020761 -0.047608 -0.025452
vertex -0.014166 -0.058797 -0.023016
endloop
endfacet
facet normal 0.497654 0.105829 -0.860895
outer loop
vertex -0.014166 -0.058797 -0.023016
vertex -0.020761 -0.047608 -0.025452
vertex -0.011531 -0.042564 -0.019497
endloop
endfacet
facet normal 0.549700 -0.019861 -0.835126
outer loop
vertex -0.020761 -0.047608 -0.025452
vertex -0.016166 -0.032573 -0.022786
vertex -0.011531 -0.042564 -0.019497
endloop
endfacet
facet normal 0.638576 0.065662 -0.766752
outer loop
vertex -0.002130 -0.036590 -0.011440
vertex -0.016166 -0.032573 -0.022786
vertex -0.012168 -0.020094 -0.018387
endloop
endfacet
facet normal 0.687682 0.116678 -0.716575
outer loop
vertex -0.012168 -0.020094 -0.018387
vertex 0.004741 -0.030225 -0.003810
vertex -0.002130 -0.036590 -0.011440
endloop
endfacet
facet normal 0.446058 0.395936 -0.802662
outer loop
vertex 0.010027 -0.041353 -0.004456
vertex 0.012161 -0.032036 0.001326
vertex 0.021122 -0.036205 0.004249
endloop
endfacet
facet normal 0.562177 0.311525 -0.766100
outer loop
vertex 0.010027 -0.041353 -0.004456
vertex -0.002130 -0.036590 -0.011440
vertex 0.004741 -0.030225 -0.003810
endloop
endfacet
facet normal 0.635144 0.040776 -0.771317
outer loop
vertex -0.002130 -0.036590 -0.011440
vertex -0.011531 -0.042564 -0.019497
vertex -0.016166 -0.032573 -0.022786
endloop
endfacet
facet normal 0.440699 0.245452 -0.863445
outer loop
vertex -0.014166 -0.058797 -0.023016
vertex 0.000749 -0.049198 -0.012674
vertex 0.002192 -0.063811 -0.016092
endloop
endfacet
facet normal 0.590639 0.323488 -0.739258
outer loop
vertex 0.012161 -0.032036 0.001326
vertex 0.010027 -0.041353 -0.004456
vertex 0.004741 -0.030225 -0.003810
endloop
endfacet
facet normal 0.428690 0.424580 -0.797469
outer loop
vertex 0.021122 -0.036205 0.004249
vertex 0.019761 -0.044378 -0.000833
vertex 0.010027 -0.041353 -0.004456
endloop
endfacet
facet normal 0.546594 0.204335 -0.812085
outer loop
vertex 0.000749 -0.049198 -0.012674
vertex -0.002130 -0.036590 -0.011440
vertex 0.010027 -0.041353 -0.004456
endloop
endfacet
facet normal 0.557959 0.206125 -0.803862
outer loop
vertex -0.011531 -0.042564 -0.019497
vertex -0.002130 -0.036590 -0.011440
vertex 0.000749 -0.049198 -0.012674
endloop
endfacet
facet normal 0.454122 0.329953 -0.827590
outer loop
vertex 0.010027 -0.041353 -0.004456
vertex 0.012977 -0.055608 -0.008520
vertex 0.000749 -0.049198 -0.012674
endloop
endfacet
facet normal 0.417307 0.328014 -0.847503
outer loop
vertex 0.012977 -0.055608 -0.008520
vertex 0.010027 -0.041353 -0.004456
vertex 0.019761 -0.044378 -0.000833
endloop
endfacet
facet normal 0.508100 0.255977 -0.822381
outer loop
vertex 0.016770 -0.050617 -0.004623
vertex 0.012977 -0.055608 -0.008520
vertex 0.019761 -0.044378 -0.000833
endloop
endfacet
facet normal 0.424811 0.245720 -0.871296
outer loop
vertex 0.002192 -0.063811 -0.016092
vertex 0.000749 -0.049198 -0.012674
vertex 0.012977 -0.055608 -0.008520
endloop
endfacet
facet normal 0.477882 0.167625 -0.862282
outer loop
vertex 0.002192 -0.063811 -0.016092
vertex 0.012977 -0.055608 -0.008520
vertex 0.007720 -0.060524 -0.012389
endloop
endfacet
facet normal 0.523429 0.098493 -0.846357
outer loop
vertex 0.000749 -0.049198 -0.012674
vertex -0.014166 -0.058797 -0.023016
vertex -0.011531 -0.042564 -0.019497
endloop
endfacet
facet normal 0.763280 -0.344799 0.546367
outer loop
vertex 0.019664 -0.032026 0.008924
vertex 0.020606 -0.040886 0.002016
vertex 0.021122 -0.036205 0.004249
endloop
endfacet
facet normal 0.961093 0.232456 -0.149216
outer loop
vertex 0.021122 -0.036205 0.004249
vertex 0.019931 -0.029253 0.007411
vertex 0.020444 -0.030454 0.008841
endloop
endfacet
facet normal 0.929732 0.070008 -0.361522
outer loop
vertex 0.020606 -0.040886 0.002016
vertex 0.019761 -0.044378 -0.000833
vertex 0.021122 -0.036205 0.004249
endloop
endfacet
facet normal 0.760188 -0.348248 0.548487
outer loop
vertex 0.021122 -0.036205 0.004249
vertex 0.020444 -0.030454 0.008841
vertex 0.019664 -0.032026 0.008924
endloop
endfacet
facet normal 0.522679 -0.611393 0.594143
outer loop
vertex 0.020606 -0.040886 0.002016
vertex 0.016770 -0.050617 -0.004623
vertex 0.019761 -0.044378 -0.000833
endloop
endfacet
facet normal -0.032273 -0.723009 0.690084
outer loop
vertex 0.007720 -0.060524 -0.012389
vertex -0.002132 -0.063456 -0.015922
vertex 0.002192 -0.063811 -0.016092
endloop
endfacet
facet normal -0.057856 -0.905247 0.420928
outer loop
vertex -0.002132 -0.063456 -0.015922
vertex -0.007088 -0.064724 -0.019330
vertex 0.002192 -0.063811 -0.016092
endloop
endfacet
facet normal -0.603865 -0.496111 0.623876
outer loop
vertex -0.015719 -0.058701 -0.021269
vertex -0.013574 -0.063388 -0.022920
vertex -0.009838 -0.062944 -0.018951
endloop
endfacet
facet normal -0.317558 -0.639819 0.699849
outer loop
vertex -0.002132 -0.063456 -0.015922
vertex -0.009838 -0.062944 -0.018951
vertex -0.007088 -0.064724 -0.019330
endloop
endfacet
facet normal -0.628743 -0.498086 0.597153
outer loop
vertex -0.013574 -0.063388 -0.022920
vertex -0.015719 -0.058701 -0.021269
vertex -0.018314 -0.060250 -0.025294
endloop
endfacet
facet normal -0.426356 -0.762509 0.486622
outer loop
vertex -0.007088 -0.064724 -0.019330
vertex -0.009838 -0.062944 -0.018951
vertex -0.013574 -0.063388 -0.022920
endloop
endfacet
facet normal 0.469500 0.042220 -0.881922
outer loop
vertex -0.018314 -0.060250 -0.025294
vertex -0.014166 -0.058797 -0.023016
vertex -0.013574 -0.063388 -0.022920
endloop
endfacet
facet normal 0.325644 -0.527639 -0.784572
outer loop
vertex -0.013574 -0.063388 -0.022920
vertex 0.002192 -0.063811 -0.016092
vertex -0.007088 -0.064724 -0.019330
endloop
endfacet
facet normal 0.397948 0.032264 -0.916840
outer loop
vertex -0.013574 -0.063388 -0.022920
vertex -0.014166 -0.058797 -0.023016
vertex 0.002192 -0.063811 -0.016092
endloop
endfacet
facet normal -0.307723 0.402499 -0.862149
outer loop
vertex -0.013317 -0.017460 -0.016747
vertex -0.012168 -0.020094 -0.018387
vertex -0.016166 -0.032573 -0.022786
endloop
endfacet
facet normal -0.918005 0.283772 -0.277020
outer loop
vertex -0.016166 -0.032573 -0.022786
vertex -0.015609 -0.028356 -0.020311
vertex -0.013317 -0.017460 -0.016747
endloop
endfacet
facet normal -0.868818 0.330865 -0.368354
outer loop
vertex -0.020761 -0.047608 -0.025452
vertex -0.015609 -0.028356 -0.020311
vertex -0.016166 -0.032573 -0.022786
endloop
endfacet
facet normal 0.479019 -0.507469 0.716251
outer loop
vertex 0.019664 -0.032026 0.008924
vertex 0.016418 -0.034413 0.009403
vertex 0.020606 -0.040886 0.002016
endloop
endfacet
facet normal 0.317533 -0.616646 0.720361
outer loop
vertex 0.016418 -0.034413 0.009403
vertex 0.016770 -0.050617 -0.004623
vertex 0.020606 -0.040886 0.002016
endloop
endfacet
facet normal 0.138378 -0.672712 0.726850
outer loop
vertex 0.016770 -0.050617 -0.004623
vertex 0.011581 -0.036932 0.009031
vertex 0.012977 -0.055608 -0.008520
endloop
endfacet
facet normal 0.097287 -0.677693 0.728881
outer loop
vertex 0.012977 -0.055608 -0.008520
vertex 0.011581 -0.036932 0.009031
vertex 0.007720 -0.060524 -0.012389
endloop
endfacet
facet normal -0.851412 -0.034578 0.523357
outer loop
vertex -0.020699 -0.054818 -0.025829
vertex -0.016078 -0.045054 -0.017666
vertex -0.020761 -0.047608 -0.025452
endloop
endfacet
facet normal -0.860364 0.025492 0.509043
outer loop
vertex -0.016078 -0.045054 -0.017666
vertex -0.015110 -0.033517 -0.016607
vertex -0.020761 -0.047608 -0.025452
endloop
endfacet
facet normal -0.926343 0.156379 0.342688
outer loop
vertex -0.020761 -0.047608 -0.025452
vertex -0.015110 -0.033517 -0.016607
vertex -0.015609 -0.028356 -0.020311
endloop
endfacet
facet normal -0.979337 0.170458 0.108826
outer loop
vertex -0.013317 -0.017460 -0.016747
vertex -0.015609 -0.028356 -0.020311
vertex -0.013419 -0.021585 -0.011208
endloop
endfacet
facet normal -0.978718 0.048482 0.199402
outer loop
vertex -0.013419 -0.021585 -0.011208
vertex -0.015609 -0.028356 -0.020311
vertex -0.015110 -0.033517 -0.016607
endloop
endfacet
facet normal -0.989632 -0.070669 0.125034
outer loop
vertex -0.012594 -0.024719 -0.006448
vertex -0.013419 -0.021585 -0.011208
vertex -0.012390 -0.033448 -0.009770
endloop
endfacet
facet normal -0.928423 0.044058 0.368904
outer loop
vertex -0.012390 -0.033448 -0.009770
vertex -0.015110 -0.033517 -0.016607
vertex -0.016078 -0.045054 -0.017666
endloop
endfacet
facet normal -0.862635 -0.259534 0.434169
outer loop
vertex -0.008149 -0.031931 -0.000201
vertex -0.010860 -0.028206 -0.003362
vertex -0.008123 -0.044188 -0.007476
endloop
endfacet
facet normal -0.643066 -0.391893 0.657941
outer loop
vertex -0.008123 -0.044188 -0.007476
vertex -0.005038 -0.048241 -0.006875
vertex -0.008149 -0.031931 -0.000201
endloop
endfacet
facet normal -0.919361 -0.167097 0.356167
outer loop
vertex -0.010860 -0.028206 -0.003362
vertex -0.012390 -0.033448 -0.009770
vertex -0.010847 -0.040568 -0.009126
endloop
endfacet
facet normal -0.743487 -0.283301 0.605778
outer loop
vertex -0.010860 -0.028206 -0.003362
vertex -0.010847 -0.040568 -0.009126
vertex -0.008123 -0.044188 -0.007476
endloop
endfacet
facet normal -0.815201 -0.125589 0.565398
outer loop
vertex -0.010847 -0.040568 -0.009126
vertex -0.012390 -0.033448 -0.009770
vertex -0.016078 -0.045054 -0.017666
endloop
endfacet
facet normal -0.618749 -0.368026 0.694050
outer loop
vertex -0.005038 -0.048241 -0.006875
vertex -0.008123 -0.044188 -0.007476
vertex -0.009838 -0.062944 -0.018951
endloop
endfacet
facet normal -0.756823 -0.273868 0.593477
outer loop
vertex -0.020699 -0.054818 -0.025829
vertex -0.018314 -0.060250 -0.025294
vertex -0.015719 -0.058701 -0.021269
endloop
endfacet
facet normal -0.788384 -0.355757 0.501884
outer loop
vertex -0.005038 -0.048241 -0.006875
vertex -0.005539 -0.033565 0.002740
vertex -0.008149 -0.031931 -0.000201
endloop
endfacet
facet normal -0.428741 -0.559789 0.709096
outer loop
vertex -0.005038 -0.048241 -0.006875
vertex 0.001563 -0.047889 -0.002607
vertex -0.001962 -0.036255 0.004447
endloop
endfacet
facet normal -0.467555 -0.557528 0.685970
outer loop
vertex 0.001563 -0.047889 -0.002607
vertex 0.002714 -0.037713 0.006449
vertex -0.001962 -0.036255 0.004447
endloop
endfacet
facet normal -0.017256 -0.720487 0.693254
outer loop
vertex 0.001563 -0.047889 -0.002607
vertex 0.011581 -0.036932 0.009031
vertex 0.006615 -0.036843 0.009000
endloop
endfacet
facet normal -0.444490 -0.519023 0.730099
outer loop
vertex 0.001563 -0.047889 -0.002607
vertex -0.005038 -0.048241 -0.006875
vertex -0.002132 -0.063456 -0.015922
endloop
endfacet
facet normal -0.233732 -0.599386 0.765575
outer loop
vertex 0.011581 -0.036932 0.009031
vertex 0.001563 -0.047889 -0.002607
vertex -0.002132 -0.063456 -0.015922
endloop
endfacet
facet normal -0.928456 -0.035709 0.369722
outer loop
vertex -0.015110 -0.033517 -0.016607
vertex -0.012390 -0.033448 -0.009770
vertex -0.013419 -0.021585 -0.011208
endloop
endfacet
facet normal -0.925428 -0.153457 0.346459
outer loop
vertex -0.012390 -0.033448 -0.009770
vertex -0.010860 -0.028206 -0.003362
vertex -0.012594 -0.024719 -0.006448
endloop
endfacet
facet normal -0.718331 -0.243420 0.651726
outer loop
vertex -0.015719 -0.058701 -0.021269
vertex -0.008123 -0.044188 -0.007476
vertex -0.010847 -0.040568 -0.009126
endloop
endfacet
facet normal -0.796376 -0.173920 0.579256
outer loop
vertex -0.010847 -0.040568 -0.009126
vertex -0.016078 -0.045054 -0.017666
vertex -0.015719 -0.058701 -0.021269
endloop
endfacet
facet normal -0.739413 -0.190015 0.645881
outer loop
vertex -0.020699 -0.054818 -0.025829
vertex -0.015719 -0.058701 -0.021269
vertex -0.016078 -0.045054 -0.017666
endloop
endfacet
facet normal -0.567769 -0.391193 0.724298
outer loop
vertex -0.015719 -0.058701 -0.021269
vertex -0.009838 -0.062944 -0.018951
vertex -0.008123 -0.044188 -0.007476
endloop
endfacet
facet normal -0.633889 -0.438892 0.636835
outer loop
vertex -0.001962 -0.036255 0.004447
vertex -0.005539 -0.033565 0.002740
vertex -0.005038 -0.048241 -0.006875
endloop
endfacet
facet normal -0.337248 -0.604245 0.721908
outer loop
vertex 0.001563 -0.047889 -0.002607
vertex 0.006615 -0.036843 0.009000
vertex 0.002714 -0.037713 0.006449
endloop
endfacet
facet normal 0.270091 -0.626786 0.730883
outer loop
vertex 0.016418 -0.034413 0.009403
vertex 0.011581 -0.036932 0.009031
vertex 0.016770 -0.050617 -0.004623
endloop
endfacet
facet normal -0.340844 -0.527727 0.778029
outer loop
vertex -0.009838 -0.062944 -0.018951
vertex -0.002132 -0.063456 -0.015922
vertex -0.005038 -0.048241 -0.006875
endloop
endfacet
facet normal -0.069130 -0.664371 0.744199
outer loop
vertex 0.007720 -0.060524 -0.012389
vertex 0.011581 -0.036932 0.009031
vertex -0.002132 -0.063456 -0.015922
endloop
endfacet
facet normal -0.541438 -0.515761 0.663955
outer loop
vertex -0.033626 -0.016452 0.010253
vertex -0.036379 -0.021185 0.004332
vertex -0.031255 -0.019771 0.009609
endloop
endfacet
facet normal -0.650644 -0.272955 0.708631
outer loop
vertex -0.033626 -0.016452 0.010253
vertex -0.036825 -0.012041 0.009015
vertex -0.042685 -0.020231 0.000480
endloop
endfacet
facet normal -0.590698 -0.339963 0.731779
outer loop
vertex -0.042685 -0.020231 0.000480
vertex -0.036825 -0.012041 0.009015
vertex -0.048387 -0.018120 -0.003142
endloop
endfacet
facet normal 0.039261 0.883069 0.467597
outer loop
vertex -0.052796 0.021056 -0.025874
vertex -0.037207 0.015598 -0.016877
vertex -0.046052 0.020440 -0.025278
endloop
endfacet
facet normal 0.146508 0.915940 0.373617
outer loop
vertex -0.046052 0.020440 -0.025278
vertex -0.037207 0.015598 -0.016877
vertex -0.028354 0.015625 -0.020414
endloop
endfacet
facet normal 0.154329 0.977782 0.141862
outer loop
vertex -0.017193 0.013326 -0.016709
vertex -0.028354 0.015625 -0.020414
vertex -0.022770 0.013433 -0.011383
endloop
endfacet
facet normal -0.042209 0.976372 0.211935
outer loop
vertex -0.026409 0.012273 -0.006761
vertex -0.022770 0.013433 -0.011383
vertex -0.034910 0.012774 -0.010765
endloop
endfacet
facet normal -0.039231 0.965211 0.258513
outer loop
vertex -0.034910 0.012774 -0.010765
vertex -0.022770 0.013433 -0.011383
vertex -0.028354 0.015625 -0.020414
endloop
endfacet
facet normal 0.144905 0.917815 0.369618
outer loop
vertex -0.034910 0.012774 -0.010765
vertex -0.028354 0.015625 -0.020414
vertex -0.037207 0.015598 -0.016877
endloop
endfacet
facet normal -0.266400 0.848187 0.457832
outer loop
vertex -0.034910 0.012774 -0.010765
vertex -0.036449 0.008603 -0.003933
vertex -0.027738 0.011149 -0.003581
endloop
endfacet
facet normal -0.268096 0.856241 0.441561
outer loop
vertex -0.032446 0.007177 0.001262
vertex -0.027738 0.011149 -0.003581
vertex -0.036449 0.008603 -0.003933
endloop
endfacet
facet normal -0.403892 0.753964 0.518084
outer loop
vertex -0.036449 0.008603 -0.003933
vertex -0.041478 0.005030 -0.002654
vertex -0.032446 0.007177 0.001262
endloop
endfacet
facet normal -0.141118 0.858781 0.492525
outer loop
vertex -0.036449 0.008603 -0.003933
vertex -0.034910 0.012774 -0.010765
vertex -0.043495 0.011724 -0.011393
endloop
endfacet
facet normal -0.321587 0.686239 0.652425
outer loop
vertex -0.041478 0.005030 -0.002654
vertex -0.036449 0.008603 -0.003933
vertex -0.050418 0.009662 -0.011932
endloop
endfacet
facet normal -0.150594 0.784141 0.602034
outer loop
vertex -0.052796 0.021056 -0.025874
vertex -0.056517 0.020143 -0.025617
vertex -0.043495 0.011724 -0.011393
endloop
endfacet
facet normal -0.259400 0.695890 0.669663
outer loop
vertex -0.059706 0.015970 -0.022086
vertex -0.050418 0.009662 -0.011932
vertex -0.043495 0.011724 -0.011393
endloop
endfacet
facet normal -0.664024 0.070301 0.744399
outer loop
vertex -0.046263 -0.005137 -0.000056
vertex -0.036825 -0.012041 0.009015
vertex -0.037561 -0.004546 0.007651
endloop
endfacet
facet normal -0.493668 -0.552794 0.671350
outer loop
vertex -0.036379 -0.021185 0.004332
vertex -0.033626 -0.016452 0.010253
vertex -0.042685 -0.020231 0.000480
endloop
endfacet
facet normal -0.457845 0.506265 0.730804
outer loop
vertex -0.064339 0.007615 -0.018767
vertex -0.047699 0.001201 -0.003899
vertex -0.041478 0.005030 -0.002654
endloop
endfacet
facet normal -0.567241 0.329224 0.754884
outer loop
vertex -0.046263 -0.005137 -0.000056
vertex -0.047699 0.001201 -0.003899
vertex -0.063359 0.001154 -0.015645
endloop
endfacet
facet normal -0.576062 0.283067 0.766828
outer loop
vertex -0.064339 0.007615 -0.018767
vertex -0.063359 0.001154 -0.015645
vertex -0.047699 0.001201 -0.003899
endloop
endfacet
facet normal -0.649559 0.101961 0.753443
outer loop
vertex -0.063359 0.001154 -0.015645
vertex -0.036825 -0.012041 0.009015
vertex -0.046263 -0.005137 -0.000056
endloop
endfacet
facet normal -0.658273 -0.199573 0.725843
outer loop
vertex -0.055245 -0.013457 -0.008079
vertex -0.048387 -0.018120 -0.003142
vertex -0.036825 -0.012041 0.009015
endloop
endfacet
facet normal -0.085283 0.950094 0.300079
outer loop
vertex -0.034910 0.012774 -0.010765
vertex -0.027738 0.011149 -0.003581
vertex -0.026409 0.012273 -0.006761
endloop
endfacet
facet normal -0.140912 0.877501 0.458405
outer loop
vertex -0.034910 0.012774 -0.010765
vertex -0.037207 0.015598 -0.016877
vertex -0.043495 0.011724 -0.011393
endloop
endfacet
facet normal -0.273739 0.767536 0.579616
outer loop
vertex -0.036449 0.008603 -0.003933
vertex -0.043495 0.011724 -0.011393
vertex -0.050418 0.009662 -0.011932
endloop
endfacet
facet normal -0.028883 0.831684 0.554497
outer loop
vertex -0.052796 0.021056 -0.025874
vertex -0.043495 0.011724 -0.011393
vertex -0.037207 0.015598 -0.016877
endloop
endfacet
facet normal -0.235577 0.726385 0.645653
outer loop
vertex -0.056517 0.020143 -0.025617
vertex -0.059706 0.015970 -0.022086
vertex -0.043495 0.011724 -0.011393
endloop
endfacet
facet normal -0.389181 0.579483 0.716057
outer loop
vertex -0.063192 0.011676 -0.020505
vertex -0.050418 0.009662 -0.011932
vertex -0.059706 0.015970 -0.022086
endloop
endfacet
facet normal -0.422340 0.676869 0.602891
outer loop
vertex -0.036429 0.001400 0.004958
vertex -0.032446 0.007177 0.001262
vertex -0.041478 0.005030 -0.002654
endloop
endfacet
facet normal -0.497619 0.607083 0.619537
outer loop
vertex -0.036429 0.001400 0.004958
vertex -0.041478 0.005030 -0.002654
vertex -0.047699 0.001201 -0.003899
endloop
endfacet
facet normal -0.617781 0.418962 0.665445
outer loop
vertex -0.037561 -0.004546 0.007651
vertex -0.036429 0.001400 0.004958
vertex -0.046263 -0.005137 -0.000056
endloop
endfacet
facet normal -0.427298 0.574204 0.698360
outer loop
vertex -0.064339 0.007615 -0.018767
vertex -0.041478 0.005030 -0.002654
vertex -0.050418 0.009662 -0.011932
endloop
endfacet
facet normal -0.589504 0.316961 0.742981
outer loop
vertex -0.047699 0.001201 -0.003899
vertex -0.046263 -0.005137 -0.000056
vertex -0.036429 0.001400 0.004958
endloop
endfacet
facet normal -0.445390 0.455669 0.770710
outer loop
vertex -0.050418 0.009662 -0.011932
vertex -0.063192 0.011676 -0.020505
vertex -0.064339 0.007615 -0.018767
endloop
endfacet
facet normal -0.677255 -0.050937 0.733983
outer loop
vertex -0.061859 -0.006022 -0.013666
vertex -0.055245 -0.013457 -0.008079
vertex -0.036825 -0.012041 0.009015
endloop
endfacet
facet normal -0.660833 0.068069 0.747440
outer loop
vertex -0.061859 -0.006022 -0.013666
vertex -0.036825 -0.012041 0.009015
vertex -0.063359 0.001154 -0.015645
endloop
endfacet
facet normal 0.397967 0.299761 -0.867044
outer loop
vertex -0.017193 0.013326 -0.016709
vertex -0.019979 0.012228 -0.018368
vertex -0.032128 0.015962 -0.022653
endloop
endfacet
facet normal 0.307604 0.869072 -0.387418
outer loop
vertex -0.032128 0.015962 -0.022653
vertex -0.028354 0.015625 -0.020414
vertex -0.017193 0.013326 -0.016709
endloop
endfacet
facet normal 0.349277 0.812852 -0.466130
outer loop
vertex -0.028354 0.015625 -0.020414
vertex -0.032128 0.015962 -0.022653
vertex -0.046052 0.020440 -0.025278
endloop
endfacet
facet normal -0.981372 0.041652 -0.187546
outer loop
vertex -0.063207 0.014085 -0.023255
vertex -0.064686 0.002490 -0.018092
vertex -0.064339 0.007615 -0.018767
endloop
endfacet
facet normal 0.051598 -0.411708 -0.909854
outer loop
vertex -0.056517 0.020143 -0.025617
vertex -0.064686 0.002490 -0.018092
vertex -0.063207 0.014085 -0.023255
endloop
endfacet
facet normal 0.413533 0.629497 0.657818
outer loop
vertex 0.036603 0.021154 0.004106
vertex 0.030943 0.020541 0.008251
vertex 0.033928 0.017511 0.009274
endloop
endfacet
facet normal -0.314256 0.902095 -0.295749
outer loop
vertex 0.030943 0.020541 0.008251
vertex 0.036603 0.021154 0.004106
vertex 0.029479 0.019694 0.007222
endloop
endfacet
facet normal 0.447591 0.605203 0.658325
outer loop
vertex 0.042812 0.019904 0.001034
vertex 0.036603 0.021154 0.004106
vertex 0.033928 0.017511 0.009274
endloop
endfacet
facet normal 0.256322 0.958061 0.128133
outer loop
vertex 0.044537 0.019707 -0.000944
vertex 0.036603 0.021154 0.004106
vertex 0.042812 0.019904 0.001034
endloop
endfacet
facet normal 0.639293 0.584763 0.499357
outer loop
vertex 0.042812 0.019904 0.001034
vertex 0.053302 0.015020 -0.006676
vertex 0.044537 0.019707 -0.000944
endloop
endfacet
facet normal -0.433291 0.459646 -0.775232
outer loop
vertex 0.032036 0.012161 0.001326
vertex 0.029479 0.019694 0.007222
vertex 0.036603 0.021154 0.004106
endloop
endfacet
facet normal -0.057294 0.265921 -0.962291
outer loop
vertex 0.054812 -0.020702 -0.025829
vertex 0.047210 -0.020739 -0.025387
vertex 0.058972 -0.018967 -0.025597
endloop
endfacet
facet normal 0.022371 0.556870 -0.830298
outer loop
vertex 0.047210 -0.020739 -0.025387
vertex 0.032254 -0.016062 -0.022653
vertex 0.040478 -0.012270 -0.019888
endloop
endfacet
facet normal -0.072826 0.630579 -0.772701
outer loop
vertex 0.020017 -0.012217 -0.018362
vertex 0.022266 -0.009342 -0.016228
vertex 0.032254 -0.016062 -0.022653
endloop
endfacet
facet normal -0.117082 0.692625 -0.711732
outer loop
vertex 0.022266 -0.009342 -0.016228
vertex 0.030486 0.004800 -0.003818
vertex 0.036548 -0.001019 -0.010477
endloop
endfacet
facet normal -0.395761 0.448647 -0.801305
outer loop
vertex 0.040738 0.010288 -0.004020
vertex 0.032036 0.012161 0.001326
vertex 0.036603 0.021154 0.004106
endloop
endfacet
facet normal -0.254254 0.548927 -0.796263
outer loop
vertex 0.050169 0.005169 -0.010561
vertex 0.036548 -0.001019 -0.010477
vertex 0.040738 0.010288 -0.004020
endloop
endfacet
facet normal -0.312746 0.555759 -0.770274
outer loop
vertex 0.040738 0.010288 -0.004020
vertex 0.036548 -0.001019 -0.010477
vertex 0.030486 0.004800 -0.003818
endloop
endfacet
facet normal -0.153276 0.601957 -0.783680
outer loop
vertex 0.040478 -0.012270 -0.019888
vertex 0.036548 -0.001019 -0.010477
vertex 0.050411 -0.005385 -0.016543
endloop
endfacet
facet normal -0.261305 0.471402 -0.842318
outer loop
vertex 0.050169 0.005169 -0.010561
vertex 0.061543 0.006425 -0.013386
vertex 0.050411 -0.005385 -0.016543
endloop
endfacet
facet normal -0.182564 0.410803 -0.893259
outer loop
vertex 0.064381 -0.000843 -0.017309
vertex 0.050411 -0.005385 -0.016543
vertex 0.061543 0.006425 -0.013386
endloop
endfacet
facet normal -0.089526 0.491336 -0.866357
outer loop
vertex 0.058972 -0.018967 -0.025597
vertex 0.047210 -0.020739 -0.025387
vertex 0.040478 -0.012270 -0.019888
endloop
endfacet
facet normal -0.195755 0.455564 -0.868413
outer loop
vertex 0.058972 -0.018967 -0.025597
vertex 0.050411 -0.005385 -0.016543
vertex 0.064381 -0.000843 -0.017309
endloop
endfacet
facet normal -0.328610 0.586501 -0.740292
outer loop
vertex 0.032036 0.012161 0.001326
vertex 0.040738 0.010288 -0.004020
vertex 0.030486 0.004800 -0.003818
endloop
endfacet
facet normal -0.426967 0.431724 -0.794553
outer loop
vertex 0.036603 0.021154 0.004106
vertex 0.044537 0.019707 -0.000944
vertex 0.040738 0.010288 -0.004020
endloop
endfacet
facet normal -0.063520 0.638754 -0.766785
outer loop
vertex 0.032254 -0.016062 -0.022653
vertex 0.022266 -0.009342 -0.016228
vertex 0.036548 -0.001019 -0.010477
endloop
endfacet
facet normal -0.032911 0.634450 -0.772263
outer loop
vertex 0.036548 -0.001019 -0.010477
vertex 0.040478 -0.012270 -0.019888
vertex 0.032254 -0.016062 -0.022653
endloop
endfacet
facet normal -0.340461 0.436679 -0.832705
outer loop
vertex 0.040738 0.010288 -0.004020
vertex 0.053302 0.015020 -0.006676
vertex 0.050169 0.005169 -0.010561
endloop
endfacet
facet normal -0.334251 0.411716 -0.847801
outer loop
vertex 0.053302 0.015020 -0.006676
vertex 0.040738 0.010288 -0.004020
vertex 0.044537 0.019707 -0.000944
endloop
endfacet
facet normal -0.262159 0.425052 -0.866374
outer loop
vertex 0.061543 0.006425 -0.013386
vertex 0.050169 0.005169 -0.010561
vertex 0.053302 0.015020 -0.006676
endloop
endfacet
facet normal -0.221883 0.476929 -0.850474
outer loop
vertex 0.050411 -0.005385 -0.016543
vertex 0.036548 -0.001019 -0.010477
vertex 0.050169 0.005169 -0.010561
endloop
endfacet
facet normal -0.074169 0.520397 -0.850698
outer loop
vertex 0.058972 -0.018967 -0.025597
vertex 0.040478 -0.012270 -0.019888
vertex 0.050411 -0.005385 -0.016543
endloop
endfacet
facet normal -0.403346 -0.332142 -0.852639
outer loop
vertex 0.017737 -0.013375 -0.016832
vertex 0.020017 -0.012217 -0.018362
vertex 0.032254 -0.016062 -0.022653
endloop
endfacet
facet normal -0.280633 -0.919434 -0.275475
outer loop
vertex 0.017737 -0.013375 -0.016832
vertex 0.032254 -0.016062 -0.022653
vertex 0.028447 -0.015607 -0.020293
endloop
endfacet
facet normal -0.338622 -0.860605 -0.380388
outer loop
vertex 0.047210 -0.020739 -0.025387
vertex 0.028447 -0.015607 -0.020293
vertex 0.032254 -0.016062 -0.022653
endloop
endfacet
facet normal 0.680333 0.083862 0.728089
outer loop
vertex 0.053302 0.015020 -0.006676
vertex 0.036962 0.011511 0.008997
vertex 0.061543 0.006425 -0.013386
endloop
endfacet
facet normal 0.034564 -0.851308 0.523527
outer loop
vertex 0.054812 -0.020702 -0.025829
vertex 0.045054 -0.016078 -0.017666
vertex 0.047210 -0.020739 -0.025387
endloop
endfacet
facet normal -0.025145 -0.858938 0.511461
outer loop
vertex 0.045054 -0.016078 -0.017666
vertex 0.033518 -0.015110 -0.016607
vertex 0.047210 -0.020739 -0.025387
endloop
endfacet
facet normal -0.159583 -0.925204 0.344282
outer loop
vertex 0.047210 -0.020739 -0.025387
vertex 0.033518 -0.015110 -0.016607
vertex 0.028447 -0.015607 -0.020293
endloop
endfacet
facet normal -0.170106 -0.979768 0.105446
outer loop
vertex 0.017737 -0.013375 -0.016832
vertex 0.028447 -0.015607 -0.020293
vertex 0.021560 -0.013439 -0.011258
endloop
endfacet
facet normal -0.048134 -0.978974 0.198226
outer loop
vertex 0.021560 -0.013439 -0.011258
vertex 0.028447 -0.015607 -0.020293
vertex 0.033518 -0.015110 -0.016607
endloop
endfacet
facet normal 0.071471 -0.989356 0.126752
outer loop
vertex 0.024716 -0.012595 -0.006448
vertex 0.021560 -0.013439 -0.011258
vertex 0.033447 -0.012389 -0.009768
endloop
endfacet
facet normal -0.044059 -0.928425 0.368898
outer loop
vertex 0.033447 -0.012389 -0.009768
vertex 0.033518 -0.015110 -0.016607
vertex 0.045054 -0.016078 -0.017666
endloop
endfacet
facet normal 0.259534 -0.862635 0.434169
outer loop
vertex 0.031931 -0.008149 -0.000201
vertex 0.028206 -0.010860 -0.003362
vertex 0.044188 -0.008123 -0.007476
endloop
endfacet
facet normal 0.391893 -0.643065 0.657941
outer loop
vertex 0.044188 -0.008123 -0.007476
vertex 0.048241 -0.005038 -0.006875
vertex 0.031931 -0.008149 -0.000201
endloop
endfacet
facet normal 0.167073 -0.919385 0.356114
outer loop
vertex 0.028206 -0.010860 -0.003362
vertex 0.033447 -0.012389 -0.009768
vertex 0.040568 -0.010847 -0.009126
endloop
endfacet
facet normal 0.283301 -0.743487 0.605778
outer loop
vertex 0.028206 -0.010860 -0.003362
vertex 0.040568 -0.010847 -0.009126
vertex 0.044188 -0.008123 -0.007476
endloop
endfacet
facet normal 0.125627 -0.815187 0.565409
outer loop
vertex 0.040568 -0.010847 -0.009126
vertex 0.033447 -0.012389 -0.009768
vertex 0.045054 -0.016078 -0.017666
endloop
endfacet
facet normal 0.368026 -0.618749 0.694051
outer loop
vertex 0.048241 -0.005038 -0.006875
vertex 0.044188 -0.008123 -0.007476
vertex 0.062944 -0.009838 -0.018951
endloop
endfacet
facet normal 0.283590 -0.758359 0.586914
outer loop
vertex 0.054812 -0.020702 -0.025829
vertex 0.058972 -0.018967 -0.025597
vertex 0.058701 -0.015719 -0.021269
endloop
endfacet
facet normal 0.355757 -0.788384 0.501884
outer loop
vertex 0.048241 -0.005038 -0.006875
vertex 0.033565 -0.005539 0.002740
vertex 0.031931 -0.008149 -0.000201
endloop
endfacet
facet normal 0.559789 -0.428740 0.709097
outer loop
vertex 0.048241 -0.005038 -0.006875
vertex 0.047889 0.001563 -0.002607
vertex 0.036255 -0.001962 0.004447
endloop
endfacet
facet normal 0.557528 -0.467556 0.685969
outer loop
vertex 0.047889 0.001563 -0.002607
vertex 0.037713 0.002714 0.006449
vertex 0.036255 -0.001962 0.004447
endloop
endfacet
facet normal 0.720521 -0.017107 0.693222
outer loop
vertex 0.047889 0.001563 -0.002607
vertex 0.036962 0.011511 0.008997
vertex 0.036843 0.006615 0.009000
endloop
endfacet
facet normal 0.519022 -0.444491 0.730098
outer loop
vertex 0.047889 0.001563 -0.002607
vertex 0.048241 -0.005038 -0.006875
vertex 0.063456 -0.002132 -0.015922
endloop
endfacet
facet normal 0.599058 -0.234830 0.765496
outer loop
vertex 0.036962 0.011511 0.008997
vertex 0.047889 0.001563 -0.002607
vertex 0.063456 -0.002132 -0.015922
endloop
endfacet
facet normal 0.035644 -0.928453 0.369735
outer loop
vertex 0.033518 -0.015110 -0.016607
vertex 0.033447 -0.012389 -0.009768
vertex 0.021560 -0.013439 -0.011258
endloop
endfacet
facet normal 0.153544 -0.925404 0.346485
outer loop
vertex 0.033447 -0.012389 -0.009768
vertex 0.028206 -0.010860 -0.003362
vertex 0.024716 -0.012595 -0.006448
endloop
endfacet
facet normal 0.243421 -0.718331 0.651726
outer loop
vertex 0.058701 -0.015719 -0.021269
vertex 0.044188 -0.008123 -0.007476
vertex 0.040568 -0.010847 -0.009126
endloop
endfacet
facet normal 0.173920 -0.796376 0.579256
outer loop
vertex 0.040568 -0.010847 -0.009126
vertex 0.045054 -0.016078 -0.017666
vertex 0.058701 -0.015719 -0.021269
endloop
endfacet
facet normal 0.190030 -0.739352 0.645947
outer loop
vertex 0.054812 -0.020702 -0.025829
vertex 0.058701 -0.015719 -0.021269
vertex 0.045054 -0.016078 -0.017666
endloop
endfacet
facet normal 0.391192 -0.567769 0.724298
outer loop
vertex 0.058701 -0.015719 -0.021269
vertex 0.062944 -0.009838 -0.018951
vertex 0.044188 -0.008123 -0.007476
endloop
endfacet
facet normal 0.438892 -0.633889 0.636835
outer loop
vertex 0.036255 -0.001962 0.004447
vertex 0.033565 -0.005539 0.002740
vertex 0.048241 -0.005038 -0.006875
endloop
endfacet
facet normal 0.604245 -0.337247 0.721909
outer loop
vertex 0.047889 0.001563 -0.002607
vertex 0.036843 0.006615 0.009000
vertex 0.037713 0.002714 0.006449
endloop
endfacet
facet normal 0.612755 0.275582 0.740666
outer loop
vertex 0.033928 0.017511 0.009274
vertex 0.036962 0.011511 0.008997
vertex 0.042812 0.019904 0.001034
endloop
endfacet
facet normal 0.527727 -0.340844 0.778029
outer loop
vertex 0.062944 -0.009838 -0.018951
vertex 0.063456 -0.002132 -0.015922
vertex 0.048241 -0.005038 -0.006875
endloop
endfacet
facet normal 0.644878 0.239179 0.725897
outer loop
vertex 0.042812 0.019904 0.001034
vertex 0.036962 0.011511 0.008997
vertex 0.053302 0.015020 -0.006676
endloop
endfacet
facet normal 0.663270 -0.072445 0.744865
outer loop
vertex 0.061543 0.006425 -0.013386
vertex 0.036962 0.011511 0.008997
vertex 0.063456 -0.002132 -0.015922
endloop
endfacet
facet normal 0.288411 -0.923212 -0.253965
outer loop
vertex -0.030660 -0.020215 0.007300
vertex -0.029529 -0.020520 0.009695
vertex -0.036379 -0.021185 0.004332
endloop
endfacet
facet normal -0.355739 -0.756882 0.548251
outer loop
vertex -0.031255 -0.019771 0.009609
vertex -0.036379 -0.021185 0.004332
vertex -0.029529 -0.020520 0.009695
endloop
endfacet
facet normal 0.824566 0.016770 0.565516
outer loop
vertex 0.061543 0.006425 -0.013386
vertex 0.063456 -0.002132 -0.015922
vertex 0.064381 -0.000843 -0.017309
endloop
endfacet
facet normal 0.870898 -0.109524 0.479105
outer loop
vertex 0.063456 -0.002132 -0.015922
vertex 0.064728 -0.007208 -0.019394
vertex 0.064381 -0.000843 -0.017309
endloop
endfacet
facet normal 0.484463 -0.684843 0.544321
outer loop
vertex 0.063199 -0.014068 -0.023195
vertex 0.058701 -0.015719 -0.021269
vertex 0.058972 -0.018967 -0.025597
endloop
endfacet
facet normal 0.490685 -0.602248 0.629702
outer loop
vertex 0.058701 -0.015719 -0.021269
vertex 0.063199 -0.014068 -0.023195
vertex 0.062944 -0.009838 -0.018951
endloop
endfacet
facet normal 0.641372 -0.317172 0.698601
outer loop
vertex 0.063456 -0.002132 -0.015922
vertex 0.062944 -0.009838 -0.018951
vertex 0.064728 -0.007208 -0.019394
endloop
endfacet
facet normal 0.761603 -0.435570 0.479832
outer loop
vertex 0.064728 -0.007208 -0.019394
vertex 0.062944 -0.009838 -0.018951
vertex 0.063199 -0.014068 -0.023195
endloop
endfacet
facet normal 0.607580 0.277003 -0.744390
outer loop
vertex 0.063199 -0.014068 -0.023195
vertex 0.064381 -0.000843 -0.017309
vertex 0.064728 -0.007208 -0.019394
endloop
endfacet
facet normal 0.053582 0.402032 -0.914057
outer loop
vertex 0.058972 -0.018967 -0.025597
vertex 0.064381 -0.000843 -0.017309
vertex 0.063199 -0.014068 -0.023195
endloop
endfacet
facet normal 0.154765 -0.447134 -0.880976
outer loop
vertex -0.064686 0.002490 -0.018092
vertex -0.056517 0.020143 -0.025617
vertex -0.053722 0.009951 -0.019953
endloop
endfacet
facet normal 0.055249 -0.473397 -0.879115
outer loop
vertex -0.056517 0.020143 -0.025617
vertex -0.052796 0.021056 -0.025874
vertex -0.053722 0.009951 -0.019953
endloop
endfacet
facet normal 0.034755 -0.472503 -0.880644
outer loop
vertex -0.052796 0.021056 -0.025874
vertex -0.046052 0.020440 -0.025278
vertex -0.053722 0.009951 -0.019953
endloop
endfacet
facet normal -0.030943 -0.575431 -0.817265
outer loop
vertex -0.046052 0.020440 -0.025278
vertex -0.032128 0.015962 -0.022653
vertex -0.038526 0.012028 -0.019640
endloop
endfacet
facet normal 0.078054 -0.631335 -0.771572
outer loop
vertex -0.019979 0.012228 -0.018368
vertex -0.022242 0.009350 -0.016242
vertex -0.032128 0.015962 -0.022653
endloop
endfacet
facet normal 0.104570 -0.690138 -0.716083
outer loop
vertex -0.022242 0.009350 -0.016242
vertex -0.030414 -0.004710 -0.003885
vertex -0.034144 0.001941 -0.010840
endloop
endfacet
facet normal 0.474284 -0.405807 -0.781265
outer loop
vertex -0.040615 -0.011495 -0.003273
vertex -0.030660 -0.020215 0.007300
vertex -0.036379 -0.021185 0.004332
endloop
endfacet
facet normal 0.187289 -0.598339 -0.779047
outer loop
vertex -0.034144 0.001941 -0.010840
vertex -0.042918 0.000961 -0.012196
vertex -0.038526 0.012028 -0.019640
endloop
endfacet
facet normal 0.244023 -0.382381 -0.891200
outer loop
vertex -0.064686 0.002490 -0.018092
vertex -0.051288 -0.003802 -0.011724
vertex -0.061859 -0.006022 -0.013666
endloop
endfacet
facet normal 0.220345 -0.471815 -0.853721
outer loop
vertex -0.053722 0.009951 -0.019953
vertex -0.042918 0.000961 -0.012196
vertex -0.051288 -0.003802 -0.011724
endloop
endfacet
facet normal 0.096109 -0.581516 -0.807838
outer loop
vertex -0.042918 0.000961 -0.012196
vertex -0.053722 0.009951 -0.019953
vertex -0.038526 0.012028 -0.019640
endloop
endfacet
facet normal 0.086126 -0.500359 -0.861524
outer loop
vertex -0.053722 0.009951 -0.019953
vertex -0.046052 0.020440 -0.025278
vertex -0.038526 0.012028 -0.019640
endloop
endfacet
facet normal 0.324453 -0.556762 -0.764687
outer loop
vertex -0.030660 -0.020215 0.007300
vertex -0.040615 -0.011495 -0.003273
vertex -0.030414 -0.004710 -0.003885
endloop
endfacet
facet normal 0.297224 -0.519129 -0.801350
outer loop
vertex -0.042918 0.000961 -0.012196
vertex -0.030414 -0.004710 -0.003885
vertex -0.040615 -0.011495 -0.003273
endloop
endfacet
facet normal 0.418535 -0.440391 -0.794282
outer loop
vertex -0.036379 -0.021185 0.004332
vertex -0.042685 -0.020231 0.000480
vertex -0.040615 -0.011495 -0.003273
endloop
endfacet
facet normal 0.360339 -0.438973 -0.823079
outer loop
vertex -0.042685 -0.020231 0.000480
vertex -0.048387 -0.018120 -0.003142
vertex -0.040615 -0.011495 -0.003273
endloop
endfacet
facet normal 0.256661 -0.531057 -0.807529
outer loop
vertex -0.040615 -0.011495 -0.003273
vertex -0.051288 -0.003802 -0.011724
vertex -0.042918 0.000961 -0.012196
endloop
endfacet
facet normal 0.186307 -0.658230 -0.729399
outer loop
vertex -0.042918 0.000961 -0.012196
vertex -0.034144 0.001941 -0.010840
vertex -0.030414 -0.004710 -0.003885
endloop
endfacet
facet normal 0.058832 -0.648131 -0.759253
outer loop
vertex -0.032128 0.015962 -0.022653
vertex -0.022242 0.009350 -0.016242
vertex -0.034144 0.001941 -0.010840
endloop
endfacet
facet normal 0.039475 -0.647125 -0.761361
outer loop
vertex -0.034144 0.001941 -0.010840
vertex -0.038526 0.012028 -0.019640
vertex -0.032128 0.015962 -0.022653
endloop
endfacet
facet normal 0.332650 -0.449341 -0.829118
outer loop
vertex -0.040615 -0.011495 -0.003273
vertex -0.055245 -0.013457 -0.008079
vertex -0.051288 -0.003802 -0.011724
endloop
endfacet
facet normal 0.333871 -0.408447 -0.849530
outer loop
vertex -0.048387 -0.018120 -0.003142
vertex -0.055245 -0.013457 -0.008079
vertex -0.040615 -0.011495 -0.003273
endloop
endfacet
facet normal 0.249678 -0.429893 -0.867671
outer loop
vertex -0.061859 -0.006022 -0.013666
vertex -0.051288 -0.003802 -0.011724
vertex -0.055245 -0.013457 -0.008079
endloop
endfacet
facet normal 0.181769 -0.481002 -0.857669
outer loop
vertex -0.064686 0.002490 -0.018092
vertex -0.053722 0.009951 -0.019953
vertex -0.051288 -0.003802 -0.011724
endloop
endfacet
facet normal 0.084985 -0.351546 -0.932305
outer loop
vertex 0.015305 0.030973 -0.022208
vertex 0.012918 0.017178 -0.017224
vertex 0.011963 0.019739 -0.018276
endloop
endfacet
facet normal 0.325975 -0.370613 -0.869704
outer loop
vertex 0.015305 0.030973 -0.022208
vertex 0.017030 0.034074 -0.022883
vertex 0.012918 0.017178 -0.017224
endloop
endfacet
facet normal -0.062695 -0.178850 -0.981877
outer loop
vertex 0.020395 0.045690 -0.025213
vertex 0.017030 0.034074 -0.022883
vertex 0.015305 0.030973 -0.022208
endloop
endfacet
facet normal 0.803505 -0.355451 -0.477529
outer loop
vertex 0.017030 0.034074 -0.022883
vertex 0.013412 0.017135 -0.016362
vertex 0.012918 0.017178 -0.017224
endloop
endfacet
facet normal -0.413686 -0.330508 -0.848309
outer loop
vertex -0.011508 0.040646 -0.003280
vertex -0.019868 0.043994 -0.000507
vertex -0.017038 0.050144 -0.004284
endloop
endfacet
facet normal -0.448863 -0.160248 -0.879115
outer loop
vertex 0.002490 0.064686 -0.018092
vertex 0.020144 0.056515 -0.025617
vertex 0.008547 0.052546 -0.018972
endloop
endfacet
facet normal -0.481836 -0.056123 -0.874462
outer loop
vertex 0.020144 0.056515 -0.025617
vertex 0.021039 0.052878 -0.025877
vertex 0.008547 0.052546 -0.018972
endloop
endfacet
facet normal -0.482641 -0.037450 -0.875017
outer loop
vertex 0.021039 0.052878 -0.025877
vertex 0.020395 0.045690 -0.025213
vertex 0.008547 0.052546 -0.018972
endloop
endfacet
facet normal -0.564744 0.026867 -0.824829
outer loop
vertex 0.020395 0.045690 -0.025213
vertex 0.015305 0.030973 -0.022208
vertex 0.011617 0.039927 -0.019391
endloop
endfacet
facet normal -0.676474 -0.055781 -0.734351
outer loop
vertex 0.011963 0.019739 -0.018276
vertex 0.008747 0.024014 -0.015639
vertex 0.015305 0.030973 -0.022208
endloop
endfacet
facet normal -0.678871 -0.098846 -0.727574
outer loop
vertex 0.008747 0.024014 -0.015639
vertex -0.005013 0.030329 -0.003658
vertex 0.003464 0.033735 -0.012030
endloop
endfacet
facet normal -0.407778 -0.472091 -0.781567
outer loop
vertex -0.011508 0.040646 -0.003280
vertex -0.020194 0.030662 0.007283
vertex -0.021180 0.036981 0.003980
endloop
endfacet
facet normal -0.643359 -0.209085 -0.736459
outer loop
vertex -0.005013 0.030329 -0.003658
vertex -0.000434 0.042402 -0.011085
vertex 0.003464 0.033735 -0.012030
endloop
endfacet
facet normal -0.382631 -0.243434 -0.891254
outer loop
vertex 0.002490 0.064686 -0.018092
vertex -0.003748 0.051292 -0.011756
vertex -0.006024 0.061858 -0.013665
endloop
endfacet
facet normal -0.473010 -0.240268 -0.847663
outer loop
vertex 0.008547 0.052546 -0.018972
vertex -0.000434 0.042402 -0.011085
vertex -0.003748 0.051292 -0.011756
endloop
endfacet
facet normal -0.506342 -0.094705 -0.857117
outer loop
vertex 0.008547 0.052546 -0.018972
vertex 0.020395 0.045690 -0.025213
vertex 0.011617 0.039927 -0.019391
endloop
endfacet
facet normal -0.557899 -0.323277 -0.764356
outer loop
vertex -0.020194 0.030662 0.007283
vertex -0.011508 0.040646 -0.003280
vertex -0.005013 0.030329 -0.003658
endloop
endfacet
facet normal -0.518214 -0.296911 -0.802059
outer loop
vertex -0.000434 0.042402 -0.011085
vertex -0.005013 0.030329 -0.003658
vertex -0.011508 0.040646 -0.003280
endloop
endfacet
facet normal -0.433989 -0.426594 -0.793518
outer loop
vertex -0.021180 0.036981 0.003980
vertex -0.019868 0.043994 -0.000507
vertex -0.011508 0.040646 -0.003280
endloop
endfacet
facet normal -0.528886 -0.258144 -0.808481
outer loop
vertex -0.011508 0.040646 -0.003280
vertex -0.003748 0.051292 -0.011756
vertex -0.000434 0.042402 -0.011085
endloop
endfacet
facet normal -0.546371 -0.156049 -0.822877
outer loop
vertex 0.008547 0.052546 -0.018972
vertex 0.003464 0.033735 -0.012030
vertex -0.000434 0.042402 -0.011085
endloop
endfacet
facet normal -0.660594 -0.081978 -0.746254
outer loop
vertex 0.015305 0.030973 -0.022208
vertex 0.008747 0.024014 -0.015639
vertex 0.003464 0.033735 -0.012030
endloop
endfacet
facet normal -0.655913 -0.032926 -0.754118
outer loop
vertex 0.003464 0.033735 -0.012030
vertex 0.011617 0.039927 -0.019391
vertex 0.015305 0.030973 -0.022208
endloop
endfacet
facet normal -0.612024 -0.122940 -0.781225
outer loop
vertex 0.003464 0.033735 -0.012030
vertex 0.008547 0.052546 -0.018972
vertex 0.011617 0.039927 -0.019391
endloop
endfacet
facet normal -0.450010 -0.331994 -0.829018
outer loop
vertex -0.011508 0.040646 -0.003280
vertex -0.013217 0.055466 -0.008287
vertex -0.003748 0.051292 -0.011756
endloop
endfacet
facet normal -0.419765 -0.333602 -0.844102
outer loop
vertex -0.017038 0.050144 -0.004284
vertex -0.013217 0.055466 -0.008287
vertex -0.011508 0.040646 -0.003280
endloop
endfacet
facet normal -0.428043 -0.249148 -0.868738
outer loop
vertex -0.006024 0.061858 -0.013665
vertex -0.003748 0.051292 -0.011756
vertex -0.013217 0.055466 -0.008287
endloop
endfacet
facet normal -0.484268 -0.179567 -0.856295
outer loop
vertex 0.002490 0.064686 -0.018092
vertex 0.008547 0.052546 -0.018972
vertex -0.003748 0.051292 -0.011756
endloop
endfacet
facet normal 0.041654 0.981371 -0.187551
outer loop
vertex 0.014085 0.063207 -0.023255
vertex 0.002490 0.064686 -0.018092
vertex 0.007615 0.064339 -0.018767
endloop
endfacet
facet normal -0.411716 -0.051678 -0.909846
outer loop
vertex 0.020144 0.056515 -0.025617
vertex 0.002490 0.064686 -0.018092
vertex 0.014085 0.063207 -0.023255
endloop
endfacet
facet normal -0.062784 0.891506 0.448636
outer loop
vertex -0.006024 0.061858 -0.013665
vertex 0.001097 0.063334 -0.015600
vertex 0.002490 0.064686 -0.018092
endloop
endfacet
facet normal 0.126183 0.840657 0.526662
outer loop
vertex 0.001097 0.063334 -0.015600
vertex 0.007615 0.064339 -0.018767
vertex 0.002490 0.064686 -0.018092
endloop
endfacet
facet normal 0.745509 0.534543 0.398095
outer loop
vertex 0.020144 0.056515 -0.025617
vertex 0.014085 0.063207 -0.023255
vertex 0.015970 0.059706 -0.022086
endloop
endfacet
facet normal 0.636473 0.529996 0.560363
outer loop
vertex 0.015970 0.059706 -0.022086
vertex 0.014085 0.063207 -0.023255
vertex 0.011676 0.063192 -0.020505
endloop
endfacet
facet normal 0.389062 0.854003 0.345413
outer loop
vertex 0.011676 0.063192 -0.020505
vertex 0.014085 0.063207 -0.023255
vertex 0.007615 0.064339 -0.018767
endloop
endfacet
facet normal -0.489326 0.539592 0.685128
outer loop
vertex -0.019629 0.031999 0.009011
vertex -0.016418 0.034413 0.009403
vertex -0.021180 0.036981 0.003980
endloop
endfacet
facet normal -0.495251 0.532056 0.686762
outer loop
vertex -0.021180 0.036981 0.003980
vertex -0.016418 0.034413 0.009403
vertex -0.019868 0.043994 -0.000507
endloop
endfacet
facet normal -0.363737 0.603240 0.709787
outer loop
vertex -0.016418 0.034413 0.009403
vertex -0.017038 0.050144 -0.004284
vertex -0.019868 0.043994 -0.000507
endloop
endfacet
facet normal 0.880207 -0.035278 0.473278
outer loop
vertex 0.021039 0.052878 -0.025877
vertex 0.015741 0.037763 -0.017149
vertex 0.020395 0.045690 -0.025213
endloop
endfacet
facet normal 0.920755 -0.199468 0.335296
outer loop
vertex 0.020395 0.045690 -0.025213
vertex 0.015741 0.037763 -0.017149
vertex 0.017030 0.034074 -0.022883
endloop
endfacet
facet normal 0.962387 -0.071267 0.262167
outer loop
vertex 0.015741 0.037763 -0.017149
vertex 0.013389 0.023857 -0.012294
vertex 0.017030 0.034074 -0.022883
endloop
endfacet
facet normal 0.969123 -0.125237 0.212406
outer loop
vertex 0.017030 0.034074 -0.022883
vertex 0.013389 0.023857 -0.012294
vertex 0.013412 0.017135 -0.016362
endloop
endfacet
facet normal 0.982360 0.029009 0.184735
outer loop
vertex 0.012273 0.026409 -0.006761
vertex 0.013389 0.023857 -0.012294
vertex 0.012775 0.034909 -0.010766
endloop
endfacet
facet normal 0.908120 -0.007460 0.418644
outer loop
vertex 0.012775 0.034909 -0.010766
vertex 0.013389 0.023857 -0.012294
vertex 0.015741 0.037763 -0.017149
endloop
endfacet
facet normal 0.848189 0.266400 0.457828
outer loop
vertex 0.012775 0.034909 -0.010766
vertex 0.008603 0.036449 -0.003933
vertex 0.011149 0.027738 -0.003581
endloop
endfacet
facet normal 0.856241 0.268095 0.441561
outer loop
vertex 0.007177 0.032446 0.001262
vertex 0.011149 0.027738 -0.003581
vertex 0.008603 0.036449 -0.003933
endloop
endfacet
facet normal 0.753963 0.403892 0.518084
outer loop
vertex 0.008603 0.036449 -0.003933
vertex 0.005030 0.041478 -0.002654
vertex 0.007177 0.032446 0.001262
endloop
endfacet
facet normal 0.858782 0.141116 0.492524
outer loop
vertex 0.008603 0.036449 -0.003933
vertex 0.012775 0.034909 -0.010766
vertex 0.011724 0.043495 -0.011393
endloop
endfacet
facet normal 0.686239 0.321587 0.652425
outer loop
vertex 0.005030 0.041478 -0.002654
vertex 0.008603 0.036449 -0.003933
vertex 0.009662 0.050418 -0.011932
endloop
endfacet
facet normal 0.784413 0.150130 0.601795
outer loop
vertex 0.021039 0.052878 -0.025877
vertex 0.020144 0.056515 -0.025617
vertex 0.011724 0.043495 -0.011393
endloop
endfacet
facet normal 0.695891 0.259400 0.669663
outer loop
vertex 0.015970 0.059706 -0.022086
vertex 0.009662 0.050418 -0.011932
vertex 0.011724 0.043495 -0.011393
endloop
endfacet
facet normal 0.068229 0.665302 0.743451
outer loop
vertex -0.005137 0.046263 -0.000056
vertex -0.011572 0.037010 0.008816
vertex -0.004641 0.037587 0.007663
endloop
endfacet
facet normal 0.506265 0.457845 0.730804
outer loop
vertex 0.007615 0.064339 -0.018767
vertex 0.001201 0.047699 -0.003899
vertex 0.005030 0.041478 -0.002654
endloop
endfacet
facet normal 0.329252 0.567186 0.754912
outer loop
vertex -0.005137 0.046263 -0.000056
vertex 0.001201 0.047699 -0.003899
vertex 0.001097 0.063334 -0.015600
endloop
endfacet
facet normal 0.283732 0.575778 0.766796
outer loop
vertex 0.007615 0.064339 -0.018767
vertex 0.001097 0.063334 -0.015600
vertex 0.001201 0.047699 -0.003899
endloop
endfacet
facet normal 0.109895 0.646971 0.754554
outer loop
vertex 0.001097 0.063334 -0.015600
vertex -0.011572 0.037010 0.008816
vertex -0.005137 0.046263 -0.000056
endloop
endfacet
facet normal -0.158114 0.663535 0.731246
outer loop
vertex -0.013217 0.055466 -0.008287
vertex -0.017038 0.050144 -0.004284
vertex -0.011572 0.037010 0.008816
endloop
endfacet
facet normal 0.950094 0.085267 0.300086
outer loop
vertex 0.012775 0.034909 -0.010766
vertex 0.011149 0.027738 -0.003581
vertex 0.012273 0.026409 -0.006761
endloop
endfacet
facet normal 0.872225 0.140994 0.468342
outer loop
vertex 0.012775 0.034909 -0.010766
vertex 0.015741 0.037763 -0.017149
vertex 0.011724 0.043495 -0.011393
endloop
endfacet
facet normal 0.767536 0.273739 0.579617
outer loop
vertex 0.008603 0.036449 -0.003933
vertex 0.011724 0.043495 -0.011393
vertex 0.009662 0.050418 -0.011932
endloop
endfacet
facet normal 0.832462 0.027716 0.553389
outer loop
vertex 0.021039 0.052878 -0.025877
vertex 0.011724 0.043495 -0.011393
vertex 0.015741 0.037763 -0.017149
endloop
endfacet
facet normal 0.726368 0.235591 0.645668
outer loop
vertex 0.020144 0.056515 -0.025617
vertex 0.015970 0.059706 -0.022086
vertex 0.011724 0.043495 -0.011393
endloop
endfacet
facet normal 0.579483 0.389181 0.716057
outer loop
vertex 0.011676 0.063192 -0.020505
vertex 0.009662 0.050418 -0.011932
vertex 0.015970 0.059706 -0.022086
endloop
endfacet
facet normal 0.676869 0.422340 0.602890
outer loop
vertex 0.001400 0.036429 0.004958
vertex 0.007177 0.032446 0.001262
vertex 0.005030 0.041478 -0.002654
endloop
endfacet
facet normal 0.607083 0.497619 0.619537
outer loop
vertex 0.001400 0.036429 0.004958
vertex 0.005030 0.041478 -0.002654
vertex 0.001201 0.047699 -0.003899
endloop
endfacet
facet normal 0.417011 0.617324 0.667093
outer loop
vertex -0.004641 0.037587 0.007663
vertex 0.001400 0.036429 0.004958
vertex -0.005137 0.046263 -0.000056
endloop
endfacet
facet normal -0.248552 0.630210 0.735566
outer loop
vertex -0.016418 0.034413 0.009403
vertex -0.011572 0.037010 0.008816
vertex -0.017038 0.050144 -0.004284
endloop
endfacet
facet normal 0.574204 0.427297 0.698360
outer loop
vertex 0.007615 0.064339 -0.018767
vertex 0.005030 0.041478 -0.002654
vertex 0.009662 0.050418 -0.011932
endloop
endfacet
facet normal 0.316961 0.589503 0.742982
outer loop
vertex 0.001201 0.047699 -0.003899
vertex -0.005137 0.046263 -0.000056
vertex 0.001400 0.036429 0.004958
endloop
endfacet
facet normal 0.455669 0.445390 0.770710
outer loop
vertex 0.009662 0.050418 -0.011932
vertex 0.011676 0.063192 -0.020505
vertex 0.007615 0.064339 -0.018767
endloop
endfacet
facet normal -0.051673 0.676315 0.734798
outer loop
vertex -0.006024 0.061858 -0.013665
vertex -0.013217 0.055466 -0.008287
vertex -0.011572 0.037010 0.008816
endloop
endfacet
facet normal 0.066071 0.661271 0.747232
outer loop
vertex -0.006024 0.061858 -0.013665
vertex -0.011572 0.037010 0.008816
vertex 0.001097 0.063334 -0.015600
endloop
endfacet
facet normal -0.956201 -0.238081 -0.170285
outer loop
vertex -0.020194 0.030662 0.007283
vertex -0.020427 0.030484 0.008836
vertex -0.021180 0.036981 0.003980
endloop
endfacet
facet normal -0.756370 0.333113 0.562975
outer loop
vertex -0.019629 0.031999 0.009011
vertex -0.021180 0.036981 0.003980
vertex -0.020427 0.030484 0.008836
endloop
endfacet
facet normal -0.891196 -0.062307 0.449319
outer loop
vertex -0.061859 -0.006022 -0.013666
vertex -0.063359 0.001154 -0.015645
vertex -0.064686 0.002490 -0.018092
endloop
endfacet
facet normal -0.841563 0.126057 0.525245
outer loop
vertex -0.063359 0.001154 -0.015645
vertex -0.064339 0.007615 -0.018767
vertex -0.064686 0.002490 -0.018092
endloop
endfacet
facet normal -0.534545 0.745460 0.398185
outer loop
vertex -0.056517 0.020143 -0.025617
vertex -0.063207 0.014085 -0.023255
vertex -0.059706 0.015970 -0.022086
endloop
endfacet
facet normal -0.529996 0.636476 0.560359
outer loop
vertex -0.059706 0.015970 -0.022086
vertex -0.063207 0.014085 -0.023255
vertex -0.063192 0.011676 -0.020505
endloop
endfacet
facet normal -0.854004 0.389053 0.345421
outer loop
vertex -0.063192 0.011676 -0.020505
vertex -0.063207 0.014085 -0.023255
vertex -0.064339 0.007615 -0.018767
endloop
endfacet
facet normal -0.771894 -0.199481 -0.603645
outer loop
vertex -0.014298 -0.014547 -0.015504
vertex -0.010573 -0.014332 -0.020338
vertex -0.011113 -0.017492 -0.018602
endloop
endfacet
facet normal -0.639292 0.109558 -0.761120
outer loop
vertex -0.014298 -0.014547 -0.015504
vertex -0.011113 -0.017492 -0.018602
vertex -0.013317 -0.017460 -0.016747
endloop
endfacet
facet normal -0.630309 0.193212 -0.751917
outer loop
vertex -0.012168 -0.020094 -0.018387
vertex -0.013317 -0.017460 -0.016747
vertex -0.011113 -0.017492 -0.018602
endloop
endfacet
facet normal -0.132336 -0.459658 -0.878181
outer loop
vertex -0.010573 -0.014332 -0.020338
vertex -0.008040 -0.016358 -0.019659
vertex -0.011113 -0.017492 -0.018602
endloop
endfacet
facet normal 0.600712 -0.770604 -0.212870
outer loop
vertex 0.020598 -0.030529 0.014450
vertex 0.017493 -0.032395 0.012442
vertex 0.020869 -0.029372 0.011027
endloop
endfacet
facet normal 0.594587 -0.750615 0.288171
outer loop
vertex 0.017493 -0.032395 0.012442
vertex 0.016418 -0.034413 0.009403
vertex 0.019664 -0.032026 0.008924
endloop
endfacet
facet normal -0.946323 -0.216282 -0.240197
outer loop
vertex -0.014298 -0.014547 -0.015504
vertex -0.013317 -0.017460 -0.016747
vertex -0.014860 -0.018169 -0.010027
endloop
endfacet
facet normal -0.920886 -0.304312 -0.243648
outer loop
vertex -0.014860 -0.018169 -0.010027
vertex -0.013317 -0.017460 -0.016747
vertex -0.013419 -0.021585 -0.011208
endloop
endfacet
facet normal 0.486638 -0.873182 0.027150
outer loop
vertex 0.011852 -0.035589 0.010833
vertex 0.017493 -0.032395 0.012442
vertex 0.013892 -0.034340 0.014435
endloop
endfacet
facet normal 0.070571 -0.997314 0.019625
outer loop
vertex 0.004679 -0.036079 0.011714
vertex 0.011852 -0.035589 0.010833
vertex 0.008964 -0.035729 0.014055
endloop
endfacet
facet normal 0.362179 -0.772667 0.521357
outer loop
vertex 0.011581 -0.036932 0.009031
vertex 0.016418 -0.034413 0.009403
vertex 0.011852 -0.035589 0.010833
endloop
endfacet
facet normal 0.105492 -0.935082 0.338368
outer loop
vertex 0.006615 -0.036843 0.009000
vertex 0.011852 -0.035589 0.010833
vertex 0.004679 -0.036079 0.011714
endloop
endfacet
facet normal 0.000234 -0.989108 0.147193
outer loop
vertex 0.004679 -0.036079 0.011714
vertex 0.008964 -0.035729 0.014055
vertex 0.000666 -0.035939 0.012659
endloop
endfacet
facet normal -0.030639 -0.999376 0.017587
outer loop
vertex 0.004679 -0.036079 0.011714
vertex 0.000666 -0.035939 0.012659
vertex 0.002843 -0.036063 0.009417
endloop
endfacet
facet normal -0.475650 -0.877985 0.053854
outer loop
vertex 0.000666 -0.035939 0.012659
vertex -0.006219 -0.032542 0.007230
vertex -0.001747 -0.034956 0.007385
endloop
endfacet
facet normal -0.185391 -0.972436 0.141415
outer loop
vertex 0.004679 -0.036079 0.011714
vertex 0.002843 -0.036063 0.009417
vertex 0.006615 -0.036843 0.009000
endloop
endfacet
facet normal -0.395323 -0.795425 0.459368
outer loop
vertex 0.002843 -0.036063 0.009417
vertex -0.001747 -0.034956 0.007385
vertex 0.002714 -0.037713 0.006449
endloop
endfacet
facet normal -0.506437 -0.850273 -0.143381
outer loop
vertex -0.009255 -0.029835 0.001900
vertex -0.006219 -0.032542 0.007230
vertex -0.011094 -0.029140 0.004272
endloop
endfacet
facet normal -0.634287 -0.720376 -0.280602
outer loop
vertex -0.011094 -0.029140 0.004272
vertex -0.013536 -0.024582 -0.001908
vertex -0.009255 -0.029835 0.001900
endloop
endfacet
facet normal -0.474467 -0.871117 0.126635
outer loop
vertex -0.005539 -0.033565 0.002740
vertex -0.001747 -0.034956 0.007385
vertex -0.006219 -0.032542 0.007230
endloop
endfacet
facet normal -0.711688 -0.647883 0.271566
outer loop
vertex -0.008149 -0.031931 -0.000201
vertex -0.005539 -0.033565 0.002740
vertex -0.009255 -0.029835 0.001900
endloop
endfacet
facet normal -0.897274 -0.405680 -0.174135
outer loop
vertex -0.013536 -0.024582 -0.001908
vertex -0.014860 -0.018169 -0.010027
vertex -0.012594 -0.024719 -0.006448
endloop
endfacet
facet normal -0.823410 -0.545988 -0.154576
outer loop
vertex -0.013536 -0.024582 -0.001908
vertex -0.012594 -0.024719 -0.006448
vertex -0.010860 -0.028206 -0.003362
endloop
endfacet
facet normal 0.493518 -0.868620 0.044038
outer loop
vertex 0.013892 -0.034340 0.014435
vertex 0.017493 -0.032395 0.012442
vertex 0.020598 -0.030529 0.014450
endloop
endfacet
facet normal 0.253472 -0.949368 0.185615
outer loop
vertex 0.013892 -0.034340 0.014435
vertex 0.008964 -0.035729 0.014055
vertex 0.011852 -0.035589 0.010833
endloop
endfacet
facet normal 0.348960 -0.832831 0.429673
outer loop
vertex 0.017493 -0.032395 0.012442
vertex 0.011852 -0.035589 0.010833
vertex 0.016418 -0.034413 0.009403
endloop
endfacet
facet normal -0.018094 -0.800363 0.599242
outer loop
vertex 0.011852 -0.035589 0.010833
vertex 0.006615 -0.036843 0.009000
vertex 0.011581 -0.036932 0.009031
endloop
endfacet
facet normal -0.194338 -0.976496 -0.093207
outer loop
vertex -0.001747 -0.034956 0.007385
vertex 0.002843 -0.036063 0.009417
vertex 0.000666 -0.035939 0.012659
endloop
endfacet
facet normal -0.124991 -0.864868 0.486191
outer loop
vertex 0.002714 -0.037713 0.006449
vertex 0.006615 -0.036843 0.009000
vertex 0.002843 -0.036063 0.009417
endloop
endfacet
facet normal -0.422713 -0.816960 0.392288
outer loop
vertex -0.001962 -0.036255 0.004447
vertex 0.002714 -0.037713 0.006449
vertex -0.001747 -0.034956 0.007385
endloop
endfacet
facet normal -0.663569 -0.664991 0.342728
outer loop
vertex -0.001747 -0.034956 0.007385
vertex -0.005539 -0.033565 0.002740
vertex -0.001962 -0.036255 0.004447
endloop
endfacet
facet normal -0.713249 -0.699031 0.051293
outer loop
vertex -0.006219 -0.032542 0.007230
vertex -0.009255 -0.029835 0.001900
vertex -0.005539 -0.033565 0.002740
endloop
endfacet
facet normal -0.792840 -0.607039 0.053938
outer loop
vertex -0.009255 -0.029835 0.001900
vertex -0.013536 -0.024582 -0.001908
vertex -0.010860 -0.028206 -0.003362
endloop
endfacet
facet normal -0.840231 -0.534568 0.090820
outer loop
vertex -0.010860 -0.028206 -0.003362
vertex -0.008149 -0.031931 -0.000201
vertex -0.009255 -0.029835 0.001900
endloop
endfacet
facet normal -0.927955 -0.364244 -0.078907
outer loop
vertex -0.013419 -0.021585 -0.011208
vertex -0.012594 -0.024719 -0.006448
vertex -0.014860 -0.018169 -0.010027
endloop
endfacet
facet normal 0.850979 -0.113923 -0.512696
outer loop
vertex 0.022293 -0.026791 0.010784
vertex 0.019931 -0.029253 0.007411
vertex 0.019448 -0.025795 0.005841
endloop
endfacet
facet normal 0.841725 -0.486424 -0.234286
outer loop
vertex 0.019931 -0.029253 0.007411
vertex 0.022293 -0.026791 0.010784
vertex 0.020869 -0.029372 0.011027
endloop
endfacet
facet normal 0.867691 -0.487722 -0.096128
outer loop
vertex 0.020598 -0.030529 0.014450
vertex 0.020869 -0.029372 0.011027
vertex 0.022293 -0.026791 0.010784
endloop
endfacet
facet normal 0.699007 -0.685639 0.203195
outer loop
vertex 0.020869 -0.029372 0.011027
vertex 0.017493 -0.032395 0.012442
vertex 0.020444 -0.030454 0.008841
endloop
endfacet
facet normal 0.805796 -0.375639 0.457809
outer loop
vertex 0.020444 -0.030454 0.008841
vertex 0.017493 -0.032395 0.012442
vertex 0.019664 -0.032026 0.008924
endloop
endfacet
facet normal 0.962153 0.118173 -0.245555
outer loop
vertex 0.020869 -0.029372 0.011027
vertex 0.020444 -0.030454 0.008841
vertex 0.019931 -0.029253 0.007411
endloop
endfacet
facet normal 0.415263 -0.240825 -0.877246
outer loop
vertex -0.012168 -0.020094 -0.018387
vertex -0.011113 -0.017492 -0.018602
vertex -0.007776 -0.020366 -0.016234
endloop
endfacet
facet normal -0.021078 -0.650357 -0.759337
outer loop
vertex -0.007776 -0.020366 -0.016234
vertex -0.011113 -0.017492 -0.018602
vertex -0.008040 -0.016358 -0.019659
endloop
endfacet
facet normal 0.184993 -0.631411 -0.753059
outer loop
vertex -0.007776 -0.020366 -0.016234
vertex -0.008040 -0.016358 -0.019659
vertex -0.002912 -0.020729 -0.014734
endloop
endfacet
facet normal 0.145538 -0.743844 -0.652315
outer loop
vertex 0.001913 -0.026446 -0.007139
vertex -0.007776 -0.020366 -0.016234
vertex -0.002912 -0.020729 -0.014734
endloop
endfacet
facet normal 0.345392 -0.533977 -0.771733
outer loop
vertex 0.004741 -0.030225 -0.003810
vertex -0.012168 -0.020094 -0.018387
vertex -0.007776 -0.020366 -0.016234
endloop
endfacet
facet normal 0.567469 -0.262846 -0.780315
outer loop
vertex 0.004741 -0.030225 -0.003810
vertex -0.007776 -0.020366 -0.016234
vertex 0.001913 -0.026446 -0.007139
endloop
endfacet
facet normal 0.394234 -0.775121 -0.493727
outer loop
vertex 0.007007 -0.025293 -0.004881
vertex 0.019448 -0.025795 0.005841
vertex 0.001913 -0.026446 -0.007139
endloop
endfacet
facet normal 0.586457 -0.242143 -0.772939
outer loop
vertex 0.001913 -0.026446 -0.007139
vertex 0.019931 -0.029253 0.007411
vertex 0.004741 -0.030225 -0.003810
endloop
endfacet
facet normal 0.438118 -0.562147 -0.701458
outer loop
vertex 0.001913 -0.026446 -0.007139
vertex -0.002912 -0.020729 -0.014734
vertex 0.007007 -0.025293 -0.004881
endloop
endfacet
facet normal 0.579566 -0.268372 -0.769467
outer loop
vertex 0.019931 -0.029253 0.007411
vertex 0.001913 -0.026446 -0.007139
vertex 0.019448 -0.025795 0.005841
endloop
endfacet
facet normal 0.584755 0.121127 -0.802116
outer loop
vertex 0.012161 -0.032036 0.001326
vertex 0.004741 -0.030225 -0.003810
vertex 0.019931 -0.029253 0.007411
endloop
endfacet
facet normal -0.114532 -0.846761 -0.519498
outer loop
vertex -0.026791 -0.022293 0.010784
vertex -0.028760 -0.019950 0.007398
vertex -0.025822 -0.019345 0.005766
endloop
endfacet
facet normal -0.408680 -0.844267 -0.346689
outer loop
vertex -0.028760 -0.019950 0.007398
vertex -0.026791 -0.022293 0.010784
vertex -0.029529 -0.020520 0.009695
endloop
endfacet
facet normal -0.540350 -0.841369 -0.010944
outer loop
vertex -0.031121 -0.019551 0.013836
vertex -0.029529 -0.020520 0.009695
vertex -0.026791 -0.022293 0.010784
endloop
endfacet
facet normal -0.399951 -0.914559 0.060168
outer loop
vertex -0.031121 -0.019551 0.013836
vertex -0.031255 -0.019771 0.009609
vertex -0.029529 -0.020520 0.009695
endloop
endfacet
facet normal 0.145425 -0.970470 -0.192458
outer loop
vertex -0.029529 -0.020520 0.009695
vertex -0.030660 -0.020215 0.007300
vertex -0.028760 -0.019950 0.007398
endloop
endfacet
facet normal 0.135522 0.846312 -0.515161
outer loop
vertex 0.026791 0.022293 0.010784
vertex 0.029479 0.019694 0.007222
vertex 0.025795 0.019435 0.005826
endloop
endfacet
facet normal 0.434845 0.851492 -0.293039
outer loop
vertex 0.029479 0.019694 0.007222
vertex 0.026791 0.022293 0.010784
vertex 0.029439 0.020746 0.010219
endloop
endfacet
facet normal 0.503917 0.863748 -0.002536
outer loop
vertex 0.030930 0.019887 0.014014
vertex 0.029439 0.020746 0.010219
vertex 0.026791 0.022293 0.010784
endloop
endfacet
facet normal 0.576878 0.730921 0.364646
outer loop
vertex 0.029439 0.020746 0.010219
vertex 0.032504 0.017832 0.011212
vertex 0.030943 0.020541 0.008251
endloop
endfacet
facet normal -0.296128 0.900013 -0.319820
outer loop
vertex 0.029439 0.020746 0.010219
vertex 0.030943 0.020541 0.008251
vertex 0.029479 0.019694 0.007222
endloop
endfacet
facet normal 0.704078 0.700220 -0.118183
outer loop
vertex 0.032504 0.017832 0.011212
vertex 0.029439 0.020746 0.010219
vertex 0.030930 0.019887 0.014014
endloop
endfacet
facet normal 0.613483 0.716473 0.332122
outer loop
vertex 0.033928 0.017511 0.009274
vertex 0.030943 0.020541 0.008251
vertex 0.032504 0.017832 0.011212
endloop
endfacet
facet normal 0.367591 0.351631 -0.860949
outer loop
vertex 0.020017 -0.012217 -0.018362
vertex 0.017548 -0.010415 -0.018680
vertex 0.022266 -0.009342 -0.016228
endloop
endfacet
facet normal 0.379305 0.318183 -0.868842
outer loop
vertex 0.022266 -0.009342 -0.016228
vertex 0.017548 -0.010415 -0.018680
vertex 0.019889 -0.007118 -0.016451
endloop
endfacet
facet normal 0.668161 0.028361 -0.743476
outer loop
vertex 0.019889 -0.007118 -0.016451
vertex 0.017548 -0.010415 -0.018680
vertex 0.016358 -0.008040 -0.019659
endloop
endfacet
facet normal 0.635476 0.179517 -0.750962
outer loop
vertex 0.019889 -0.007118 -0.016451
vertex 0.016358 -0.008040 -0.019659
vertex 0.020729 -0.002912 -0.014734
endloop
endfacet
facet normal 0.748337 0.116967 -0.652924
outer loop
vertex 0.026576 0.001544 -0.007235
vertex 0.019889 -0.007118 -0.016451
vertex 0.020729 -0.002912 -0.014734
endloop
endfacet
facet normal 0.220288 0.567905 -0.793068
outer loop
vertex 0.030486 0.004800 -0.003818
vertex 0.022266 -0.009342 -0.016228
vertex 0.026576 0.001544 -0.007235
endloop
endfacet
facet normal 0.779657 0.391090 -0.489064
outer loop
vertex 0.025379 0.007041 -0.004747
vertex 0.025795 0.019435 0.005826
vertex 0.026576 0.001544 -0.007235
endloop
endfacet
facet normal 0.190295 0.592842 -0.782513
outer loop
vertex 0.026576 0.001544 -0.007235
vertex 0.029479 0.019694 0.007222
vertex 0.030486 0.004800 -0.003818
endloop
endfacet
facet normal 0.562999 0.439359 -0.699997
outer loop
vertex 0.026576 0.001544 -0.007235
vertex 0.020729 -0.002912 -0.014734
vertex 0.025379 0.007041 -0.004747
endloop
endfacet
facet normal 0.480718 0.437446 -0.759968
outer loop
vertex 0.019889 -0.007118 -0.016451
vertex 0.026576 0.001544 -0.007235
vertex 0.022266 -0.009342 -0.016228
endloop
endfacet
facet normal 0.253259 0.577612 -0.776031
outer loop
vertex 0.029479 0.019694 0.007222
vertex 0.026576 0.001544 -0.007235
vertex 0.025795 0.019435 0.005826
endloop
endfacet
facet normal -0.122204 0.585649 -0.801300
outer loop
vertex 0.032036 0.012161 0.001326
vertex 0.030486 0.004800 -0.003818
vertex 0.029479 0.019694 0.007222
endloop
endfacet
facet normal -0.027633 -0.210348 -0.977236
outer loop
vertex 0.020017 -0.012217 -0.018362
vertex 0.016596 -0.011679 -0.018381
vertex 0.017548 -0.010415 -0.018680
endloop
endfacet
facet normal 0.119799 -0.799830 -0.588150
outer loop
vertex 0.014954 -0.014056 -0.015483
vertex 0.014327 -0.010580 -0.020338
vertex 0.016596 -0.011679 -0.018381
endloop
endfacet
facet normal -0.152058 -0.720225 -0.676871
outer loop
vertex 0.014954 -0.014056 -0.015483
vertex 0.016596 -0.011679 -0.018381
vertex 0.017737 -0.013375 -0.016832
endloop
endfacet
facet normal -0.107700 -0.708851 -0.697088
outer loop
vertex 0.020017 -0.012217 -0.018362
vertex 0.017737 -0.013375 -0.016832
vertex 0.016596 -0.011679 -0.018381
endloop
endfacet
facet normal 0.417394 -0.495032 -0.762054
outer loop
vertex 0.017548 -0.010415 -0.018680
vertex 0.016596 -0.011679 -0.018381
vertex 0.014327 -0.010580 -0.020338
endloop
endfacet
facet normal 0.458869 -0.132232 -0.878609
outer loop
vertex 0.014327 -0.010580 -0.020338
vertex 0.016358 -0.008040 -0.019659
vertex 0.017548 -0.010415 -0.018680
endloop
endfacet
facet normal 0.275380 -0.914274 -0.297100
outer loop
vertex 0.018169 -0.014860 -0.010027
vertex 0.014954 -0.014056 -0.015483
vertex 0.021560 -0.013439 -0.011258
endloop
endfacet
facet normal 0.174996 -0.975790 -0.131184
outer loop
vertex 0.014954 -0.014056 -0.015483
vertex 0.017737 -0.013375 -0.016832
vertex 0.021560 -0.013439 -0.011258
endloop
endfacet
facet normal 0.904272 0.426947 0.002986
outer loop
vertex 0.035346 0.011811 0.011425
vertex 0.032504 0.017832 0.011212
vertex 0.034286 0.014034 0.014460
endloop
endfacet
facet normal 0.976004 0.092271 -0.197234
outer loop
vertex 0.036079 0.004679 0.011714
vertex 0.035346 0.011811 0.011425
vertex 0.036556 0.005831 0.014613
endloop
endfacet
facet normal 0.791629 0.378086 0.479974
outer loop
vertex 0.036962 0.011511 0.008997
vertex 0.033928 0.017511 0.009274
vertex 0.035346 0.011811 0.011425
endloop
endfacet
facet normal 0.933634 0.109758 0.341000
outer loop
vertex 0.036843 0.006615 0.009000
vertex 0.035346 0.011811 0.011425
vertex 0.036079 0.004679 0.011714
endloop
endfacet
facet normal 0.984280 -0.141573 -0.105598
outer loop
vertex 0.036556 0.005831 0.014613
vertex 0.035162 -0.001451 0.011388
vertex 0.036079 0.004679 0.011714
endloop
endfacet
facet normal 0.981480 -0.152909 0.115397
outer loop
vertex 0.036079 0.004679 0.011714
vertex 0.035162 -0.001451 0.011388
vertex 0.036063 0.002843 0.009417
endloop
endfacet
facet normal 0.880147 -0.474589 -0.010343
outer loop
vertex 0.035162 -0.001451 0.011388
vertex 0.032542 -0.006219 0.007230
vertex 0.034956 -0.001747 0.007385
endloop
endfacet
facet normal 0.972436 -0.185391 0.141412
outer loop
vertex 0.036079 0.004679 0.011714
vertex 0.036063 0.002843 0.009417
vertex 0.036843 0.006615 0.009000
endloop
endfacet
facet normal 0.795425 -0.395324 0.459368
outer loop
vertex 0.036063 0.002843 0.009417
vertex 0.034956 -0.001747 0.007385
vertex 0.037713 0.002714 0.006449
endloop
endfacet
facet normal 0.850272 -0.506438 -0.143380
outer loop
vertex 0.029835 -0.009255 0.001900
vertex 0.032542 -0.006219 0.007230
vertex 0.029140 -0.011094 0.004272
endloop
endfacet
facet normal 0.720377 -0.634287 -0.280601
outer loop
vertex 0.029140 -0.011094 0.004272
vertex 0.024582 -0.013536 -0.001908
vertex 0.029835 -0.009255 0.001900
endloop
endfacet
facet normal 0.871117 -0.474468 0.126635
outer loop
vertex 0.033565 -0.005539 0.002740
vertex 0.034956 -0.001747 0.007385
vertex 0.032542 -0.006219 0.007230
endloop
endfacet
facet normal 0.647883 -0.711688 0.271566
outer loop
vertex 0.031931 -0.008149 -0.000201
vertex 0.033565 -0.005539 0.002740
vertex 0.029835 -0.009255 0.001900
endloop
endfacet
facet normal 0.405702 -0.897260 -0.174154
outer loop
vertex 0.024582 -0.013536 -0.001908
vertex 0.018169 -0.014860 -0.010027
vertex 0.024716 -0.012595 -0.006448
endloop
endfacet
facet normal 0.545946 -0.823416 -0.154692
outer loop
vertex 0.024582 -0.013536 -0.001908
vertex 0.024716 -0.012595 -0.006448
vertex 0.028206 -0.010860 -0.003362
endloop
endfacet
facet normal 0.857977 0.500729 0.114657
outer loop
vertex 0.034286 0.014034 0.014460
vertex 0.032504 0.017832 0.011212
vertex 0.030930 0.019887 0.014014
endloop
endfacet
facet normal 0.953933 0.266476 0.137852
outer loop
vertex 0.034286 0.014034 0.014460
vertex 0.036556 0.005831 0.014613
vertex 0.035346 0.011811 0.011425
endloop
endfacet
facet normal 0.773575 0.382989 0.504877
outer loop
vertex 0.032504 0.017832 0.011212
vertex 0.035346 0.011811 0.011425
vertex 0.033928 0.017511 0.009274
endloop
endfacet
facet normal 0.831252 -0.019874 0.555541
outer loop
vertex 0.035346 0.011811 0.011425
vertex 0.036843 0.006615 0.009000
vertex 0.036962 0.011511 0.008997
endloop
endfacet
facet normal 0.974874 -0.220140 -0.034051
outer loop
vertex 0.034956 -0.001747 0.007385
vertex 0.036063 0.002843 0.009417
vertex 0.035162 -0.001451 0.011388
endloop
endfacet
facet normal 0.864868 -0.124992 0.486190
outer loop
vertex 0.037713 0.002714 0.006449
vertex 0.036843 0.006615 0.009000
vertex 0.036063 0.002843 0.009417
endloop
endfacet
facet normal 0.816961 -0.422711 0.392288
outer loop
vertex 0.036255 -0.001962 0.004447
vertex 0.037713 0.002714 0.006449
vertex 0.034956 -0.001747 0.007385
endloop
endfacet
facet normal 0.664990 -0.663569 0.342730
outer loop
vertex 0.034956 -0.001747 0.007385
vertex 0.033565 -0.005539 0.002740
vertex 0.036255 -0.001962 0.004447
endloop
endfacet
facet normal 0.699032 -0.713248 0.051292
outer loop
vertex 0.032542 -0.006219 0.007230
vertex 0.029835 -0.009255 0.001900
vertex 0.033565 -0.005539 0.002740
endloop
endfacet
facet normal 0.607038 -0.792840 0.053937
outer loop
vertex 0.029835 -0.009255 0.001900
vertex 0.024582 -0.013536 -0.001908
vertex 0.028206 -0.010860 -0.003362
endloop
endfacet
facet normal 0.534568 -0.840231 0.090820
outer loop
vertex 0.028206 -0.010860 -0.003362
vertex 0.031931 -0.008149 -0.000201
vertex 0.029835 -0.009255 0.001900
endloop
endfacet
facet normal 0.362312 -0.929060 -0.074679
outer loop
vertex 0.021560 -0.013439 -0.011258
vertex 0.024716 -0.012595 -0.006448
vertex 0.018169 -0.014860 -0.010027
endloop
endfacet
facet normal -0.290671 -0.410078 -0.864492
outer loop
vertex -0.019979 0.012228 -0.018368
vertex -0.017523 0.011024 -0.018622
vertex -0.022242 0.009350 -0.016242
endloop
endfacet
facet normal -0.349378 -0.284696 -0.892683
outer loop
vertex -0.022242 0.009350 -0.016242
vertex -0.017523 0.011024 -0.018622
vertex -0.019889 0.007118 -0.016451
endloop
endfacet
facet normal -0.671790 -0.004906 -0.740726
outer loop
vertex -0.019889 0.007118 -0.016451
vertex -0.017523 0.011024 -0.018622
vertex -0.016358 0.008040 -0.019659
endloop
endfacet
facet normal -0.635476 -0.179516 -0.750962
outer loop
vertex -0.019889 0.007118 -0.016451
vertex -0.016358 0.008040 -0.019659
vertex -0.020729 0.002912 -0.014734
endloop
endfacet
facet normal -0.748239 -0.117027 -0.653026
outer loop
vertex -0.026578 -0.001539 -0.007235
vertex -0.019889 0.007118 -0.016451
vertex -0.020729 0.002912 -0.014734
endloop
endfacet
facet normal -0.224204 -0.566565 -0.792929
outer loop
vertex -0.030414 -0.004710 -0.003885
vertex -0.022242 0.009350 -0.016242
vertex -0.026578 -0.001539 -0.007235
endloop
endfacet
facet normal -0.777998 -0.391683 -0.491226
outer loop
vertex -0.025379 -0.007041 -0.004747
vertex -0.025822 -0.019345 0.005766
vertex -0.026578 -0.001539 -0.007235
endloop
endfacet
facet normal -0.187008 -0.597583 -0.779694
outer loop
vertex -0.026578 -0.001539 -0.007235
vertex -0.028760 -0.019950 0.007398
vertex -0.030414 -0.004710 -0.003885
endloop
endfacet
facet normal -0.563173 -0.439224 -0.699942
outer loop
vertex -0.026578 -0.001539 -0.007235
vertex -0.020729 0.002912 -0.014734
vertex -0.025379 -0.007041 -0.004747
endloop
endfacet
facet normal -0.481723 -0.436615 -0.759809
outer loop
vertex -0.019889 0.007118 -0.016451
vertex -0.026578 -0.001539 -0.007235
vertex -0.022242 0.009350 -0.016242
endloop
endfacet
facet normal -0.306601 -0.569737 -0.762493
outer loop
vertex -0.028760 -0.019950 0.007398
vertex -0.026578 -0.001539 -0.007235
vertex -0.025822 -0.019345 0.005766
endloop
endfacet
facet normal 0.122870 -0.581884 -0.803937
outer loop
vertex -0.030660 -0.020215 0.007300
vertex -0.030414 -0.004710 -0.003885
vertex -0.028760 -0.019950 0.007398
endloop
endfacet
facet normal -0.205672 0.736816 -0.644051
outer loop
vertex -0.014021 0.014635 -0.015609
vertex -0.014449 0.010374 -0.020348
vertex -0.017523 0.011024 -0.018622
endloop
endfacet
facet normal 0.003112 0.638837 -0.769336
outer loop
vertex -0.014021 0.014635 -0.015609
vertex -0.017523 0.011024 -0.018622
vertex -0.017193 0.013326 -0.016709
endloop
endfacet
facet normal 0.217335 0.605183 -0.765845
outer loop
vertex -0.019979 0.012228 -0.018368
vertex -0.017193 0.013326 -0.016709
vertex -0.017523 0.011024 -0.018622
endloop
endfacet
facet normal -0.465918 0.122631 -0.876289
outer loop
vertex -0.014449 0.010374 -0.020348
vertex -0.016358 0.008040 -0.019659
vertex -0.017523 0.011024 -0.018622
endloop
endfacet
facet normal -0.807187 -0.587626 0.056083
outer loop
vertex -0.031121 -0.019551 0.013836
vertex -0.033626 -0.016452 0.010253
vertex -0.031255 -0.019771 0.009609
endloop
endfacet
facet normal -0.385056 0.870557 -0.306370
outer loop
vertex -0.020622 0.014948 -0.006424
vertex -0.014021 0.014635 -0.015609
vertex -0.021160 0.013732 -0.009201
endloop
endfacet
facet normal -0.308594 0.926984 -0.213238
outer loop
vertex -0.014021 0.014635 -0.015609
vertex -0.017193 0.013326 -0.016709
vertex -0.021160 0.013732 -0.009201
endloop
endfacet
facet normal -0.065036 0.993980 -0.088172
outer loop
vertex -0.021160 0.013732 -0.009201
vertex -0.017193 0.013326 -0.016709
vertex -0.022770 0.013433 -0.011383
endloop
endfacet
facet normal -0.911853 -0.401091 0.087464
outer loop
vertex -0.035516 -0.012015 0.010903
vertex -0.033626 -0.016452 0.010253
vertex -0.034286 -0.014034 0.014460
endloop
endfacet
facet normal -0.996981 -0.077302 0.007248
outer loop
vertex -0.036079 -0.004679 0.011714
vertex -0.035516 -0.012015 0.010903
vertex -0.035729 -0.008964 0.014055
endloop
endfacet
facet normal -0.977544 -0.095781 0.187706
outer loop
vertex -0.036457 -0.004711 0.009729
vertex -0.035516 -0.012015 0.010903
vertex -0.036079 -0.004679 0.011714
endloop
endfacet
facet normal -0.989109 -0.000235 0.147187
outer loop
vertex -0.036079 -0.004679 0.011714
vertex -0.035729 -0.008964 0.014055
vertex -0.035939 -0.000666 0.012659
endloop
endfacet
facet normal -0.982272 -0.009894 0.187199
outer loop
vertex -0.036079 -0.004679 0.011714
vertex -0.035939 -0.000666 0.012659
vertex -0.036457 -0.004711 0.009729
endloop
endfacet
facet normal -0.880895 0.471050 0.046224
outer loop
vertex -0.035939 -0.000666 0.012659
vertex -0.032544 0.006216 0.007231
vertex -0.034991 0.001611 0.007518
endloop
endfacet
facet normal -0.815295 0.350277 0.461087
outer loop
vertex -0.036457 -0.004711 0.009729
vertex -0.034991 0.001611 0.007518
vertex -0.037561 -0.004546 0.007651
endloop
endfacet
facet normal -0.879767 0.471406 0.061537
outer loop
vertex -0.032446 0.007177 0.001262
vertex -0.034991 0.001611 0.007518
vertex -0.032544 0.006216 0.007231
endloop
endfacet
facet normal -0.482694 0.874914 -0.039140
outer loop
vertex -0.028226 0.011144 0.002323
vertex -0.020622 0.014948 -0.006424
vertex -0.027738 0.011149 -0.003581
endloop
endfacet
facet normal -0.531956 0.808764 -0.250846
outer loop
vertex -0.020622 0.014948 -0.006424
vertex -0.021160 0.013732 -0.009201
vertex -0.027738 0.011149 -0.003581
endloop
endfacet
facet normal -0.246310 0.967946 0.049114
outer loop
vertex -0.022770 0.013433 -0.011383
vertex -0.026409 0.012273 -0.006761
vertex -0.021160 0.013732 -0.009201
endloop
endfacet
facet normal -0.848874 -0.504762 0.156932
outer loop
vertex -0.034286 -0.014034 0.014460
vertex -0.033626 -0.016452 0.010253
vertex -0.031121 -0.019551 0.013836
endloop
endfacet
facet normal -0.949308 -0.255593 0.182992
outer loop
vertex -0.034286 -0.014034 0.014460
vertex -0.035729 -0.008964 0.014055
vertex -0.035516 -0.012015 0.010903
endloop
endfacet
facet normal -0.751470 -0.397095 0.526885
outer loop
vertex -0.033626 -0.016452 0.010253
vertex -0.035516 -0.012015 0.010903
vertex -0.036825 -0.012041 0.009015
endloop
endfacet
facet normal -0.821448 -0.014229 0.570105
outer loop
vertex -0.035516 -0.012015 0.010903
vertex -0.036457 -0.004711 0.009729
vertex -0.036825 -0.012041 0.009015
endloop
endfacet
facet normal -0.883083 -0.001305 0.469216
outer loop
vertex -0.036457 -0.004711 0.009729
vertex -0.037561 -0.004546 0.007651
vertex -0.036825 -0.012041 0.009015
endloop
endfacet
facet normal -0.976572 0.193370 -0.094417
outer loop
vertex -0.034991 0.001611 0.007518
vertex -0.036457 -0.004711 0.009729
vertex -0.035939 -0.000666 0.012659
endloop
endfacet
facet normal -0.827314 0.354742 0.435557
outer loop
vertex -0.036429 0.001400 0.004958
vertex -0.037561 -0.004546 0.007651
vertex -0.034991 0.001611 0.007518
endloop
endfacet
facet normal -0.670744 0.668274 0.321732
outer loop
vertex -0.034991 0.001611 0.007518
vertex -0.032446 0.007177 0.001262
vertex -0.036429 0.001400 0.004958
endloop
endfacet
facet normal -0.694869 0.711689 0.103225
outer loop
vertex -0.032544 0.006216 0.007231
vertex -0.028226 0.011144 0.002323
vertex -0.032446 0.007177 0.001262
endloop
endfacet
facet normal -0.676415 0.734442 -0.055302
outer loop
vertex -0.027738 0.011149 -0.003581
vertex -0.032446 0.007177 0.001262
vertex -0.028226 0.011144 0.002323
endloop
endfacet
facet normal -0.134247 0.950622 0.279814
outer loop
vertex -0.027738 0.011149 -0.003581
vertex -0.021160 0.013732 -0.009201
vertex -0.026409 0.012273 -0.006761
endloop
endfacet
facet normal -0.847214 0.117914 -0.518001
outer loop
vertex -0.022293 0.026791 0.010784
vertex -0.019944 0.028768 0.007392
vertex -0.019367 0.025789 0.005771
endloop
endfacet
facet normal -0.825982 0.483124 -0.290423
outer loop
vertex -0.019944 0.028768 0.007392
vertex -0.022293 0.026791 0.010784
vertex -0.020866 0.029375 0.011024
endloop
endfacet
facet normal -0.867491 0.488002 -0.096504
outer loop
vertex -0.020598 0.030529 0.014450
vertex -0.020866 0.029375 0.011024
vertex -0.022293 0.026791 0.010784
endloop
endfacet
facet normal -0.699239 0.684430 0.206446
outer loop
vertex -0.020866 0.029375 0.011024
vertex -0.017491 0.032396 0.012440
vertex -0.020427 0.030484 0.008836
endloop
endfacet
facet normal -0.806570 0.371427 0.459876
outer loop
vertex -0.020427 0.030484 0.008836
vertex -0.017491 0.032396 0.012440
vertex -0.019629 0.031999 0.009011
endloop
endfacet
facet normal -0.976995 -0.138682 -0.162010
outer loop
vertex -0.020427 0.030484 0.008836
vertex -0.020194 0.030662 0.007283
vertex -0.019944 0.028768 0.007392
endloop
endfacet
facet normal -0.969390 -0.076559 -0.233283
outer loop
vertex -0.020866 0.029375 0.011024
vertex -0.020427 0.030484 0.008836
vertex -0.019944 0.028768 0.007392
endloop
endfacet
facet normal -0.600671 0.770707 -0.212612
outer loop
vertex -0.020598 0.030529 0.014450
vertex -0.017491 0.032396 0.012440
vertex -0.020866 0.029375 0.011024
endloop
endfacet
facet normal -0.597804 0.748836 0.286139
outer loop
vertex -0.017491 0.032396 0.012440
vertex -0.016418 0.034413 0.009403
vertex -0.019629 0.031999 0.009011
endloop
endfacet
facet normal 0.869364 0.386787 -0.307573
outer loop
vertex 0.014948 0.020622 -0.006424
vertex 0.014635 0.014021 -0.015609
vertex 0.013717 0.021210 -0.009162
endloop
endfacet
facet normal 0.925511 0.311413 -0.215524
outer loop
vertex 0.014635 0.014021 -0.015609
vertex 0.013412 0.017135 -0.016362
vertex 0.013717 0.021210 -0.009162
endloop
endfacet
facet normal 0.996761 0.044106 -0.067246
outer loop
vertex 0.013717 0.021210 -0.009162
vertex 0.013412 0.017135 -0.016362
vertex 0.013389 0.023857 -0.012294
endloop
endfacet
facet normal -0.486520 0.873257 0.026837
outer loop
vertex -0.011846 0.035590 0.010832
vertex -0.017491 0.032396 0.012440
vertex -0.013892 0.034340 0.014435
endloop
endfacet
facet normal -0.070451 0.997318 0.019850
outer loop
vertex -0.004679 0.036079 0.011714
vertex -0.011846 0.035590 0.010832
vertex -0.008964 0.035729 0.014055
endloop
endfacet
facet normal -0.359684 0.785187 0.504092
outer loop
vertex -0.011572 0.037010 0.008816
vertex -0.016418 0.034413 0.009403
vertex -0.011846 0.035590 0.010832
endloop
endfacet
facet normal -0.090741 0.976356 0.196199
outer loop
vertex -0.004768 0.036466 0.009746
vertex -0.011846 0.035590 0.010832
vertex -0.004679 0.036079 0.011714
endloop
endfacet
facet normal -0.000234 0.989109 0.147188
outer loop
vertex -0.004679 0.036079 0.011714
vertex -0.008964 0.035729 0.014055
vertex -0.000666 0.035939 0.012659
endloop
endfacet
facet normal -0.011422 0.981032 0.193507
outer loop
vertex -0.004679 0.036079 0.011714
vertex -0.000666 0.035939 0.012659
vertex -0.004768 0.036466 0.009746
endloop
endfacet
facet normal 0.471050 0.880894 0.046225
outer loop
vertex -0.000666 0.035939 0.012659
vertex 0.006216 0.032544 0.007231
vertex 0.001611 0.034991 0.007518
endloop
endfacet
facet normal 0.349476 0.815969 0.460501
outer loop
vertex -0.004768 0.036466 0.009746
vertex 0.001611 0.034991 0.007518
vertex -0.004641 0.037587 0.007663
endloop
endfacet
facet normal 0.471405 0.879767 0.061539
outer loop
vertex 0.007177 0.032446 0.001262
vertex 0.001611 0.034991 0.007518
vertex 0.006216 0.032544 0.007231
endloop
endfacet
facet normal 0.874914 0.482694 -0.039140
outer loop
vertex 0.011144 0.028226 0.002323
vertex 0.014948 0.020622 -0.006424
vertex 0.011149 0.027738 -0.003581
endloop
endfacet
facet normal 0.809358 0.531712 -0.249442
outer loop
vertex 0.014948 0.020622 -0.006424
vertex 0.013717 0.021210 -0.009162
vertex 0.011149 0.027738 -0.003581
endloop
endfacet
facet normal 0.969554 0.227508 0.090582
outer loop
vertex 0.013389 0.023857 -0.012294
vertex 0.012273 0.026409 -0.006761
vertex 0.013717 0.021210 -0.009162
endloop
endfacet
facet normal -0.493519 0.868622 0.043985
outer loop
vertex -0.013892 0.034340 0.014435
vertex -0.017491 0.032396 0.012440
vertex -0.020598 0.030529 0.014450
endloop
endfacet
facet normal -0.253480 0.949378 0.185552
outer loop
vertex -0.013892 0.034340 0.014435
vertex -0.008964 0.035729 0.014055
vertex -0.011846 0.035590 0.010832
endloop
endfacet
facet normal -0.348765 0.832773 0.429945
outer loop
vertex -0.017491 0.032396 0.012440
vertex -0.011846 0.035590 0.010832
vertex -0.016418 0.034413 0.009403
endloop
endfacet
facet normal -0.013138 0.818361 0.574554
outer loop
vertex -0.011846 0.035590 0.010832
vertex -0.004768 0.036466 0.009746
vertex -0.011572 0.037010 0.008816
endloop
endfacet
facet normal 0.005548 0.880424 0.474154
outer loop
vertex -0.004768 0.036466 0.009746
vertex -0.004641 0.037587 0.007663
vertex -0.011572 0.037010 0.008816
endloop
endfacet
facet normal 0.192729 0.976670 -0.094719
outer loop
vertex 0.001611 0.034991 0.007518
vertex -0.004768 0.036466 0.009746
vertex -0.000666 0.035939 0.012659
endloop
endfacet
facet normal 0.353736 0.827613 0.435807
outer loop
vertex 0.001400 0.036429 0.004958
vertex -0.004641 0.037587 0.007663
vertex 0.001611 0.034991 0.007518
endloop
endfacet
facet normal 0.668275 0.670744 0.321732
outer loop
vertex 0.001611 0.034991 0.007518
vertex 0.007177 0.032446 0.001262
vertex 0.001400 0.036429 0.004958
endloop
endfacet
facet normal 0.711689 0.694869 0.103224
outer loop
vertex 0.006216 0.032544 0.007231
vertex 0.011144 0.028226 0.002323
vertex 0.007177 0.032446 0.001262
endloop
endfacet
facet normal 0.734442 0.676415 -0.055303
outer loop
vertex 0.011149 0.027738 -0.003581
vertex 0.007177 0.032446 0.001262
vertex 0.011144 0.028226 0.002323
endloop
endfacet
facet normal 0.950610 0.134977 0.279504
outer loop
vertex 0.011149 0.027738 -0.003581
vertex 0.013717 0.021210 -0.009162
vertex 0.012273 0.026409 -0.006761
endloop
endfacet
facet normal 0.851403 0.219224 -0.476501
outer loop
vertex 0.014635 0.014021 -0.015609
vertex 0.012918 0.017178 -0.017224
vertex 0.013412 0.017135 -0.016362
endloop
endfacet
facet normal 0.749280 0.070658 -0.658473
outer loop
vertex 0.014635 0.014021 -0.015609
vertex 0.011698 0.014761 -0.018872
vertex 0.012918 0.017178 -0.017224
endloop
endfacet
facet normal 0.779198 0.033327 -0.625891
outer loop
vertex 0.011963 0.019739 -0.018276
vertex 0.012918 0.017178 -0.017224
vertex 0.011698 0.014761 -0.018872
endloop
endfacet
facet normal 0.474668 0.275901 -0.835804
outer loop
vertex 0.010415 0.017548 -0.018680
vertex 0.011698 0.014761 -0.018872
vertex 0.008848 0.015660 -0.020194
endloop
endfacet
facet normal 0.097804 0.113098 -0.988759
outer loop
vertex 0.011963 0.019739 -0.018276
vertex 0.011698 0.014761 -0.018872
vertex 0.010415 0.017548 -0.018680
endloop
endfacet
facet normal -0.394081 0.249373 -0.884598
outer loop
vertex 0.008747 0.024014 -0.015639
vertex 0.011963 0.019739 -0.018276
vertex 0.007673 0.020400 -0.016179
endloop
endfacet
facet normal -0.350922 0.403653 -0.844937
outer loop
vertex 0.011963 0.019739 -0.018276
vertex 0.010415 0.017548 -0.018680
vertex 0.007673 0.020400 -0.016179
endloop
endfacet
facet normal -0.032302 0.641345 -0.766572
outer loop
vertex 0.007673 0.020400 -0.016179
vertex 0.010415 0.017548 -0.018680
vertex 0.008848 0.015660 -0.020194
endloop
endfacet
facet normal -0.192233 0.606131 -0.771785
outer loop
vertex 0.007673 0.020400 -0.016179
vertex 0.008848 0.015660 -0.020194
vertex 0.002912 0.020729 -0.014734
endloop
endfacet
facet normal -0.144793 0.747949 -0.647771
outer loop
vertex -0.001899 0.026277 -0.007254
vertex 0.007673 0.020400 -0.016179
vertex 0.002912 0.020729 -0.014734
endloop
endfacet
facet normal -0.555866 0.282117 -0.781935
outer loop
vertex 0.008747 0.024014 -0.015639
vertex 0.007673 0.020400 -0.016179
vertex -0.001899 0.026277 -0.007254
endloop
endfacet
facet normal -0.372070 0.800989 -0.469021
outer loop
vertex -0.007007 0.025293 -0.004881
vertex -0.019367 0.025789 0.005771
vertex -0.001899 0.026277 -0.007254
endloop
endfacet
facet normal -0.594512 0.227590 -0.771206
outer loop
vertex -0.001899 0.026277 -0.007254
vertex -0.019944 0.028768 0.007392
vertex -0.005013 0.030329 -0.003658
endloop
endfacet
facet normal -0.434241 0.567126 -0.699859
outer loop
vertex -0.001899 0.026277 -0.007254
vertex 0.002912 0.020729 -0.014734
vertex -0.007007 0.025293 -0.004881
endloop
endfacet
facet normal -0.575194 0.302292 -0.760113
outer loop
vertex -0.019944 0.028768 0.007392
vertex -0.001899 0.026277 -0.007254
vertex -0.019367 0.025789 0.005771
endloop
endfacet
facet normal -0.561347 0.264557 -0.784155
outer loop
vertex -0.005013 0.030329 -0.003658
vertex 0.008747 0.024014 -0.015639
vertex -0.001899 0.026277 -0.007254
endloop
endfacet
facet normal -0.581958 -0.123282 -0.803820
outer loop
vertex -0.020194 0.030662 0.007283
vertex -0.005013 0.030329 -0.003658
vertex -0.019944 0.028768 0.007392
endloop
endfacet
facet normal -0.087358 0.880701 -0.465548
outer loop
vertex 0.000647 0.042593 0.025000
vertex -0.000666 0.035939 0.012659
vertex -0.008801 0.041656 0.025000
endloop
endfacet
facet normal -0.101607 0.875450 -0.472508
outer loop
vertex -0.000666 0.035939 0.012659
vertex -0.008964 0.035729 0.014055
vertex -0.008801 0.041656 0.025000
endloop
endfacet
facet normal -0.274072 0.847405 -0.454740
outer loop
vertex -0.008964 0.035729 0.014055
vertex -0.013892 0.034340 0.014435
vertex -0.008801 0.041656 0.025000
endloop
endfacet
facet normal -0.296214 0.846090 -0.443158
outer loop
vertex -0.008801 0.041656 0.025000
vertex -0.013892 0.034340 0.014435
vertex -0.020012 0.037730 0.024999
endloop
endfacet
facet normal -0.842275 0.269725 -0.466714
outer loop
vertex -0.020729 0.002912 -0.014734
vertex -0.016358 0.008040 -0.019659
vertex -0.014652 0.004106 -0.025012
endloop
endfacet
facet normal -0.720578 0.428835 -0.544856
outer loop
vertex -0.016358 0.008040 -0.019659
vertex -0.014449 0.010374 -0.020348
vertex -0.014652 0.004106 -0.025012
endloop
endfacet
facet normal -0.704200 0.438432 -0.558462
outer loop
vertex -0.014652 0.004106 -0.025012
vertex -0.014449 0.010374 -0.020348
vertex -0.010400 0.010950 -0.025001
endloop
endfacet
facet normal -0.430851 0.756294 -0.492328
outer loop
vertex -0.013892 0.034340 0.014435
vertex -0.020598 0.030529 0.014450
vertex -0.020012 0.037730 0.024999
endloop
endfacet
facet normal -0.876417 0.055070 -0.478395
outer loop
vertex -0.035939 -0.000666 0.012659
vertex -0.042593 0.000647 0.025000
vertex -0.032544 0.006216 0.007231
endloop
endfacet
facet normal -0.879940 0.155662 -0.448859
outer loop
vertex -0.042593 0.000647 0.025000
vertex -0.040052 0.015003 0.024998
vertex -0.032544 0.006216 0.007231
endloop
endfacet
facet normal -0.547003 0.705242 -0.451023
outer loop
vertex -0.020012 0.037730 0.024999
vertex -0.020598 0.030529 0.014450
vertex -0.031656 0.028699 0.024999
endloop
endfacet
facet normal -0.838621 0.255797 -0.480918
outer loop
vertex -0.032544 0.006216 0.007231
vertex -0.040052 0.015003 0.024998
vertex -0.028226 0.011144 0.002323
endloop
endfacet
facet normal -0.551384 0.698032 -0.456865
outer loop
vertex -0.020598 0.030529 0.014450
vertex -0.022293 0.026791 0.010784
vertex -0.031656 0.028699 0.024999
endloop
endfacet
facet normal -0.021785 0.859451 -0.510753
outer loop
vertex 0.004107 0.014653 -0.025010
vertex -0.004518 0.014440 -0.025001
vertex 0.002912 0.020729 -0.014734
endloop
endfacet
facet normal -0.075445 0.873671 -0.480632
outer loop
vertex 0.002912 0.020729 -0.014734
vertex -0.004518 0.014440 -0.025001
vertex -0.007007 0.025293 -0.004881
endloop
endfacet
facet normal -0.377788 0.794551 -0.475358
outer loop
vertex -0.007007 0.025293 -0.004881
vertex -0.004518 0.014440 -0.025001
vertex -0.019367 0.025789 0.005771
endloop
endfacet
facet normal -0.444533 0.749289 -0.490873
outer loop
vertex -0.004518 0.014440 -0.025001
vertex -0.010400 0.010950 -0.025001
vertex -0.019367 0.025789 0.005771
endloop
endfacet
facet normal -0.763798 0.439088 -0.473091
outer loop
vertex -0.028226 0.011144 0.002323
vertex -0.040052 0.015003 0.024998
vertex -0.020622 0.014948 -0.006424
endloop
endfacet
facet normal -0.753853 0.462205 -0.466982
outer loop
vertex -0.040052 0.015003 0.024998
vertex -0.031656 0.028699 0.024999
vertex -0.020622 0.014948 -0.006424
endloop
endfacet
facet normal -0.646699 0.588868 -0.484783
outer loop
vertex -0.020622 0.014948 -0.006424
vertex -0.031656 0.028699 0.024999
vertex -0.014021 0.014635 -0.015609
endloop
endfacet
facet normal -0.638937 0.599795 -0.481670
outer loop
vertex -0.014449 0.010374 -0.020348
vertex -0.014021 0.014635 -0.015609
vertex -0.010400 0.010950 -0.025001
endloop
endfacet
facet normal -0.605085 0.633730 -0.481932
outer loop
vertex -0.010400 0.010950 -0.025001
vertex -0.014021 0.014635 -0.015609
vertex -0.019367 0.025789 0.005771
endloop
endfacet
facet normal -0.608733 0.630726 -0.481278
outer loop
vertex -0.019367 0.025789 0.005771
vertex -0.014021 0.014635 -0.015609
vertex -0.022293 0.026791 0.010784
endloop
endfacet
facet normal -0.601905 0.636762 -0.481917
outer loop
vertex -0.014021 0.014635 -0.015609
vertex -0.031656 0.028699 0.024999
vertex -0.022293 0.026791 0.010784
endloop
endfacet
facet normal 0.087359 -0.880700 -0.465548
outer loop
vertex -0.000647 -0.042593 0.025000
vertex 0.000666 -0.035939 0.012659
vertex 0.008801 -0.041656 0.025000
endloop
endfacet
facet normal 0.101607 -0.875449 -0.472509
outer loop
vertex 0.000666 -0.035939 0.012659
vertex 0.008964 -0.035729 0.014055
vertex 0.008801 -0.041656 0.025000
endloop
endfacet
facet normal 0.274071 -0.847405 -0.454741
outer loop
vertex 0.008964 -0.035729 0.014055
vertex 0.013892 -0.034340 0.014435
vertex 0.008801 -0.041656 0.025000
endloop
endfacet
facet normal 0.296217 -0.846089 -0.443157
outer loop
vertex 0.008801 -0.041656 0.025000
vertex 0.013892 -0.034340 0.014435
vertex 0.020011 -0.037730 0.024999
endloop
endfacet
facet normal 0.842278 -0.269746 -0.466695
outer loop
vertex 0.020729 -0.002912 -0.014734
vertex 0.016358 -0.008040 -0.019659
vertex 0.014654 -0.004107 -0.025008
endloop
endfacet
facet normal 0.719606 -0.429848 -0.545341
outer loop
vertex 0.016358 -0.008040 -0.019659
vertex 0.014327 -0.010580 -0.020338
vertex 0.014654 -0.004107 -0.025008
endloop
endfacet
facet normal 0.704314 -0.438437 -0.558315
outer loop
vertex 0.014654 -0.004107 -0.025008
vertex 0.014327 -0.010580 -0.020338
vertex 0.010400 -0.010950 -0.025002
endloop
endfacet
facet normal 0.430850 -0.756294 -0.492329
outer loop
vertex 0.013892 -0.034340 0.014435
vertex 0.020598 -0.030529 0.014450
vertex 0.020011 -0.037730 0.024999
endloop
endfacet
facet normal 0.875697 0.045333 -0.480728
outer loop
vertex 0.036556 0.005831 0.014613
vertex 0.042593 -0.000647 0.025000
vertex 0.035162 -0.001451 0.011388
endloop
endfacet
facet normal 0.877386 -0.067801 -0.474971
outer loop
vertex 0.035162 -0.001451 0.011388
vertex 0.042593 -0.000647 0.025000
vertex 0.032542 -0.006219 0.007230
endloop
endfacet
facet normal 0.879937 -0.155659 -0.448867
outer loop
vertex 0.042593 -0.000647 0.025000
vertex 0.040053 -0.015003 0.024998
vertex 0.032542 -0.006219 0.007230
endloop
endfacet
facet normal 0.547006 -0.705240 -0.451022
outer loop
vertex 0.020011 -0.037730 0.024999
vertex 0.020598 -0.030529 0.014450
vertex 0.031656 -0.028699 0.024999
endloop
endfacet
facet normal 0.826440 -0.280690 -0.488068
outer loop
vertex 0.032542 -0.006219 0.007230
vertex 0.040053 -0.015003 0.024998
vertex 0.029140 -0.011094 0.004272
endloop
endfacet
facet normal 0.551386 -0.698032 -0.456865
outer loop
vertex 0.020598 -0.030529 0.014450
vertex 0.022293 -0.026791 0.010784
vertex 0.031656 -0.028699 0.024999
endloop
endfacet
facet normal 0.021789 -0.859455 -0.510747
outer loop
vertex -0.004106 -0.014652 -0.025012
vertex 0.004518 -0.014439 -0.025002
vertex -0.002912 -0.020729 -0.014734
endloop
endfacet
facet normal 0.075443 -0.873672 -0.480631
outer loop
vertex -0.002912 -0.020729 -0.014734
vertex 0.004518 -0.014439 -0.025002
vertex 0.007007 -0.025293 -0.004881
endloop
endfacet
facet normal 0.377630 -0.794616 -0.475374
outer loop
vertex 0.007007 -0.025293 -0.004881
vertex 0.004518 -0.014439 -0.025002
vertex 0.019448 -0.025795 0.005841
endloop
endfacet
facet normal 0.444487 -0.749218 -0.491023
outer loop
vertex 0.004518 -0.014439 -0.025002
vertex 0.010400 -0.010950 -0.025002
vertex 0.019448 -0.025795 0.005841
endloop
endfacet
facet normal 0.820830 -0.296612 -0.488118
outer loop
vertex 0.029140 -0.011094 0.004272
vertex 0.040053 -0.015003 0.024998
vertex 0.024582 -0.013536 -0.001908
endloop
endfacet
facet normal 0.756784 -0.463999 -0.460416
outer loop
vertex 0.040053 -0.015003 0.024998
vertex 0.031656 -0.028699 0.024999
vertex 0.024582 -0.013536 -0.001908
endloop
endfacet
facet normal 0.711197 -0.515817 -0.477631
outer loop
vertex 0.024582 -0.013536 -0.001908
vertex 0.031656 -0.028699 0.024999
vertex 0.018169 -0.014860 -0.010027
endloop
endfacet
facet normal 0.676337 -0.557976 -0.480865
outer loop
vertex 0.018169 -0.014860 -0.010027
vertex 0.031656 -0.028699 0.024999
vertex 0.014954 -0.014056 -0.015483
endloop
endfacet
facet normal 0.645775 -0.578873 -0.497877
outer loop
vertex 0.014327 -0.010580 -0.020338
vertex 0.014954 -0.014056 -0.015483
vertex 0.010400 -0.010950 -0.025002
endloop
endfacet
facet normal 0.560854 -0.669635 -0.486859
outer loop
vertex 0.010400 -0.010950 -0.025002
vertex 0.014954 -0.014056 -0.015483
vertex 0.019448 -0.025795 0.005841
endloop
endfacet
facet normal 0.607569 -0.634722 -0.477482
outer loop
vertex 0.019448 -0.025795 0.005841
vertex 0.014954 -0.014056 -0.015483
vertex 0.022293 -0.026791 0.010784
endloop
endfacet
facet normal 0.595881 -0.644583 -0.478998
outer loop
vertex 0.014954 -0.014056 -0.015483
vertex 0.031656 -0.028699 0.024999
vertex 0.022293 -0.026791 0.010784
endloop
endfacet
facet normal -0.880700 -0.087362 -0.465548
outer loop
vertex -0.042593 0.000647 0.025000
vertex -0.035939 -0.000666 0.012659
vertex -0.041656 -0.008801 0.025000
endloop
endfacet
facet normal -0.875451 -0.101607 -0.472507
outer loop
vertex -0.035939 -0.000666 0.012659
vertex -0.035729 -0.008964 0.014055
vertex -0.041656 -0.008801 0.025000
endloop
endfacet
facet normal -0.846618 -0.277268 -0.454269
outer loop
vertex -0.035729 -0.008964 0.014055
vertex -0.034286 -0.014034 0.014460
vertex -0.041656 -0.008801 0.025000
endloop
endfacet
facet normal -0.845588 -0.296047 -0.444226
outer loop
vertex -0.041656 -0.008801 0.025000
vertex -0.034286 -0.014034 0.014460
vertex -0.037730 -0.020012 0.024999
endloop
endfacet
facet normal -0.269726 -0.842275 -0.466713
outer loop
vertex -0.002912 -0.020729 -0.014734
vertex -0.008040 -0.016358 -0.019659
vertex -0.004106 -0.014652 -0.025012
endloop
endfacet
facet normal -0.429690 -0.719783 -0.545233
outer loop
vertex -0.008040 -0.016358 -0.019659
vertex -0.010573 -0.014332 -0.020338
vertex -0.004106 -0.014652 -0.025012
endloop
endfacet
facet normal -0.438441 -0.704241 -0.558403
outer loop
vertex -0.004106 -0.014652 -0.025012
vertex -0.010573 -0.014332 -0.020338
vertex -0.010950 -0.010400 -0.025002
endloop
endfacet
facet normal -0.783285 -0.395034 -0.480014
outer loop
vertex -0.034286 -0.014034 0.014460
vertex -0.031121 -0.019551 0.013836
vertex -0.037730 -0.020012 0.024999
endloop
endfacet
facet normal -0.055117 -0.876412 -0.478397
outer loop
vertex 0.000666 -0.035939 0.012659
vertex -0.000647 -0.042593 0.025000
vertex -0.006219 -0.032542 0.007230
endloop
endfacet
facet normal -0.155657 -0.879937 -0.448868
outer loop
vertex -0.000647 -0.042593 0.025000
vertex -0.015003 -0.040053 0.024999
vertex -0.006219 -0.032542 0.007230
endloop
endfacet
facet normal -0.708704 -0.549696 -0.442236
outer loop
vertex -0.037730 -0.020012 0.024999
vertex -0.031121 -0.019551 0.013836
vertex -0.028699 -0.031656 0.024999
endloop
endfacet
facet normal -0.280689 -0.826440 -0.488068
outer loop
vertex -0.006219 -0.032542 0.007230
vertex -0.015003 -0.040053 0.024999
vertex -0.011094 -0.029140 0.004272
endloop
endfacet
facet normal -0.683546 -0.564051 -0.463261
outer loop
vertex -0.031121 -0.019551 0.013836
vertex -0.026791 -0.022293 0.010784
vertex -0.028699 -0.031656 0.024999
endloop
endfacet
facet normal -0.859455 -0.021798 -0.510746
outer loop
vertex -0.014652 0.004106 -0.025012
vertex -0.014440 -0.004518 -0.025001
vertex -0.020729 0.002912 -0.014734
endloop
endfacet
facet normal -0.873490 -0.074669 -0.481082
outer loop
vertex -0.020729 0.002912 -0.014734
vertex -0.014440 -0.004518 -0.025001
vertex -0.025379 -0.007041 -0.004747
endloop
endfacet
facet normal -0.794046 -0.378073 -0.475974
outer loop
vertex -0.025379 -0.007041 -0.004747
vertex -0.014440 -0.004518 -0.025001
vertex -0.025822 -0.019345 0.005766
endloop
endfacet
facet normal -0.749081 -0.444406 -0.491306
outer loop
vertex -0.014440 -0.004518 -0.025001
vertex -0.010950 -0.010400 -0.025002
vertex -0.025822 -0.019345 0.005766
endloop
endfacet
facet normal -0.296615 -0.820830 -0.488117
outer loop
vertex -0.011094 -0.029140 0.004272
vertex -0.015003 -0.040053 0.024999
vertex -0.013536 -0.024582 -0.001908
endloop
endfacet
facet normal -0.463996 -0.756785 -0.460416
outer loop
vertex -0.015003 -0.040053 0.024999
vertex -0.028699 -0.031656 0.024999
vertex -0.013536 -0.024582 -0.001908
endloop
endfacet
facet normal -0.515816 -0.711198 -0.477631
outer loop
vertex -0.013536 -0.024582 -0.001908
vertex -0.028699 -0.031656 0.024999
vertex -0.014860 -0.018169 -0.010027
endloop
endfacet
facet normal -0.601603 -0.636428 -0.482735
outer loop
vertex -0.014860 -0.018169 -0.010027
vertex -0.028699 -0.031656 0.024999
vertex -0.014298 -0.014547 -0.015504
endloop
endfacet
facet normal -0.597090 -0.636386 -0.488361
outer loop
vertex -0.010573 -0.014332 -0.020338
vertex -0.014298 -0.014547 -0.015504
vertex -0.010950 -0.010400 -0.025002
endloop
endfacet
facet normal -0.651168 -0.584086 -0.484587
outer loop
vertex -0.010950 -0.010400 -0.025002
vertex -0.014298 -0.014547 -0.015504
vertex -0.025822 -0.019345 0.005766
endloop
endfacet
facet normal -0.631667 -0.609041 -0.479651
outer loop
vertex -0.025822 -0.019345 0.005766
vertex -0.014298 -0.014547 -0.015504
vertex -0.026791 -0.022293 0.010784
endloop
endfacet
facet normal -0.639902 -0.599501 -0.480753
outer loop
vertex -0.014298 -0.014547 -0.015504
vertex -0.028699 -0.031656 0.024999
vertex -0.026791 -0.022293 0.010784
endloop
endfacet
facet normal 0.884021 0.087687 -0.459148
outer loop
vertex 0.042593 -0.000647 0.025000
vertex 0.036556 0.005831 0.014613
vertex 0.041656 0.008801 0.025000
endloop
endfacet
facet normal 0.847469 0.225465 -0.480585
outer loop
vertex 0.036556 0.005831 0.014613
vertex 0.034286 0.014034 0.014460
vertex 0.041656 0.008801 0.025000
endloop
endfacet
facet normal 0.845590 0.296041 -0.444227
outer loop
vertex 0.041656 0.008801 0.025000
vertex 0.034286 0.014034 0.014460
vertex 0.037730 0.020012 0.024999
endloop
endfacet
facet normal 0.291019 0.837953 -0.461673
outer loop
vertex 0.002912 0.020729 -0.014734
vertex 0.008848 0.015660 -0.020194
vertex 0.004107 0.014653 -0.025010
endloop
endfacet
facet normal 0.433429 0.696206 -0.572220
outer loop
vertex 0.004107 0.014653 -0.025010
vertex 0.008848 0.015660 -0.020194
vertex 0.010950 0.010400 -0.025002
endloop
endfacet
facet normal 0.774489 0.407244 -0.484065
outer loop
vertex 0.034286 0.014034 0.014460
vertex 0.030930 0.019887 0.014014
vertex 0.037730 0.020012 0.024999
endloop
endfacet
facet normal 0.472139 0.690049 -0.548559
outer loop
vertex 0.008848 0.015660 -0.020194
vertex 0.011698 0.014761 -0.018872
vertex 0.010950 0.010400 -0.025002
endloop
endfacet
facet normal 0.055070 0.876417 -0.478394
outer loop
vertex -0.000666 0.035939 0.012659
vertex 0.000647 0.042593 0.025000
vertex 0.006216 0.032544 0.007231
endloop
endfacet
facet normal 0.155659 0.879941 -0.448859
outer loop
vertex 0.000647 0.042593 0.025000
vertex 0.015003 0.040053 0.024999
vertex 0.006216 0.032544 0.007231
endloop
endfacet
facet normal 0.707854 0.549033 -0.444415
outer loop
vertex 0.037730 0.020012 0.024999
vertex 0.030930 0.019887 0.014014
vertex 0.028699 0.031656 0.025000
endloop
endfacet
facet normal 0.255796 0.838621 -0.480919
outer loop
vertex 0.006216 0.032544 0.007231
vertex 0.015003 0.040053 0.024999
vertex 0.011144 0.028226 0.002323
endloop
endfacet
facet normal 0.686690 0.561342 -0.461900
outer loop
vertex 0.030930 0.019887 0.014014
vertex 0.026791 0.022293 0.010784
vertex 0.028699 0.031656 0.025000
endloop
endfacet
facet normal 0.859449 0.021770 -0.510757
outer loop
vertex 0.014654 -0.004107 -0.025008
vertex 0.014439 0.004518 -0.025002
vertex 0.020729 -0.002912 -0.014734
endloop
endfacet
facet normal 0.873490 0.074667 -0.481081
outer loop
vertex 0.020729 -0.002912 -0.014734
vertex 0.014439 0.004518 -0.025002
vertex 0.025379 0.007041 -0.004747
endloop
endfacet
facet normal 0.793514 0.379350 -0.475846
outer loop
vertex 0.025379 0.007041 -0.004747
vertex 0.014439 0.004518 -0.025002
vertex 0.025795 0.019435 0.005826
endloop
endfacet
facet normal 0.749210 0.444480 -0.491042
outer loop
vertex 0.014439 0.004518 -0.025002
vertex 0.010950 0.010400 -0.025002
vertex 0.025795 0.019435 0.005826
endloop
endfacet
facet normal 0.439090 0.763797 -0.473090
outer loop
vertex 0.011144 0.028226 0.002323
vertex 0.015003 0.040053 0.024999
vertex 0.014948 0.020622 -0.006424
endloop
endfacet
facet normal 0.462202 0.753854 -0.466982
outer loop
vertex 0.015003 0.040053 0.024999
vertex 0.028699 0.031656 0.025000
vertex 0.014948 0.020622 -0.006424
endloop
endfacet
facet normal 0.588866 0.646701 -0.484783
outer loop
vertex 0.014948 0.020622 -0.006424
vertex 0.028699 0.031656 0.025000
vertex 0.014635 0.014021 -0.015609
endloop
endfacet
facet normal 0.674954 0.559825 -0.480658
outer loop
vertex 0.011698 0.014761 -0.018872
vertex 0.014635 0.014021 -0.015609
vertex 0.010950 0.010400 -0.025002
endloop
endfacet
facet normal 0.630654 0.608270 -0.481957
outer loop
vertex 0.010950 0.010400 -0.025002
vertex 0.014635 0.014021 -0.015609
vertex 0.025795 0.019435 0.005826
endloop
endfacet
facet normal 0.624206 0.615988 -0.480548
outer loop
vertex 0.025795 0.019435 0.005826
vertex 0.014635 0.014021 -0.015609
vertex 0.026791 0.022293 0.010784
endloop
endfacet
facet normal 0.636760 0.601907 -0.481917
outer loop
vertex 0.014635 0.014021 -0.015609
vertex 0.028699 0.031656 0.025000
vertex 0.026791 0.022293 0.010784
endloop
endfacet
facet normal 0.000039 -0.000207 1.000000
outer loop
vertex 0.000647 0.042593 0.025000
vertex -0.008801 0.041656 0.025000
vertex 0.015003 0.040053 0.024999
endloop
endfacet
facet normal 0.000035 -0.000260 1.000000
outer loop
vertex -0.008801 0.041656 0.025000
vertex -0.020012 0.037730 0.024999
vertex 0.015003 0.040053 0.024999
endloop
endfacet
facet normal 0.000008 0.000148 1.000000
outer loop
vertex 0.015003 0.040053 0.024999
vertex -0.020012 0.037730 0.024999
vertex 0.028699 0.031656 0.025000
endloop
endfacet
facet normal -0.000009 0.000011 1.000000
outer loop
vertex -0.020012 0.037730 0.024999
vertex -0.031656 0.028699 0.024999
vertex 0.028699 0.031656 0.025000
endloop
endfacet
facet normal -0.000005 -0.000069 1.000000
outer loop
vertex -0.031656 0.028699 0.024999
vertex -0.040052 0.015003 0.024998
vertex 0.028699 0.031656 0.025000
endloop
endfacet
facet normal -0.000051 0.000118 1.000000
outer loop
vertex -0.040052 0.015003 0.024998
vertex -0.042593 0.000647 0.025000
vertex 0.028699 0.031656 0.025000
endloop
endfacet
facet normal 0.000001 0.000001 1.000000
outer loop
vertex -0.042593 0.000647 0.025000
vertex -0.041656 -0.008801 0.025000
vertex 0.028699 0.031656 0.025000
endloop
endfacet
facet normal 0.000040 -0.000069 1.000000
outer loop
vertex -0.041656 -0.008801 0.025000
vertex -0.037730 -0.020012 0.024999
vertex 0.028699 0.031656 0.025000
endloop
endfacet
facet normal -0.000027 0.000017 1.000000
outer loop
vertex -0.037730 -0.020012 0.024999
vertex -0.028699 -0.031656 0.024999
vertex 0.028699 0.031656 0.025000
endloop
endfacet
facet normal 0.000022 -0.000027 1.000000
outer loop
vertex 0.028699 0.031656 0.025000
vertex -0.028699 -0.031656 0.024999
vertex 0.037730 0.020012 0.024999
endloop
endfacet
facet normal 0.000030 -0.000036 1.000000
outer loop
vertex -0.028699 -0.031656 0.024999
vertex -0.015003 -0.040053 0.024999
vertex 0.037730 0.020012 0.024999
endloop
endfacet
facet normal -0.000055 0.000038 1.000000
outer loop
vertex 0.037730 0.020012 0.024999
vertex -0.015003 -0.040053 0.024999
vertex 0.041656 0.008801 0.025000
endloop
endfacet
facet normal -0.000079 0.000066 1.000000
outer loop
vertex -0.015003 -0.040053 0.024999
vertex -0.000647 -0.042593 0.025000
vertex 0.041656 0.008801 0.025000
endloop
endfacet
facet normal 0.000015 -0.000011 1.000000
outer loop
vertex 0.041656 0.008801 0.025000
vertex -0.000647 -0.042593 0.025000
vertex 0.042593 -0.000647 0.025000
endloop
endfacet
facet normal 0.000127 -0.000128 1.000000
outer loop
vertex 0.042593 -0.000647 0.025000
vertex -0.000647 -0.042593 0.025000
vertex 0.040053 -0.015003 0.024998
endloop
endfacet
facet normal -0.000002 0.000063 1.000000
outer loop
vertex 0.040053 -0.015003 0.024998
vertex -0.000647 -0.042593 0.025000
vertex 0.031656 -0.028699 0.024999
endloop
endfacet
facet normal 0.000081 -0.000130 1.000000
outer loop
vertex 0.031656 -0.028699 0.024999
vertex -0.000647 -0.042593 0.025000
vertex 0.020011 -0.037730 0.024999
endloop
endfacet
facet normal -0.000017 0.000287 1.000000
outer loop
vertex 0.020011 -0.037730 0.024999
vertex -0.000647 -0.042593 0.025000
vertex 0.008801 -0.041656 0.025000
endloop
endfacet
facet normal -0.002320 -0.001323 -0.999996
outer loop
vertex -0.014440 -0.004518 -0.025001
vertex -0.014652 0.004106 -0.025012
vertex -0.010950 -0.010400 -0.025002
endloop
endfacet
facet normal 0.002768 -0.000024 -0.999996
outer loop
vertex -0.014652 0.004106 -0.025012
vertex -0.010400 0.010950 -0.025001
vertex -0.010950 -0.010400 -0.025002
endloop
endfacet
facet normal -0.001459 0.000084 -0.999999
outer loop
vertex -0.010950 -0.010400 -0.025002
vertex -0.010400 0.010950 -0.025001
vertex -0.004106 -0.014652 -0.025012
endloop
endfacet
facet normal 0.001147 0.000725 -0.999999
outer loop
vertex -0.004106 -0.014652 -0.025012
vertex -0.010400 0.010950 -0.025001
vertex 0.004518 -0.014439 -0.025002
endloop
endfacet
facet normal 0.000015 0.000060 -1.000000
outer loop
vertex 0.004518 -0.014439 -0.025002
vertex -0.010400 0.010950 -0.025001
vertex 0.010400 -0.010950 -0.025002
endloop
endfacet
facet normal -0.000632 -0.000555 -1.000000
outer loop
vertex 0.010400 -0.010950 -0.025002
vertex -0.010400 0.010950 -0.025001
vertex 0.014654 -0.004107 -0.025008
endloop
endfacet
facet normal -0.000192 0.000178 -1.000000
outer loop
vertex -0.010400 0.010950 -0.025001
vertex -0.004518 0.014440 -0.025001
vertex 0.014654 -0.004107 -0.025008
endloop
endfacet
facet normal -0.000991 -0.000648 -0.999999
outer loop
vertex -0.004518 0.014440 -0.025001
vertex 0.004107 0.014653 -0.025010
vertex 0.014654 -0.004107 -0.025008
endloop
endfacet
facet normal 0.001504 0.000754 -0.999999
outer loop
vertex 0.014654 -0.004107 -0.025008
vertex 0.004107 0.014653 -0.025010
vertex 0.014439 0.004518 -0.025002
endloop
endfacet
facet normal 0.001791 0.001047 -0.999998
outer loop
vertex 0.014439 0.004518 -0.025002
vertex 0.004107 0.014653 -0.025010
vertex 0.010950 0.010400 -0.025002
endloop
endfacet
endsolid B4-70-14_13
