solid B4-70-14_16
facet normal -0.283876 0.403619 -0.869774
outer loop
vertex -0.018941 -0.037302 -0.027401
vertex -0.017936 -0.031722 -0.025140
vertex -0.013075 -0.020005 -0.021289
endloop
endfacet
facet normal -0.756201 0.358085 -0.547664
outer loop
vertex -0.024415 -0.053317 -0.030314
vertex -0.017936 -0.031722 -0.025140
vertex -0.018941 -0.037302 -0.027401
endloop
endfacet
facet normal -0.476824 0.446633 -0.757071
outer loop
vertex -0.013779 -0.016473 -0.018762
vertex -0.013075 -0.020005 -0.021289
vertex -0.017936 -0.031722 -0.025140
endloop
endfacet
facet normal 0.156137 0.124868 -0.979811
outer loop
vertex -0.024415 -0.053317 -0.030314
vertex -0.018941 -0.037302 -0.027401
vertex -0.025930 -0.063233 -0.031819
endloop
endfacet
facet normal 0.418876 0.282296 -0.863048
outer loop
vertex 0.020635 -0.062344 -0.006062
vertex 0.015427 -0.069239 -0.010846
vertex 0.007093 -0.056927 -0.010863
endloop
endfacet
facet normal 0.477722 0.088130 -0.874079
outer loop
vertex -0.025043 -0.068678 -0.031884
vertex -0.025930 -0.063233 -0.031819
vertex -0.018355 -0.057175 -0.027069
endloop
endfacet
facet normal 0.530497 0.001448 -0.847686
outer loop
vertex -0.025930 -0.063233 -0.031819
vertex -0.018941 -0.037302 -0.027401
vertex -0.018355 -0.057175 -0.027069
endloop
endfacet
facet normal 0.649468 0.006413 -0.760362
outer loop
vertex -0.018355 -0.057175 -0.027069
vertex -0.018941 -0.037302 -0.027401
vertex -0.007614 -0.040846 -0.017756
endloop
endfacet
facet normal 0.732887 0.077469 -0.675925
outer loop
vertex -0.013075 -0.020005 -0.021289
vertex 0.003737 -0.030800 -0.004297
vertex -0.007614 -0.040846 -0.017756
endloop
endfacet
facet normal 0.686397 0.234452 -0.688398
outer loop
vertex 0.003737 -0.030800 -0.004297
vertex 0.009430 -0.033581 0.000432
vertex 0.003893 -0.043534 -0.008478
endloop
endfacet
facet normal 0.560484 0.403891 -0.723001
outer loop
vertex 0.016424 -0.042304 0.000981
vertex 0.009430 -0.033581 0.000432
vertex 0.023087 -0.032017 0.011893
endloop
endfacet
facet normal 0.432645 0.384463 -0.815480
outer loop
vertex 0.007093 -0.056927 -0.010863
vertex 0.016424 -0.042304 0.000981
vertex 0.025855 -0.047840 0.003375
endloop
endfacet
facet normal 0.547929 0.271796 -0.791139
outer loop
vertex -0.007561 -0.051355 -0.019098
vertex 0.003893 -0.043534 -0.008478
vertex 0.007093 -0.056927 -0.010863
endloop
endfacet
facet normal 0.529998 0.164370 -0.831916
outer loop
vertex -0.007548 -0.071017 -0.022975
vertex -0.007561 -0.051355 -0.019098
vertex 0.007093 -0.056927 -0.010863
endloop
endfacet
facet normal 0.655640 0.044028 -0.753789
outer loop
vertex -0.018941 -0.037302 -0.027401
vertex -0.013075 -0.020005 -0.021289
vertex -0.007614 -0.040846 -0.017756
endloop
endfacet
facet normal 0.552023 0.108382 -0.826755
outer loop
vertex -0.018355 -0.057175 -0.027069
vertex -0.007614 -0.040846 -0.017756
vertex -0.007561 -0.051355 -0.019098
endloop
endfacet
facet normal 0.436312 0.359897 -0.824685
outer loop
vertex 0.024212 -0.055261 -0.001079
vertex 0.020635 -0.062344 -0.006062
vertex 0.007093 -0.056927 -0.010863
endloop
endfacet
facet normal 0.415303 0.279874 -0.865560
outer loop
vertex 0.007342 -0.076023 -0.016919
vertex 0.007093 -0.056927 -0.010863
vertex 0.015427 -0.069239 -0.010846
endloop
endfacet
facet normal 0.440398 0.276579 -0.854139
outer loop
vertex 0.007093 -0.056927 -0.010863
vertex 0.007342 -0.076023 -0.016919
vertex -0.007548 -0.071017 -0.022975
endloop
endfacet
facet normal 0.422044 0.180536 -0.888418
outer loop
vertex 0.000970 -0.078863 -0.020523
vertex -0.007548 -0.071017 -0.022975
vertex 0.007342 -0.076023 -0.016919
endloop
endfacet
facet normal 0.462095 0.100177 -0.881154
outer loop
vertex -0.007548 -0.071017 -0.022975
vertex -0.025043 -0.068678 -0.031884
vertex -0.018355 -0.057175 -0.027069
endloop
endfacet
facet normal 0.461366 0.088520 -0.882783
outer loop
vertex -0.025043 -0.068678 -0.031884
vertex -0.007548 -0.071017 -0.022975
vertex -0.022166 -0.074215 -0.030935
endloop
endfacet
facet normal 0.448338 0.497409 -0.742682
outer loop
vertex 0.016424 -0.042304 0.000981
vertex 0.023087 -0.032017 0.011893
vertex 0.026122 -0.040970 0.007729
endloop
endfacet
facet normal 0.533258 0.379999 -0.755802
outer loop
vertex 0.009430 -0.033581 0.000432
vertex 0.016424 -0.042304 0.000981
vertex 0.003893 -0.043534 -0.008478
endloop
endfacet
facet normal 0.462997 0.461608 -0.756672
outer loop
vertex 0.025855 -0.047840 0.003375
vertex 0.016424 -0.042304 0.000981
vertex 0.026122 -0.040970 0.007729
endloop
endfacet
facet normal 0.562324 0.273329 -0.780438
outer loop
vertex 0.016424 -0.042304 0.000981
vertex 0.007093 -0.056927 -0.010863
vertex 0.003893 -0.043534 -0.008478
endloop
endfacet
facet normal 0.426862 0.394023 -0.813962
outer loop
vertex 0.007093 -0.056927 -0.010863
vertex 0.025855 -0.047840 0.003375
vertex 0.024212 -0.055261 -0.001079
endloop
endfacet
facet normal 0.642547 0.246139 -0.725636
outer loop
vertex -0.007614 -0.040846 -0.017756
vertex 0.003737 -0.030800 -0.004297
vertex 0.003893 -0.043534 -0.008478
endloop
endfacet
facet normal 0.638619 0.100658 -0.762911
outer loop
vertex -0.007561 -0.051355 -0.019098
vertex -0.007614 -0.040846 -0.017756
vertex 0.003893 -0.043534 -0.008478
endloop
endfacet
facet normal 0.526861 0.164745 -0.833833
outer loop
vertex -0.007561 -0.051355 -0.019098
vertex -0.007548 -0.071017 -0.022975
vertex -0.018355 -0.057175 -0.027069
endloop
endfacet
facet normal 0.435071 0.197806 -0.878400
outer loop
vertex 0.000970 -0.078863 -0.020523
vertex -0.022166 -0.074215 -0.030935
vertex -0.007548 -0.071017 -0.022975
endloop
endfacet
facet normal 0.341375 -0.436977 -0.832174
outer loop
vertex 0.000970 -0.078863 -0.020523
vertex -0.009571 -0.079617 -0.024451
vertex -0.016849 -0.077903 -0.028337
endloop
endfacet
facet normal 0.397321 -0.071757 -0.914870
outer loop
vertex -0.022166 -0.074215 -0.030935
vertex 0.000970 -0.078863 -0.020523
vertex -0.016849 -0.077903 -0.028337
endloop
endfacet
facet normal -0.024769 -0.763437 0.645407
outer loop
vertex 0.007342 -0.076023 -0.016919
vertex -0.002221 -0.078552 -0.020278
vertex 0.000970 -0.078863 -0.020523
endloop
endfacet
facet normal -0.064025 -0.934187 0.350993
outer loop
vertex 0.000970 -0.078863 -0.020523
vertex -0.002221 -0.078552 -0.020278
vertex -0.009571 -0.079617 -0.024451
endloop
endfacet
facet normal -0.366785 -0.479763 0.797055
outer loop
vertex 0.000766 -0.066965 -0.011928
vertex -0.012944 -0.076349 -0.023886
vertex -0.002221 -0.078552 -0.020278
endloop
endfacet
facet normal -0.480964 -0.606039 0.633553
outer loop
vertex -0.009571 -0.079617 -0.024451
vertex -0.012944 -0.076349 -0.023886
vertex -0.016849 -0.077903 -0.028337
endloop
endfacet
facet normal -0.609796 -0.395014 0.687104
outer loop
vertex -0.022166 -0.074215 -0.030935
vertex -0.016849 -0.077903 -0.028337
vertex -0.020503 -0.070869 -0.027536
endloop
endfacet
facet normal -0.616425 -0.397609 0.679652
outer loop
vertex -0.020503 -0.070869 -0.027536
vertex -0.016849 -0.077903 -0.028337
vertex -0.012944 -0.076349 -0.023886
endloop
endfacet
facet normal -0.366589 -0.512683 0.776382
outer loop
vertex -0.002221 -0.078552 -0.020278
vertex -0.012944 -0.076349 -0.023886
vertex -0.009571 -0.079617 -0.024451
endloop
endfacet
facet normal 0.435119 -0.516075 0.737793
outer loop
vertex 0.023390 -0.034192 0.014082
vertex 0.019949 -0.036439 0.014539
vertex 0.026122 -0.040970 0.007729
endloop
endfacet
facet normal -0.708233 -0.416333 0.570152
outer loop
vertex -0.005427 -0.041618 -0.001713
vertex -0.000726 -0.038031 0.006746
vertex -0.006802 -0.033647 0.002400
endloop
endfacet
facet normal 0.437475 -0.513488 0.738205
outer loop
vertex 0.019949 -0.036439 0.014539
vertex 0.024212 -0.055261 -0.001079
vertex 0.026122 -0.040970 0.007729
endloop
endfacet
facet normal 0.032015 -0.585895 0.809755
outer loop
vertex 0.020635 -0.062344 -0.006062
vertex 0.024212 -0.055261 -0.001079
vertex 0.015427 -0.069239 -0.010846
endloop
endfacet
facet normal -0.510222 -0.544294 0.665897
outer loop
vertex 0.006290 -0.051176 0.001377
vertex 0.006871 -0.040214 0.010783
vertex -0.000726 -0.038031 0.006746
endloop
endfacet
facet normal -0.730811 -0.272546 0.625807
outer loop
vertex -0.022166 -0.074215 -0.030935
vertex -0.020503 -0.070869 -0.027536
vertex -0.025043 -0.068678 -0.031884
endloop
endfacet
facet normal -0.716993 -0.124893 0.685800
outer loop
vertex -0.020503 -0.070869 -0.027536
vertex -0.025930 -0.063233 -0.031819
vertex -0.025043 -0.068678 -0.031884
endloop
endfacet
facet normal -0.850159 0.132954 0.509464
outer loop
vertex -0.024415 -0.053317 -0.030314
vertex -0.019335 -0.049063 -0.022948
vertex -0.017936 -0.031722 -0.025140
endloop
endfacet
facet normal -0.964002 0.181589 0.194231
outer loop
vertex -0.013770 -0.022942 -0.012669
vertex -0.013779 -0.016473 -0.018762
vertex -0.017936 -0.031722 -0.025140
endloop
endfacet
facet normal -0.960595 0.000000 0.277950
outer loop
vertex -0.014535 -0.040881 -0.015315
vertex -0.012250 -0.028451 -0.007416
vertex -0.013770 -0.022942 -0.012669
endloop
endfacet
facet normal -0.946952 -0.006974 0.321300
outer loop
vertex -0.013770 -0.022942 -0.012669
vertex -0.017936 -0.031722 -0.025140
vertex -0.014535 -0.040881 -0.015315
endloop
endfacet
facet normal -0.895139 0.126232 0.427542
outer loop
vertex -0.014535 -0.040881 -0.015315
vertex -0.017936 -0.031722 -0.025140
vertex -0.019335 -0.049063 -0.022948
endloop
endfacet
facet normal -0.843805 -0.168590 0.509480
outer loop
vertex -0.014535 -0.040881 -0.015315
vertex -0.009575 -0.040149 -0.006858
vertex -0.012250 -0.028451 -0.007416
endloop
endfacet
facet normal -0.849095 -0.350418 0.395278
outer loop
vertex -0.006802 -0.033647 0.002400
vertex -0.010769 -0.028708 -0.001743
vertex -0.005427 -0.041618 -0.001713
endloop
endfacet
facet normal -0.787321 -0.251027 0.563126
outer loop
vertex -0.005427 -0.041618 -0.001713
vertex -0.009575 -0.040149 -0.006858
vertex -0.007666 -0.050877 -0.008970
endloop
endfacet
facet normal -0.459839 -0.534926 0.708803
outer loop
vertex -0.000726 -0.038031 0.006746
vertex -0.000494 -0.049241 -0.001563
vertex 0.006290 -0.051176 0.001377
endloop
endfacet
facet normal -0.132916 -0.641325 0.755669
outer loop
vertex 0.015436 -0.039875 0.012577
vertex 0.006871 -0.040214 0.010783
vertex 0.006290 -0.051176 0.001377
endloop
endfacet
facet normal -0.618347 -0.386762 0.684151
outer loop
vertex -0.005427 -0.041618 -0.001713
vertex -0.007666 -0.050877 -0.008970
vertex -0.000494 -0.049241 -0.001563
endloop
endfacet
facet normal -0.853557 -0.107094 0.509874
outer loop
vertex -0.009575 -0.040149 -0.006858
vertex -0.014535 -0.040881 -0.015315
vertex -0.013738 -0.057308 -0.017430
endloop
endfacet
facet normal -0.682381 -0.256275 0.684602
outer loop
vertex -0.013738 -0.057308 -0.017430
vertex -0.007666 -0.050877 -0.008970
vertex -0.009575 -0.040149 -0.006858
endloop
endfacet
facet normal -0.779369 -0.117096 0.615526
outer loop
vertex -0.014535 -0.040881 -0.015315
vertex -0.019335 -0.049063 -0.022948
vertex -0.013738 -0.057308 -0.017430
endloop
endfacet
facet normal -0.627745 -0.332901 0.703643
outer loop
vertex -0.007666 -0.050877 -0.008970
vertex -0.013738 -0.057308 -0.017430
vertex -0.005938 -0.061733 -0.012564
endloop
endfacet
facet normal -0.726590 -0.138970 0.672870
outer loop
vertex -0.013738 -0.057308 -0.017430
vertex -0.025930 -0.063233 -0.031819
vertex -0.020503 -0.070869 -0.027536
endloop
endfacet
facet normal -0.611411 -0.253591 0.749579
outer loop
vertex -0.020503 -0.070869 -0.027536
vertex -0.005938 -0.061733 -0.012564
vertex -0.013738 -0.057308 -0.017430
endloop
endfacet
facet normal -0.640189 -0.331382 0.693068
outer loop
vertex -0.000494 -0.049241 -0.001563
vertex -0.007666 -0.050877 -0.008970
vertex -0.005938 -0.061733 -0.012564
endloop
endfacet
facet normal -0.460507 -0.472275 0.751591
outer loop
vertex 0.006290 -0.051176 0.001377
vertex -0.000494 -0.049241 -0.001563
vertex 0.000766 -0.066965 -0.011928
endloop
endfacet
facet normal 0.130600 -0.615428 0.777298
outer loop
vertex 0.019949 -0.036439 0.014539
vertex 0.015436 -0.039875 0.012577
vertex 0.024212 -0.055261 -0.001079
endloop
endfacet
facet normal -0.410083 -0.427478 0.805664
outer loop
vertex -0.012944 -0.076349 -0.023886
vertex 0.000766 -0.066965 -0.011928
vertex -0.005938 -0.061733 -0.012564
endloop
endfacet
facet normal -0.088395 -0.621125 0.778711
outer loop
vertex -0.002221 -0.078552 -0.020278
vertex 0.015427 -0.069239 -0.010846
vertex 0.015436 -0.039875 0.012577
endloop
endfacet
facet normal -0.949139 -0.205621 0.238444
outer loop
vertex -0.010769 -0.028708 -0.001743
vertex -0.012250 -0.028451 -0.007416
vertex -0.009575 -0.040149 -0.006858
endloop
endfacet
facet normal -0.779908 -0.321460 0.537035
outer loop
vertex -0.009575 -0.040149 -0.006858
vertex -0.005427 -0.041618 -0.001713
vertex -0.010769 -0.028708 -0.001743
endloop
endfacet
facet normal -0.694026 -0.437954 0.571423
outer loop
vertex -0.005427 -0.041618 -0.001713
vertex -0.000494 -0.049241 -0.001563
vertex -0.000726 -0.038031 0.006746
endloop
endfacet
facet normal -0.834150 0.044052 0.549775
outer loop
vertex -0.025930 -0.063233 -0.031819
vertex -0.019335 -0.049063 -0.022948
vertex -0.024415 -0.053317 -0.030314
endloop
endfacet
facet normal -0.747848 -0.065508 0.660630
outer loop
vertex -0.025930 -0.063233 -0.031819
vertex -0.013738 -0.057308 -0.017430
vertex -0.019335 -0.049063 -0.022948
endloop
endfacet
facet normal -0.583695 -0.303544 0.753101
outer loop
vertex -0.005938 -0.061733 -0.012564
vertex -0.020503 -0.070869 -0.027536
vertex -0.012944 -0.076349 -0.023886
endloop
endfacet
facet normal 0.122241 -0.618932 0.775874
outer loop
vertex 0.015427 -0.069239 -0.010846
vertex 0.024212 -0.055261 -0.001079
vertex 0.015436 -0.039875 0.012577
endloop
endfacet
facet normal -0.778582 -0.222194 0.586890
outer loop
vertex -0.002221 -0.078552 -0.020278
vertex 0.006290 -0.051176 0.001377
vertex 0.000766 -0.066965 -0.011928
endloop
endfacet
facet normal -0.316768 -0.525908 0.789353
outer loop
vertex 0.015436 -0.039875 0.012577
vertex 0.006290 -0.051176 0.001377
vertex -0.002221 -0.078552 -0.020278
endloop
endfacet
facet normal -0.443401 -0.475763 0.759635
outer loop
vertex -0.000494 -0.049241 -0.001563
vertex -0.005938 -0.061733 -0.012564
vertex 0.000766 -0.066965 -0.011928
endloop
endfacet
facet normal -0.135939 -0.565932 0.813167
outer loop
vertex -0.002221 -0.078552 -0.020278
vertex 0.007342 -0.076023 -0.016919
vertex 0.015427 -0.069239 -0.010846
endloop
endfacet
facet normal 0.862152 -0.114910 0.493447
outer loop
vertex 0.023390 -0.034192 0.014082
vertex 0.026122 -0.040970 0.007729
vertex 0.023903 -0.031399 0.013835
endloop
endfacet
facet normal 0.749926 0.470515 -0.465002
outer loop
vertex 0.023903 -0.031399 0.013835
vertex 0.026122 -0.040970 0.007729
vertex 0.023087 -0.032017 0.011893
endloop
endfacet
facet normal 0.153325 -0.533273 0.831932
outer loop
vertex 0.024212 -0.055261 -0.001079
vertex 0.025855 -0.047840 0.003375
vertex 0.026122 -0.040970 0.007729
endloop
endfacet
facet normal 0.403619 0.283875 -0.869774
outer loop
vertex -0.037302 0.018941 -0.027401
vertex -0.031722 0.017936 -0.025140
vertex -0.020005 0.013075 -0.021289
endloop
endfacet
facet normal 0.358086 0.756200 -0.547664
outer loop
vertex -0.053317 0.024415 -0.030314
vertex -0.031722 0.017936 -0.025140
vertex -0.037302 0.018941 -0.027401
endloop
endfacet
facet normal 0.446633 0.476826 -0.757071
outer loop
vertex -0.016473 0.013779 -0.018762
vertex -0.020005 0.013075 -0.021289
vertex -0.031722 0.017936 -0.025140
endloop
endfacet
facet normal 0.124868 -0.156132 -0.979812
outer loop
vertex -0.053317 0.024415 -0.030314
vertex -0.037302 0.018941 -0.027401
vertex -0.063233 0.025930 -0.031819
endloop
endfacet
facet normal 0.282295 -0.418876 -0.863048
outer loop
vertex -0.062344 -0.020635 -0.006062
vertex -0.069239 -0.015427 -0.010846
vertex -0.056927 -0.007093 -0.010863
endloop
endfacet
facet normal 0.088129 -0.477723 -0.874079
outer loop
vertex -0.068678 0.025043 -0.031884
vertex -0.063233 0.025930 -0.031819
vertex -0.057175 0.018355 -0.027069
endloop
endfacet
facet normal 0.001448 -0.530497 -0.847686
outer loop
vertex -0.063233 0.025930 -0.031819
vertex -0.037302 0.018941 -0.027401
vertex -0.057175 0.018355 -0.027069
endloop
endfacet
facet normal 0.006413 -0.649468 -0.760362
outer loop
vertex -0.057175 0.018355 -0.027069
vertex -0.037302 0.018941 -0.027401
vertex -0.040846 0.007614 -0.017756
endloop
endfacet
facet normal 0.077469 -0.732887 -0.675925
outer loop
vertex -0.020005 0.013075 -0.021289
vertex -0.030800 -0.003737 -0.004297
vertex -0.040846 0.007614 -0.017756
endloop
endfacet
facet normal 0.234452 -0.686397 -0.688398
outer loop
vertex -0.030800 -0.003737 -0.004297
vertex -0.033581 -0.009430 0.000432
vertex -0.043534 -0.003893 -0.008478
endloop
endfacet
facet normal 0.403891 -0.560484 -0.723001
outer loop
vertex -0.042304 -0.016424 0.000981
vertex -0.033581 -0.009430 0.000432
vertex -0.032017 -0.023087 0.011893
endloop
endfacet
facet normal 0.384462 -0.432645 -0.815480
outer loop
vertex -0.056927 -0.007093 -0.010863
vertex -0.042304 -0.016424 0.000981
vertex -0.047840 -0.025855 0.003375
endloop
endfacet
facet normal 0.271796 -0.547929 -0.791138
outer loop
vertex -0.051355 0.007561 -0.019098
vertex -0.043534 -0.003893 -0.008478
vertex -0.056927 -0.007093 -0.010863
endloop
endfacet
facet normal 0.164369 -0.529998 -0.831916
outer loop
vertex -0.071017 0.007548 -0.022975
vertex -0.051355 0.007561 -0.019098
vertex -0.056927 -0.007093 -0.010863
endloop
endfacet
facet normal 0.044028 -0.655640 -0.753789
outer loop
vertex -0.037302 0.018941 -0.027401
vertex -0.020005 0.013075 -0.021289
vertex -0.040846 0.007614 -0.017756
endloop
endfacet
facet normal 0.108382 -0.552023 -0.826755
outer loop
vertex -0.057175 0.018355 -0.027069
vertex -0.040846 0.007614 -0.017756
vertex -0.051355 0.007561 -0.019098
endloop
endfacet
facet normal 0.359898 -0.436312 -0.824685
outer loop
vertex -0.055261 -0.024212 -0.001079
vertex -0.062344 -0.020635 -0.006062
vertex -0.056927 -0.007093 -0.010863
endloop
endfacet
facet normal 0.279873 -0.415303 -0.865560
outer loop
vertex -0.076023 -0.007342 -0.016919
vertex -0.056927 -0.007093 -0.010863
vertex -0.069239 -0.015427 -0.010846
endloop
endfacet
facet normal 0.276579 -0.440398 -0.854139
outer loop
vertex -0.056927 -0.007093 -0.010863
vertex -0.076023 -0.007342 -0.016919
vertex -0.071017 0.007548 -0.022975
endloop
endfacet
facet normal 0.180537 -0.422046 -0.888416
outer loop
vertex -0.078863 -0.000970 -0.020523
vertex -0.071017 0.007548 -0.022975
vertex -0.076023 -0.007342 -0.016919
endloop
endfacet
facet normal 0.100177 -0.462094 -0.881155
outer loop
vertex -0.071017 0.007548 -0.022975
vertex -0.068678 0.025043 -0.031884
vertex -0.057175 0.018355 -0.027069
endloop
endfacet
facet normal 0.088520 -0.461365 -0.882783
outer loop
vertex -0.068678 0.025043 -0.031884
vertex -0.071017 0.007548 -0.022975
vertex -0.074215 0.022166 -0.030935
endloop
endfacet
facet normal 0.497409 -0.448338 -0.742683
outer loop
vertex -0.042304 -0.016424 0.000981
vertex -0.032017 -0.023087 0.011893
vertex -0.040970 -0.026122 0.007729
endloop
endfacet
facet normal 0.379999 -0.533259 -0.755802
outer loop
vertex -0.033581 -0.009430 0.000432
vertex -0.042304 -0.016424 0.000981
vertex -0.043534 -0.003893 -0.008478
endloop
endfacet
facet normal 0.461608 -0.462997 -0.756671
outer loop
vertex -0.047840 -0.025855 0.003375
vertex -0.042304 -0.016424 0.000981
vertex -0.040970 -0.026122 0.007729
endloop
endfacet
facet normal 0.273329 -0.562324 -0.780438
outer loop
vertex -0.042304 -0.016424 0.000981
vertex -0.056927 -0.007093 -0.010863
vertex -0.043534 -0.003893 -0.008478
endloop
endfacet
facet normal 0.394023 -0.426862 -0.813962
outer loop
vertex -0.056927 -0.007093 -0.010863
vertex -0.047840 -0.025855 0.003375
vertex -0.055261 -0.024212 -0.001079
endloop
endfacet
facet normal 0.246139 -0.642547 -0.725637
outer loop
vertex -0.040846 0.007614 -0.017756
vertex -0.030800 -0.003737 -0.004297
vertex -0.043534 -0.003893 -0.008478
endloop
endfacet
facet normal 0.100658 -0.638619 -0.762912
outer loop
vertex -0.051355 0.007561 -0.019098
vertex -0.040846 0.007614 -0.017756
vertex -0.043534 -0.003893 -0.008478
endloop
endfacet
facet normal 0.164745 -0.526861 -0.833832
outer loop
vertex -0.051355 0.007561 -0.019098
vertex -0.071017 0.007548 -0.022975
vertex -0.057175 0.018355 -0.027069
endloop
endfacet
facet normal 0.197806 -0.435070 -0.878400
outer loop
vertex -0.078863 -0.000970 -0.020523
vertex -0.074215 0.022166 -0.030935
vertex -0.071017 0.007548 -0.022975
endloop
endfacet
facet normal -0.436978 -0.341378 -0.832173
outer loop
vertex -0.078863 -0.000970 -0.020523
vertex -0.079617 0.009571 -0.024451
vertex -0.077903 0.016849 -0.028337
endloop
endfacet
facet normal -0.071755 -0.397324 -0.914869
outer loop
vertex -0.074215 0.022166 -0.030935
vertex -0.078863 -0.000970 -0.020523
vertex -0.077903 0.016849 -0.028337
endloop
endfacet
facet normal -0.763433 0.024769 0.645412
outer loop
vertex -0.076023 -0.007342 -0.016919
vertex -0.078552 0.002221 -0.020278
vertex -0.078863 -0.000970 -0.020523
endloop
endfacet
facet normal -0.934186 0.064023 0.350996
outer loop
vertex -0.078863 -0.000970 -0.020523
vertex -0.078552 0.002221 -0.020278
vertex -0.079617 0.009571 -0.024451
endloop
endfacet
facet normal -0.479763 0.366784 0.797055
outer loop
vertex -0.066965 -0.000766 -0.011928
vertex -0.076349 0.012944 -0.023886
vertex -0.078552 0.002221 -0.020278
endloop
endfacet
facet normal -0.606040 0.480967 0.633551
outer loop
vertex -0.079617 0.009571 -0.024451
vertex -0.076349 0.012944 -0.023886
vertex -0.077903 0.016849 -0.028337
endloop
endfacet
facet normal -0.395015 0.609797 0.687103
outer loop
vertex -0.074215 0.022166 -0.030935
vertex -0.077903 0.016849 -0.028337
vertex -0.070869 0.020503 -0.027536
endloop
endfacet
facet normal -0.397610 0.616425 0.679652
outer loop
vertex -0.070869 0.020503 -0.027536
vertex -0.077903 0.016849 -0.028337
vertex -0.076349 0.012944 -0.023886
endloop
endfacet
facet normal -0.512686 0.366592 0.776378
outer loop
vertex -0.078552 0.002221 -0.020278
vertex -0.076349 0.012944 -0.023886
vertex -0.079617 0.009571 -0.024451
endloop
endfacet
facet normal 0.115145 0.861934 0.493773
outer loop
vertex 0.034194 0.023390 0.014081
vertex 0.040957 0.026120 0.007737
vertex 0.031399 0.023903 0.013835
endloop
endfacet
facet normal -0.470639 0.749844 -0.465008
outer loop
vertex 0.031399 0.023903 0.013835
vertex 0.040957 0.026120 0.007737
vertex 0.032017 0.023087 0.011893
endloop
endfacet
facet normal 0.533195 0.151600 0.832299
outer loop
vertex 0.055265 0.024211 -0.001082
vertex 0.047840 0.025855 0.003375
vertex 0.040957 0.026120 0.007737
endloop
endfacet
facet normal -0.084548 0.484300 -0.870807
outer loop
vertex 0.068678 -0.025043 -0.031884
vertex 0.063577 -0.025909 -0.031870
vertex 0.058159 -0.017983 -0.026936
endloop
endfacet
facet normal -0.003419 0.526792 -0.849987
outer loop
vertex 0.063577 -0.025909 -0.031870
vertex 0.037438 -0.018874 -0.027405
vertex 0.058159 -0.017983 -0.026936
endloop
endfacet
facet normal -0.077406 0.732871 -0.675950
outer loop
vertex 0.020005 -0.013075 -0.021289
vertex 0.030800 0.003737 -0.004297
vertex 0.040814 -0.007615 -0.017751
endloop
endfacet
facet normal -0.234452 0.686396 -0.688398
outer loop
vertex 0.030800 0.003737 -0.004297
vertex 0.033581 0.009430 0.000432
vertex 0.043534 0.003893 -0.008478
endloop
endfacet
facet normal -0.415700 0.556251 -0.719568
outer loop
vertex 0.038264 0.018313 0.004594
vertex 0.033581 0.009430 0.000432
vertex 0.032017 0.023087 0.011893
endloop
endfacet
facet normal -0.259753 0.511589 -0.819027
outer loop
vertex 0.059373 0.002883 -0.014133
vertex 0.043534 0.003893 -0.008478
vertex 0.049856 0.013791 -0.004301
endloop
endfacet
facet normal -0.245616 0.563560 -0.788716
outer loop
vertex 0.051355 -0.007561 -0.019098
vertex 0.043534 0.003893 -0.008478
vertex 0.059373 0.002883 -0.014133
endloop
endfacet
facet normal -0.165084 0.524011 -0.835560
outer loop
vertex 0.071017 -0.007548 -0.022975
vertex 0.051355 -0.007561 -0.019098
vertex 0.059373 0.002883 -0.014133
endloop
endfacet
facet normal -0.044862 0.657943 -0.751731
outer loop
vertex 0.037438 -0.018874 -0.027405
vertex 0.020005 -0.013075 -0.021289
vertex 0.040814 -0.007615 -0.017751
endloop
endfacet
facet normal -0.108501 0.551262 -0.827247
outer loop
vertex 0.058159 -0.017983 -0.026936
vertex 0.040814 -0.007615 -0.017751
vertex 0.051355 -0.007561 -0.019098
endloop
endfacet
facet normal -0.340696 0.434449 -0.833775
outer loop
vertex 0.055265 0.024211 -0.001082
vertex 0.066126 0.018286 -0.008607
vertex 0.049856 0.013791 -0.004301
endloop
endfacet
facet normal -0.342185 0.446599 -0.826716
outer loop
vertex 0.049856 0.013791 -0.004301
vertex 0.066126 0.018286 -0.008607
vertex 0.059373 0.002883 -0.014133
endloop
endfacet
facet normal -0.187750 0.450013 -0.873062
outer loop
vertex 0.079611 -0.002694 -0.022321
vertex 0.071017 -0.007548 -0.022975
vertex 0.066126 0.018286 -0.008607
endloop
endfacet
facet normal -0.103913 0.462315 -0.880606
outer loop
vertex 0.071017 -0.007548 -0.022975
vertex 0.068678 -0.025043 -0.031884
vertex 0.058159 -0.017983 -0.026936
endloop
endfacet
facet normal -0.088520 0.461365 -0.882783
outer loop
vertex 0.068678 -0.025043 -0.031884
vertex 0.071017 -0.007548 -0.022975
vertex 0.074215 -0.022166 -0.030935
endloop
endfacet
facet normal -0.498123 0.466128 -0.731162
outer loop
vertex 0.038264 0.018313 0.004594
vertex 0.032017 0.023087 0.011893
vertex 0.040957 0.026120 0.007737
endloop
endfacet
facet normal -0.365534 0.545896 -0.753911
outer loop
vertex 0.038264 0.018313 0.004594
vertex 0.049856 0.013791 -0.004301
vertex 0.033581 0.009430 0.000432
endloop
endfacet
facet normal -0.365754 0.550384 -0.750534
outer loop
vertex 0.033581 0.009430 0.000432
vertex 0.049856 0.013791 -0.004301
vertex 0.043534 0.003893 -0.008478
endloop
endfacet
facet normal -0.461423 0.463628 -0.756398
outer loop
vertex 0.047840 0.025855 0.003375
vertex 0.038264 0.018313 0.004594
vertex 0.040957 0.026120 0.007737
endloop
endfacet
facet normal -0.438502 0.429152 -0.789648
outer loop
vertex 0.049856 0.013791 -0.004301
vertex 0.038264 0.018313 0.004594
vertex 0.047840 0.025855 0.003375
endloop
endfacet
facet normal -0.384711 0.448883 -0.806537
outer loop
vertex 0.049856 0.013791 -0.004301
vertex 0.047840 0.025855 0.003375
vertex 0.055265 0.024211 -0.001082
endloop
endfacet
facet normal -0.246085 0.642761 -0.725466
outer loop
vertex 0.040814 -0.007615 -0.017751
vertex 0.030800 0.003737 -0.004297
vertex 0.043534 0.003893 -0.008478
endloop
endfacet
facet normal -0.100725 0.638588 -0.762928
outer loop
vertex 0.051355 -0.007561 -0.019098
vertex 0.040814 -0.007615 -0.017751
vertex 0.043534 0.003893 -0.008478
endloop
endfacet
facet normal -0.010925 0.652727 -0.757515
outer loop
vertex 0.040814 -0.007615 -0.017751
vertex 0.058159 -0.017983 -0.026936
vertex 0.037438 -0.018874 -0.027405
endloop
endfacet
facet normal -0.271119 0.428130 -0.862090
outer loop
vertex 0.071017 -0.007548 -0.022975
vertex 0.059373 0.002883 -0.014133
vertex 0.066126 0.018286 -0.008607
endloop
endfacet
facet normal -0.317510 0.367363 -0.874203
outer loop
vertex 0.076530 0.006893 -0.017173
vertex 0.079611 -0.002694 -0.022321
vertex 0.066126 0.018286 -0.008607
endloop
endfacet
facet normal -0.165378 0.521514 -0.837062
outer loop
vertex 0.051355 -0.007561 -0.019098
vertex 0.071017 -0.007548 -0.022975
vertex 0.058159 -0.017983 -0.026936
endloop
endfacet
facet normal -0.114911 -0.862152 0.493447
outer loop
vertex -0.034192 -0.023390 0.014082
vertex -0.040970 -0.026122 0.007729
vertex -0.031399 -0.023903 0.013835
endloop
endfacet
facet normal 0.470516 -0.749926 -0.465001
outer loop
vertex -0.031399 -0.023903 0.013835
vertex -0.040970 -0.026122 0.007729
vertex -0.032017 -0.023087 0.011893
endloop
endfacet
facet normal -0.533274 -0.153324 0.831932
outer loop
vertex -0.055261 -0.024212 -0.001079
vertex -0.047840 -0.025855 0.003375
vertex -0.040970 -0.026122 0.007729
endloop
endfacet
facet normal -0.397298 -0.268958 -0.877392
outer loop
vertex 0.037438 -0.018874 -0.027405
vertex 0.031861 -0.017951 -0.025163
vertex 0.020005 -0.013075 -0.021289
endloop
endfacet
facet normal -0.444698 -0.481040 -0.755542
outer loop
vertex 0.016473 -0.013779 -0.018762
vertex 0.020005 -0.013075 -0.021289
vertex 0.031861 -0.017951 -0.025163
endloop
endfacet
facet normal -0.356587 -0.726183 -0.587796
outer loop
vertex 0.031861 -0.017951 -0.025163
vertex 0.037438 -0.018874 -0.027405
vertex 0.054238 -0.024661 -0.030447
endloop
endfacet
facet normal -0.131723 0.133975 -0.982191
outer loop
vertex 0.054238 -0.024661 -0.030447
vertex 0.037438 -0.018874 -0.027405
vertex 0.063577 -0.025909 -0.031870
endloop
endfacet
facet normal 0.516321 0.435017 0.737681
outer loop
vertex 0.034194 0.023390 0.014081
vertex 0.036448 0.019935 0.014540
vertex 0.040957 0.026120 0.007737
endloop
endfacet
facet normal 0.455358 -0.705232 0.543412
outer loop
vertex 0.040363 -0.009116 -0.006231
vertex 0.038130 -0.000862 0.006353
vertex 0.033647 -0.006802 0.002400
endloop
endfacet
facet normal 0.513357 0.437703 0.738160
outer loop
vertex 0.036448 0.019935 0.014540
vertex 0.055265 0.024211 -0.001082
vertex 0.040957 0.026120 0.007737
endloop
endfacet
facet normal 0.515968 -0.577011 0.633115
outer loop
vertex 0.052394 0.004393 -0.000483
vertex 0.039335 0.003920 0.009729
vertex 0.038130 -0.000862 0.006353
endloop
endfacet
facet normal 0.401585 -0.464963 0.789011
outer loop
vertex 0.079220 -0.009387 -0.023597
vertex 0.060680 -0.006942 -0.012720
vertex 0.077358 -0.015255 -0.026107
endloop
endfacet
facet normal 0.272546 -0.730811 0.625807
outer loop
vertex 0.074215 -0.022166 -0.030935
vertex 0.070869 -0.020503 -0.027536
vertex 0.068678 -0.025043 -0.031884
endloop
endfacet
facet normal 0.123513 -0.716778 0.686275
outer loop
vertex 0.070869 -0.020503 -0.027536
vertex 0.063577 -0.025909 -0.031870
vertex 0.068678 -0.025043 -0.031884
endloop
endfacet
facet normal -0.131532 -0.845782 0.517061
outer loop
vertex 0.054238 -0.024661 -0.030447
vertex 0.049588 -0.019551 -0.023270
vertex 0.031861 -0.017951 -0.025163
endloop
endfacet
facet normal -0.180921 -0.964270 0.193522
outer loop
vertex 0.022942 -0.013770 -0.012669
vertex 0.016473 -0.013779 -0.018762
vertex 0.031861 -0.017951 -0.025163
endloop
endfacet
facet normal -0.000000 -0.960595 0.277951
outer loop
vertex 0.040881 -0.014535 -0.015315
vertex 0.028451 -0.012250 -0.007416
vertex 0.022942 -0.013770 -0.012669
endloop
endfacet
facet normal 0.007066 -0.946760 0.321863
outer loop
vertex 0.022942 -0.013770 -0.012669
vertex 0.031861 -0.017951 -0.025163
vertex 0.040881 -0.014535 -0.015315
endloop
endfacet
facet normal -0.126353 -0.895688 0.426354
outer loop
vertex 0.040881 -0.014535 -0.015315
vertex 0.031861 -0.017951 -0.025163
vertex 0.049588 -0.019551 -0.023270
endloop
endfacet
facet normal 0.170535 -0.841894 0.511988
outer loop
vertex 0.040881 -0.014535 -0.015315
vertex 0.040363 -0.009116 -0.006231
vertex 0.028451 -0.012250 -0.007416
endloop
endfacet
facet normal 0.294213 -0.840828 0.454364
outer loop
vertex 0.033647 -0.006802 0.002400
vertex 0.028708 -0.010769 -0.001743
vertex 0.040363 -0.009116 -0.006231
endloop
endfacet
facet normal 0.339871 -0.757588 0.557267
outer loop
vertex 0.038130 -0.000862 0.006353
vertex 0.040363 -0.009116 -0.006231
vertex 0.046057 -0.003979 -0.002719
endloop
endfacet
facet normal 0.678079 -0.097702 0.728467
outer loop
vertex 0.040040 0.015089 0.012451
vertex 0.039903 0.008562 0.011703
vertex 0.052394 0.004393 -0.000483
endloop
endfacet
facet normal 0.125047 -0.848890 0.513566
outer loop
vertex 0.040363 -0.009116 -0.006231
vertex 0.040881 -0.014535 -0.015315
vertex 0.055605 -0.012841 -0.016098
endloop
endfacet
facet normal 0.246148 -0.717897 0.651180
outer loop
vertex 0.055605 -0.012841 -0.016098
vertex 0.046057 -0.003979 -0.002719
vertex 0.040363 -0.009116 -0.006231
endloop
endfacet
facet normal 0.122153 -0.773831 0.621502
outer loop
vertex 0.040881 -0.014535 -0.015315
vertex 0.049588 -0.019551 -0.023270
vertex 0.055605 -0.012841 -0.016098
endloop
endfacet
facet normal -0.022913 -0.821315 0.570014
outer loop
vertex 0.063577 -0.025909 -0.031870
vertex 0.049588 -0.019551 -0.023270
vertex 0.054238 -0.024661 -0.030447
endloop
endfacet
facet normal 0.139107 -0.726834 0.672578
outer loop
vertex 0.055605 -0.012841 -0.016098
vertex 0.063577 -0.025909 -0.031870
vertex 0.070869 -0.020503 -0.027536
endloop
endfacet
facet normal 0.238600 -0.629041 0.739850
outer loop
vertex 0.070869 -0.020503 -0.027536
vertex 0.060680 -0.006942 -0.012720
vertex 0.055605 -0.012841 -0.016098
endloop
endfacet
facet normal 0.516553 -0.563291 0.644885
outer loop
vertex 0.038130 -0.000862 0.006353
vertex 0.046057 -0.003979 -0.002719
vertex 0.052394 0.004393 -0.000483
endloop
endfacet
facet normal 0.617300 0.122615 0.777114
outer loop
vertex 0.036448 0.019935 0.014540
vertex 0.040040 0.015089 0.012451
vertex 0.055265 0.024211 -0.001082
endloop
endfacet
facet normal 0.493569 -0.377424 0.783544
outer loop
vertex 0.040040 0.015089 0.012451
vertex 0.052394 0.004393 -0.000483
vertex 0.078140 -0.002723 -0.020128
endloop
endfacet
facet normal 0.628860 -0.010298 0.777450
outer loop
vertex 0.076530 0.006893 -0.017173
vertex 0.066126 0.018286 -0.008607
vertex 0.040040 0.015089 0.012451
endloop
endfacet
facet normal 0.436718 -0.358675 0.825002
outer loop
vertex 0.079220 -0.009387 -0.023597
vertex 0.078140 -0.002723 -0.020128
vertex 0.060680 -0.006942 -0.012720
endloop
endfacet
facet normal 0.225123 -0.945185 0.236528
outer loop
vertex 0.028708 -0.010769 -0.001743
vertex 0.028451 -0.012250 -0.007416
vertex 0.040363 -0.009116 -0.006231
endloop
endfacet
facet normal 0.578716 -0.378134 0.722566
outer loop
vertex 0.039903 0.008562 0.011703
vertex 0.039335 0.003920 0.009729
vertex 0.052394 0.004393 -0.000483
endloop
endfacet
facet normal 0.325141 -0.664902 0.672450
outer loop
vertex 0.046057 -0.003979 -0.002719
vertex 0.055605 -0.012841 -0.016098
vertex 0.060680 -0.006942 -0.012720
endloop
endfacet
facet normal 0.059953 -0.753522 0.654684
outer loop
vertex 0.063577 -0.025909 -0.031870
vertex 0.055605 -0.012841 -0.016098
vertex 0.049588 -0.019551 -0.023270
endloop
endfacet
facet normal 0.309094 -0.586065 0.748992
outer loop
vertex 0.060680 -0.006942 -0.012720
vertex 0.070869 -0.020503 -0.027536
vertex 0.077358 -0.015255 -0.026107
endloop
endfacet
facet normal 0.411428 -0.512751 0.753534
outer loop
vertex 0.060680 -0.006942 -0.012720
vertex 0.052394 0.004393 -0.000483
vertex 0.046057 -0.003979 -0.002719
endloop
endfacet
facet normal 0.612556 0.133450 0.779080
outer loop
vertex 0.066126 0.018286 -0.008607
vertex 0.055265 0.024211 -0.001082
vertex 0.040040 0.015089 0.012451
endloop
endfacet
facet normal 0.605034 -0.139589 0.783868
outer loop
vertex 0.078140 -0.002723 -0.020128
vertex 0.076530 0.006893 -0.017173
vertex 0.040040 0.015089 0.012451
endloop
endfacet
facet normal 0.438105 -0.491971 0.752349
outer loop
vertex 0.052394 0.004393 -0.000483
vertex 0.060680 -0.006942 -0.012720
vertex 0.078140 -0.002723 -0.020128
endloop
endfacet
facet normal 0.830234 -0.032035 0.556493
outer loop
vertex 0.076530 0.006893 -0.017173
vertex 0.078140 -0.002723 -0.020128
vertex 0.079611 -0.002694 -0.022321
endloop
endfacet
facet normal 0.821654 -0.152672 0.549159
outer loop
vertex 0.078140 -0.002723 -0.020128
vertex 0.079220 -0.009387 -0.023597
vertex 0.079611 -0.002694 -0.022321
endloop
endfacet
facet normal 0.583565 -0.626411 0.516780
outer loop
vertex 0.074215 -0.022166 -0.030935
vertex 0.078088 -0.016259 -0.028149
vertex 0.077358 -0.015255 -0.026107
endloop
endfacet
facet normal 0.749937 -0.446707 0.487901
outer loop
vertex 0.077358 -0.015255 -0.026107
vertex 0.078088 -0.016259 -0.028149
vertex 0.079220 -0.009387 -0.023597
endloop
endfacet
facet normal 0.368285 -0.639153 0.675166
outer loop
vertex 0.074215 -0.022166 -0.030935
vertex 0.077358 -0.015255 -0.026107
vertex 0.070869 -0.020503 -0.027536
endloop
endfacet
facet normal 0.975388 -0.014982 -0.219986
outer loop
vertex 0.079611 -0.002694 -0.022321
vertex 0.079220 -0.009387 -0.023597
vertex 0.078088 -0.016259 -0.028149
endloop
endfacet
facet normal -0.181270 0.439445 -0.879789
outer loop
vertex 0.079611 -0.002694 -0.022321
vertex 0.074215 -0.022166 -0.030935
vertex 0.071017 -0.007548 -0.022975
endloop
endfacet
facet normal 0.071154 0.386990 -0.919334
outer loop
vertex 0.074215 -0.022166 -0.030935
vertex 0.079611 -0.002694 -0.022321
vertex 0.078088 -0.016259 -0.028149
endloop
endfacet
facet normal -0.516075 -0.435121 0.737791
outer loop
vertex -0.034192 -0.023390 0.014082
vertex -0.036439 -0.019949 0.014539
vertex -0.040970 -0.026122 0.007729
endloop
endfacet
facet normal -0.416333 0.708233 0.570151
outer loop
vertex -0.041618 0.005427 -0.001713
vertex -0.038031 0.000726 0.006746
vertex -0.033647 0.006802 0.002400
endloop
endfacet
facet normal -0.513488 -0.437474 0.738205
outer loop
vertex -0.036439 -0.019949 0.014539
vertex -0.055261 -0.024212 -0.001079
vertex -0.040970 -0.026122 0.007729
endloop
endfacet
facet normal -0.585898 -0.032021 0.809752
outer loop
vertex -0.062344 -0.020635 -0.006062
vertex -0.055261 -0.024212 -0.001079
vertex -0.069239 -0.015427 -0.010846
endloop
endfacet
facet normal -0.544294 0.510222 0.665896
outer loop
vertex -0.051176 -0.006290 0.001377
vertex -0.040214 -0.006871 0.010783
vertex -0.038031 0.000726 0.006746
endloop
endfacet
facet normal -0.272546 0.730811 0.625807
outer loop
vertex -0.074215 0.022166 -0.030935
vertex -0.070869 0.020503 -0.027536
vertex -0.068678 0.025043 -0.031884
endloop
endfacet
facet normal -0.124894 0.716992 0.685802
outer loop
vertex -0.070869 0.020503 -0.027536
vertex -0.063233 0.025930 -0.031819
vertex -0.068678 0.025043 -0.031884
endloop
endfacet
facet normal 0.132954 0.850159 0.509463
outer loop
vertex -0.053317 0.024415 -0.030314
vertex -0.049063 0.019335 -0.022948
vertex -0.031722 0.017936 -0.025140
endloop
endfacet
facet normal 0.181589 0.964002 0.194231
outer loop
vertex -0.022942 0.013770 -0.012669
vertex -0.016473 0.013779 -0.018762
vertex -0.031722 0.017936 -0.025140
endloop
endfacet
facet normal 0.000000 0.960595 0.277951
outer loop
vertex -0.040881 0.014535 -0.015315
vertex -0.028451 0.012250 -0.007416
vertex -0.022942 0.013770 -0.012669
endloop
endfacet
facet normal -0.006974 0.946952 0.321300
outer loop
vertex -0.022942 0.013770 -0.012669
vertex -0.031722 0.017936 -0.025140
vertex -0.040881 0.014535 -0.015315
endloop
endfacet
facet normal 0.126232 0.895139 0.427542
outer loop
vertex -0.040881 0.014535 -0.015315
vertex -0.031722 0.017936 -0.025140
vertex -0.049063 0.019335 -0.022948
endloop
endfacet
facet normal -0.168590 0.843806 0.509480
outer loop
vertex -0.040881 0.014535 -0.015315
vertex -0.040149 0.009575 -0.006858
vertex -0.028451 0.012250 -0.007416
endloop
endfacet
facet normal -0.350417 0.849095 0.395278
outer loop
vertex -0.033647 0.006802 0.002400
vertex -0.028708 0.010769 -0.001743
vertex -0.041618 0.005427 -0.001713
endloop
endfacet
facet normal -0.251027 0.787321 0.563126
outer loop
vertex -0.041618 0.005427 -0.001713
vertex -0.040149 0.009575 -0.006858
vertex -0.050877 0.007666 -0.008970
endloop
endfacet
facet normal -0.534927 0.459839 0.708803
outer loop
vertex -0.038031 0.000726 0.006746
vertex -0.049241 0.000494 -0.001563
vertex -0.051176 -0.006290 0.001377
endloop
endfacet
facet normal -0.641325 0.132916 0.755669
outer loop
vertex -0.039875 -0.015436 0.012577
vertex -0.040214 -0.006871 0.010783
vertex -0.051176 -0.006290 0.001377
endloop
endfacet
facet normal -0.386762 0.618347 0.684151
outer loop
vertex -0.041618 0.005427 -0.001713
vertex -0.050877 0.007666 -0.008970
vertex -0.049241 0.000494 -0.001563
endloop
endfacet
facet normal -0.107095 0.853557 0.509874
outer loop
vertex -0.040149 0.009575 -0.006858
vertex -0.040881 0.014535 -0.015315
vertex -0.057308 0.013738 -0.017430
endloop
endfacet
facet normal -0.256275 0.682381 0.684602
outer loop
vertex -0.057308 0.013738 -0.017430
vertex -0.050877 0.007666 -0.008970
vertex -0.040149 0.009575 -0.006858
endloop
endfacet
facet normal -0.117096 0.779369 0.615526
outer loop
vertex -0.040881 0.014535 -0.015315
vertex -0.049063 0.019335 -0.022948
vertex -0.057308 0.013738 -0.017430
endloop
endfacet
facet normal -0.332901 0.627745 0.703642
outer loop
vertex -0.050877 0.007666 -0.008970
vertex -0.057308 0.013738 -0.017430
vertex -0.061733 0.005938 -0.012564
endloop
endfacet
facet normal -0.138970 0.726591 0.672870
outer loop
vertex -0.057308 0.013738 -0.017430
vertex -0.063233 0.025930 -0.031819
vertex -0.070869 0.020503 -0.027536
endloop
endfacet
facet normal -0.253591 0.611411 0.749578
outer loop
vertex -0.070869 0.020503 -0.027536
vertex -0.061733 0.005938 -0.012564
vertex -0.057308 0.013738 -0.017430
endloop
endfacet
facet normal -0.331382 0.640188 0.693069
outer loop
vertex -0.049241 0.000494 -0.001563
vertex -0.050877 0.007666 -0.008970
vertex -0.061733 0.005938 -0.012564
endloop
endfacet
facet normal -0.472275 0.460507 0.751591
outer loop
vertex -0.051176 -0.006290 0.001377
vertex -0.049241 0.000494 -0.001563
vertex -0.066965 -0.000766 -0.011928
endloop
endfacet
facet normal -0.615428 -0.130600 0.777298
outer loop
vertex -0.036439 -0.019949 0.014539
vertex -0.039875 -0.015436 0.012577
vertex -0.055261 -0.024212 -0.001079
endloop
endfacet
facet normal -0.427478 0.410083 0.805664
outer loop
vertex -0.076349 0.012944 -0.023886
vertex -0.066965 -0.000766 -0.011928
vertex -0.061733 0.005938 -0.012564
endloop
endfacet
facet normal -0.621125 0.088395 0.778711
outer loop
vertex -0.078552 0.002221 -0.020278
vertex -0.069239 -0.015427 -0.010846
vertex -0.039875 -0.015436 0.012577
endloop
endfacet
facet normal -0.205621 0.949139 0.238444
outer loop
vertex -0.028708 0.010769 -0.001743
vertex -0.028451 0.012250 -0.007416
vertex -0.040149 0.009575 -0.006858
endloop
endfacet
facet normal -0.321460 0.779908 0.537035
outer loop
vertex -0.040149 0.009575 -0.006858
vertex -0.041618 0.005427 -0.001713
vertex -0.028708 0.010769 -0.001743
endloop
endfacet
facet normal -0.437954 0.694026 0.571424
outer loop
vertex -0.041618 0.005427 -0.001713
vertex -0.049241 0.000494 -0.001563
vertex -0.038031 0.000726 0.006746
endloop
endfacet
facet normal 0.044052 0.834151 0.549775
outer loop
vertex -0.063233 0.025930 -0.031819
vertex -0.049063 0.019335 -0.022948
vertex -0.053317 0.024415 -0.030314
endloop
endfacet
facet normal -0.065508 0.747848 0.660631
outer loop
vertex -0.063233 0.025930 -0.031819
vertex -0.057308 0.013738 -0.017430
vertex -0.049063 0.019335 -0.022948
endloop
endfacet
facet normal -0.303544 0.583695 0.753101
outer loop
vertex -0.061733 0.005938 -0.012564
vertex -0.070869 0.020503 -0.027536
vertex -0.076349 0.012944 -0.023886
endloop
endfacet
facet normal -0.618932 -0.122241 0.775874
outer loop
vertex -0.069239 -0.015427 -0.010846
vertex -0.055261 -0.024212 -0.001079
vertex -0.039875 -0.015436 0.012577
endloop
endfacet
facet normal -0.222194 0.778584 0.586888
outer loop
vertex -0.078552 0.002221 -0.020278
vertex -0.051176 -0.006290 0.001377
vertex -0.066965 -0.000766 -0.011928
endloop
endfacet
facet normal -0.525908 0.316768 0.789354
outer loop
vertex -0.039875 -0.015436 0.012577
vertex -0.051176 -0.006290 0.001377
vertex -0.078552 0.002221 -0.020278
endloop
endfacet
facet normal -0.475763 0.443402 0.759635
outer loop
vertex -0.049241 0.000494 -0.001563
vertex -0.061733 0.005938 -0.012564
vertex -0.066965 -0.000766 -0.011928
endloop
endfacet
facet normal -0.565930 0.135939 0.813169
outer loop
vertex -0.078552 0.002221 -0.020278
vertex -0.076023 -0.007342 -0.016919
vertex -0.069239 -0.015427 -0.010846
endloop
endfacet
facet normal -0.862152 0.114910 0.493447
outer loop
vertex -0.023390 0.034192 0.014082
vertex -0.026122 0.040970 0.007729
vertex -0.023903 0.031399 0.013835
endloop
endfacet
facet normal -0.749926 -0.470515 -0.465002
outer loop
vertex -0.023903 0.031399 0.013835
vertex -0.026122 0.040970 0.007729
vertex -0.023087 0.032017 0.011893
endloop
endfacet
facet normal -0.153325 0.533273 0.831932
outer loop
vertex -0.024212 0.055261 -0.001079
vertex -0.025855 0.047840 0.003375
vertex -0.026122 0.040970 0.007729
endloop
endfacet
facet normal -0.435119 0.516075 0.737793
outer loop
vertex -0.023390 0.034192 0.014082
vertex -0.019949 0.036439 0.014539
vertex -0.026122 0.040970 0.007729
endloop
endfacet
facet normal 0.708233 0.416333 0.570152
outer loop
vertex 0.005427 0.041618 -0.001713
vertex 0.000726 0.038031 0.006746
vertex 0.006802 0.033647 0.002400
endloop
endfacet
facet normal -0.437475 0.513488 0.738205
outer loop
vertex -0.019949 0.036439 0.014539
vertex -0.024212 0.055261 -0.001079
vertex -0.026122 0.040970 0.007729
endloop
endfacet
facet normal -0.032015 0.585895 0.809755
outer loop
vertex -0.020635 0.062344 -0.006062
vertex -0.024212 0.055261 -0.001079
vertex -0.015427 0.069239 -0.010846
endloop
endfacet
facet normal 0.510222 0.544294 0.665897
outer loop
vertex -0.006290 0.051176 0.001377
vertex -0.006871 0.040214 0.010783
vertex 0.000726 0.038031 0.006746
endloop
endfacet
facet normal 0.730811 0.272547 0.625807
outer loop
vertex 0.022166 0.074215 -0.030935
vertex 0.020503 0.070869 -0.027536
vertex 0.025043 0.068678 -0.031884
endloop
endfacet
facet normal 0.716993 0.124893 0.685800
outer loop
vertex 0.020503 0.070869 -0.027536
vertex 0.025930 0.063233 -0.031819
vertex 0.025043 0.068678 -0.031884
endloop
endfacet
facet normal 0.850293 -0.133957 0.508976
outer loop
vertex 0.024415 0.053317 -0.030314
vertex 0.019335 0.049063 -0.022948
vertex 0.017951 0.031861 -0.025163
endloop
endfacet
facet normal 0.964270 -0.180921 0.193522
outer loop
vertex 0.013770 0.022942 -0.012669
vertex 0.013779 0.016473 -0.018762
vertex 0.017951 0.031861 -0.025163
endloop
endfacet
facet normal 0.960595 -0.000000 0.277950
outer loop
vertex 0.014535 0.040881 -0.015315
vertex 0.012250 0.028451 -0.007416
vertex 0.013770 0.022942 -0.012669
endloop
endfacet
facet normal 0.946760 0.007066 0.321864
outer loop
vertex 0.013770 0.022942 -0.012669
vertex 0.017951 0.031861 -0.025163
vertex 0.014535 0.040881 -0.015315
endloop
endfacet
facet normal 0.895361 -0.127013 0.426845
outer loop
vertex 0.014535 0.040881 -0.015315
vertex 0.017951 0.031861 -0.025163
vertex 0.019335 0.049063 -0.022948
endloop
endfacet
facet normal 0.843805 0.168590 0.509480
outer loop
vertex 0.014535 0.040881 -0.015315
vertex 0.009575 0.040149 -0.006858
vertex 0.012250 0.028451 -0.007416
endloop
endfacet
facet normal 0.849095 0.350418 0.395278
outer loop
vertex 0.006802 0.033647 0.002400
vertex 0.010769 0.028708 -0.001743
vertex 0.005427 0.041618 -0.001713
endloop
endfacet
facet normal 0.787321 0.251027 0.563126
outer loop
vertex 0.005427 0.041618 -0.001713
vertex 0.009575 0.040149 -0.006858
vertex 0.007666 0.050877 -0.008970
endloop
endfacet
facet normal 0.459839 0.534926 0.708803
outer loop
vertex 0.000726 0.038031 0.006746
vertex 0.000494 0.049241 -0.001563
vertex -0.006290 0.051176 0.001377
endloop
endfacet
facet normal 0.132916 0.641325 0.755669
outer loop
vertex -0.015436 0.039875 0.012577
vertex -0.006871 0.040214 0.010783
vertex -0.006290 0.051176 0.001377
endloop
endfacet
facet normal 0.618347 0.386762 0.684151
outer loop
vertex 0.005427 0.041618 -0.001713
vertex 0.007666 0.050877 -0.008970
vertex 0.000494 0.049241 -0.001563
endloop
endfacet
facet normal 0.853557 0.107094 0.509874
outer loop
vertex 0.009575 0.040149 -0.006858
vertex 0.014535 0.040881 -0.015315
vertex 0.013738 0.057308 -0.017430
endloop
endfacet
facet normal 0.682381 0.256275 0.684602
outer loop
vertex 0.013738 0.057308 -0.017430
vertex 0.007666 0.050877 -0.008970
vertex 0.009575 0.040149 -0.006858
endloop
endfacet
facet normal 0.779369 0.117096 0.615526
outer loop
vertex 0.014535 0.040881 -0.015315
vertex 0.019335 0.049063 -0.022948
vertex 0.013738 0.057308 -0.017430
endloop
endfacet
facet normal 0.627745 0.332901 0.703643
outer loop
vertex 0.007666 0.050877 -0.008970
vertex 0.013738 0.057308 -0.017430
vertex 0.005938 0.061733 -0.012564
endloop
endfacet
facet normal 0.726590 0.138970 0.672870
outer loop
vertex 0.013738 0.057308 -0.017430
vertex 0.025930 0.063233 -0.031819
vertex 0.020503 0.070869 -0.027536
endloop
endfacet
facet normal 0.611411 0.253591 0.749579
outer loop
vertex 0.020503 0.070869 -0.027536
vertex 0.005938 0.061733 -0.012564
vertex 0.013738 0.057308 -0.017430
endloop
endfacet
facet normal 0.640189 0.331382 0.693068
outer loop
vertex 0.000494 0.049241 -0.001563
vertex 0.007666 0.050877 -0.008970
vertex 0.005938 0.061733 -0.012564
endloop
endfacet
facet normal 0.460507 0.472275 0.751591
outer loop
vertex -0.006290 0.051176 0.001377
vertex 0.000494 0.049241 -0.001563
vertex -0.000766 0.066965 -0.011928
endloop
endfacet
facet normal -0.130600 0.615428 0.777298
outer loop
vertex -0.019949 0.036439 0.014539
vertex -0.015436 0.039875 0.012577
vertex -0.024212 0.055261 -0.001079
endloop
endfacet
facet normal 0.410083 0.427478 0.805664
outer loop
vertex 0.012944 0.076349 -0.023886
vertex -0.000766 0.066965 -0.011928
vertex 0.005938 0.061733 -0.012564
endloop
endfacet
facet normal 0.088395 0.621125 0.778711
outer loop
vertex 0.002221 0.078552 -0.020278
vertex -0.015427 0.069239 -0.010846
vertex -0.015436 0.039875 0.012577
endloop
endfacet
facet normal 0.949139 0.205621 0.238444
outer loop
vertex 0.010769 0.028708 -0.001743
vertex 0.012250 0.028451 -0.007416
vertex 0.009575 0.040149 -0.006858
endloop
endfacet
facet normal 0.779908 0.321460 0.537035
outer loop
vertex 0.009575 0.040149 -0.006858
vertex 0.005427 0.041618 -0.001713
vertex 0.010769 0.028708 -0.001743
endloop
endfacet
facet normal 0.694026 0.437954 0.571423
outer loop
vertex 0.005427 0.041618 -0.001713
vertex 0.000494 0.049241 -0.001563
vertex 0.000726 0.038031 0.006746
endloop
endfacet
facet normal 0.834150 -0.044052 0.549775
outer loop
vertex 0.025930 0.063233 -0.031819
vertex 0.019335 0.049063 -0.022948
vertex 0.024415 0.053317 -0.030314
endloop
endfacet
facet normal 0.747848 0.065508 0.660630
outer loop
vertex 0.025930 0.063233 -0.031819
vertex 0.013738 0.057308 -0.017430
vertex 0.019335 0.049063 -0.022948
endloop
endfacet
facet normal 0.583695 0.303544 0.753101
outer loop
vertex 0.005938 0.061733 -0.012564
vertex 0.020503 0.070869 -0.027536
vertex 0.012944 0.076349 -0.023886
endloop
endfacet
facet normal -0.122241 0.618932 0.775874
outer loop
vertex -0.015427 0.069239 -0.010846
vertex -0.024212 0.055261 -0.001079
vertex -0.015436 0.039875 0.012577
endloop
endfacet
facet normal 0.778582 0.222194 0.586890
outer loop
vertex 0.002221 0.078552 -0.020278
vertex -0.006290 0.051176 0.001377
vertex -0.000766 0.066965 -0.011928
endloop
endfacet
facet normal 0.316768 0.525908 0.789353
outer loop
vertex -0.015436 0.039875 0.012577
vertex -0.006290 0.051176 0.001377
vertex 0.002221 0.078552 -0.020278
endloop
endfacet
facet normal 0.443401 0.475763 0.759635
outer loop
vertex 0.000494 0.049241 -0.001563
vertex 0.005938 0.061733 -0.012564
vertex -0.000766 0.066965 -0.011928
endloop
endfacet
facet normal 0.135939 0.565932 0.813167
outer loop
vertex 0.002221 0.078552 -0.020278
vertex -0.007342 0.076023 -0.016919
vertex -0.015427 0.069239 -0.010846
endloop
endfacet
facet normal 0.024769 0.763437 0.645407
outer loop
vertex -0.007342 0.076023 -0.016919
vertex 0.002221 0.078552 -0.020278
vertex -0.000970 0.078863 -0.020523
endloop
endfacet
facet normal 0.064025 0.934187 0.350993
outer loop
vertex -0.000970 0.078863 -0.020523
vertex 0.002221 0.078552 -0.020278
vertex 0.009571 0.079617 -0.024451
endloop
endfacet
facet normal 0.366785 0.479763 0.797055
outer loop
vertex -0.000766 0.066965 -0.011928
vertex 0.012944 0.076349 -0.023886
vertex 0.002221 0.078552 -0.020278
endloop
endfacet
facet normal 0.480964 0.606039 0.633553
outer loop
vertex 0.009571 0.079617 -0.024451
vertex 0.012944 0.076349 -0.023886
vertex 0.016849 0.077903 -0.028337
endloop
endfacet
facet normal 0.609797 0.395014 0.687104
outer loop
vertex 0.022166 0.074215 -0.030935
vertex 0.016849 0.077903 -0.028337
vertex 0.020503 0.070869 -0.027536
endloop
endfacet
facet normal 0.616425 0.397609 0.679652
outer loop
vertex 0.020503 0.070869 -0.027536
vertex 0.016849 0.077903 -0.028337
vertex 0.012944 0.076349 -0.023886
endloop
endfacet
facet normal 0.366589 0.512683 0.776382
outer loop
vertex 0.002221 0.078552 -0.020278
vertex 0.012944 0.076349 -0.023886
vertex 0.009571 0.079617 -0.024451
endloop
endfacet
facet normal -0.435071 -0.197806 -0.878400
outer loop
vertex -0.000970 0.078863 -0.020523
vertex 0.022166 0.074215 -0.030935
vertex 0.007548 0.071017 -0.022975
endloop
endfacet
facet normal -0.341375 0.436977 -0.832174
outer loop
vertex -0.000970 0.078863 -0.020523
vertex 0.009571 0.079617 -0.024451
vertex 0.016849 0.077903 -0.028337
endloop
endfacet
facet normal -0.397321 0.071757 -0.914870
outer loop
vertex 0.022166 0.074215 -0.030935
vertex -0.000970 0.078863 -0.020523
vertex 0.016849 0.077903 -0.028337
endloop
endfacet
facet normal -0.418876 -0.282296 -0.863048
outer loop
vertex -0.020635 0.062344 -0.006062
vertex -0.015427 0.069239 -0.010846
vertex -0.007093 0.056927 -0.010863
endloop
endfacet
facet normal -0.479893 -0.088468 -0.872855
outer loop
vertex 0.025043 0.068678 -0.031884
vertex 0.025930 0.063233 -0.031819
vertex 0.017983 0.058159 -0.026936
endloop
endfacet
facet normal -0.522094 -0.003152 -0.852882
outer loop
vertex 0.025930 0.063233 -0.031819
vertex 0.018874 0.037438 -0.027405
vertex 0.017983 0.058159 -0.026936
endloop
endfacet
facet normal -0.732871 -0.077406 -0.675950
outer loop
vertex 0.013075 0.020005 -0.021289
vertex -0.003737 0.030800 -0.004297
vertex 0.007615 0.040814 -0.017751
endloop
endfacet
facet normal -0.686397 -0.234452 -0.688398
outer loop
vertex -0.003737 0.030800 -0.004297
vertex -0.009430 0.033581 0.000432
vertex -0.003893 0.043534 -0.008478
endloop
endfacet
facet normal -0.560484 -0.403891 -0.723001
outer loop
vertex -0.016424 0.042304 0.000981
vertex -0.009430 0.033581 0.000432
vertex -0.023087 0.032017 0.011893
endloop
endfacet
facet normal -0.432645 -0.384463 -0.815480
outer loop
vertex -0.007093 0.056927 -0.010863
vertex -0.016424 0.042304 0.000981
vertex -0.025855 0.047840 0.003375
endloop
endfacet
facet normal -0.547929 -0.271796 -0.791139
outer loop
vertex 0.007561 0.051355 -0.019098
vertex -0.003893 0.043534 -0.008478
vertex -0.007093 0.056927 -0.010863
endloop
endfacet
facet normal -0.529998 -0.164370 -0.831916
outer loop
vertex 0.007548 0.071017 -0.022975
vertex 0.007561 0.051355 -0.019098
vertex -0.007093 0.056927 -0.010863
endloop
endfacet
facet normal -0.657943 -0.044862 -0.751731
outer loop
vertex 0.018874 0.037438 -0.027405
vertex 0.013075 0.020005 -0.021289
vertex 0.007615 0.040814 -0.017751
endloop
endfacet
facet normal -0.551263 -0.108501 -0.827246
outer loop
vertex 0.017983 0.058159 -0.026936
vertex 0.007615 0.040814 -0.017751
vertex 0.007561 0.051355 -0.019098
endloop
endfacet
facet normal -0.436312 -0.359897 -0.824685
outer loop
vertex -0.024212 0.055261 -0.001079
vertex -0.020635 0.062344 -0.006062
vertex -0.007093 0.056927 -0.010863
endloop
endfacet
facet normal -0.415303 -0.279874 -0.865560
outer loop
vertex -0.007342 0.076023 -0.016919
vertex -0.007093 0.056927 -0.010863
vertex -0.015427 0.069239 -0.010846
endloop
endfacet
facet normal -0.440398 -0.276579 -0.854139
outer loop
vertex -0.007093 0.056927 -0.010863
vertex -0.007342 0.076023 -0.016919
vertex 0.007548 0.071017 -0.022975
endloop
endfacet
facet normal -0.422044 -0.180536 -0.888418
outer loop
vertex -0.000970 0.078863 -0.020523
vertex 0.007548 0.071017 -0.022975
vertex -0.007342 0.076023 -0.016919
endloop
endfacet
facet normal -0.462315 -0.103913 -0.880606
outer loop
vertex 0.007548 0.071017 -0.022975
vertex 0.025043 0.068678 -0.031884
vertex 0.017983 0.058159 -0.026936
endloop
endfacet
facet normal -0.461366 -0.088520 -0.882783
outer loop
vertex 0.025043 0.068678 -0.031884
vertex 0.007548 0.071017 -0.022975
vertex 0.022166 0.074215 -0.030935
endloop
endfacet
facet normal -0.448338 -0.497409 -0.742682
outer loop
vertex -0.016424 0.042304 0.000981
vertex -0.023087 0.032017 0.011893
vertex -0.026122 0.040970 0.007729
endloop
endfacet
facet normal -0.533258 -0.379999 -0.755802
outer loop
vertex -0.009430 0.033581 0.000432
vertex -0.016424 0.042304 0.000981
vertex -0.003893 0.043534 -0.008478
endloop
endfacet
facet normal -0.462997 -0.461608 -0.756672
outer loop
vertex -0.025855 0.047840 0.003375
vertex -0.016424 0.042304 0.000981
vertex -0.026122 0.040970 0.007729
endloop
endfacet
facet normal -0.562324 -0.273329 -0.780438
outer loop
vertex -0.016424 0.042304 0.000981
vertex -0.007093 0.056927 -0.010863
vertex -0.003893 0.043534 -0.008478
endloop
endfacet
facet normal -0.426862 -0.394023 -0.813962
outer loop
vertex -0.007093 0.056927 -0.010863
vertex -0.025855 0.047840 0.003375
vertex -0.024212 0.055261 -0.001079
endloop
endfacet
facet normal -0.642761 -0.246086 -0.725466
outer loop
vertex 0.007615 0.040814 -0.017751
vertex -0.003737 0.030800 -0.004297
vertex -0.003893 0.043534 -0.008478
endloop
endfacet
facet normal -0.638589 -0.100725 -0.762928
outer loop
vertex 0.007561 0.051355 -0.019098
vertex 0.007615 0.040814 -0.017751
vertex -0.003893 0.043534 -0.008478
endloop
endfacet
facet normal -0.652727 -0.010925 -0.757515
outer loop
vertex 0.007615 0.040814 -0.017751
vertex 0.017983 0.058159 -0.026936
vertex 0.018874 0.037438 -0.027405
endloop
endfacet
facet normal -0.521513 -0.165378 -0.837063
outer loop
vertex 0.007561 0.051355 -0.019098
vertex 0.007548 0.071017 -0.022975
vertex 0.017983 0.058159 -0.026936
endloop
endfacet
facet normal 0.268957 -0.397298 -0.877392
outer loop
vertex 0.018874 0.037438 -0.027405
vertex 0.017951 0.031861 -0.025163
vertex 0.013075 0.020005 -0.021289
endloop
endfacet
facet normal 0.481040 -0.444699 -0.755542
outer loop
vertex 0.013779 0.016473 -0.018762
vertex 0.013075 0.020005 -0.021289
vertex 0.017951 0.031861 -0.025163
endloop
endfacet
facet normal 0.715407 -0.359387 -0.599194
outer loop
vertex 0.017951 0.031861 -0.025163
vertex 0.018874 0.037438 -0.027405
vertex 0.024415 0.053317 -0.030314
endloop
endfacet
facet normal -0.157025 -0.124713 -0.979689
outer loop
vertex 0.024415 0.053317 -0.030314
vertex 0.018874 0.037438 -0.027405
vertex 0.025930 0.063233 -0.031819
endloop
endfacet
facet normal -0.846544 -0.386098 -0.366458
outer loop
vertex -0.016040 -0.019423 -0.006896
vertex -0.014037 -0.012297 -0.019032
vertex -0.014514 -0.020633 -0.009147
endloop
endfacet
facet normal -0.992109 -0.068070 -0.105292
outer loop
vertex -0.014037 -0.012297 -0.019032
vertex -0.013779 -0.016473 -0.018762
vertex -0.014514 -0.020633 -0.009147
endloop
endfacet
facet normal 0.249767 -0.960019 0.126416
outer loop
vertex 0.018321 -0.036050 0.020711
vertex 0.016701 -0.037059 0.016247
vertex 0.019949 -0.036439 0.014539
endloop
endfacet
facet normal 0.217318 -0.937010 0.273469
outer loop
vertex 0.011029 -0.039048 0.013938
vertex 0.016701 -0.037059 0.016247
vertex 0.011235 -0.038114 0.016977
endloop
endfacet
facet normal -0.011454 -0.999900 -0.008276
outer loop
vertex 0.002388 -0.037972 0.012151
vertex 0.011235 -0.038114 0.016977
vertex 0.002262 -0.038004 0.016102
endloop
endfacet
facet normal -0.544210 -0.774683 0.322028
outer loop
vertex 0.002388 -0.037972 0.012151
vertex -0.006904 -0.033130 0.008098
vertex -0.000726 -0.038031 0.006746
endloop
endfacet
facet normal -0.636304 -0.765678 -0.094103
outer loop
vertex -0.010769 -0.028708 -0.001743
vertex -0.006904 -0.033130 0.008098
vertex -0.013257 -0.027145 0.002360
endloop
endfacet
facet normal -0.795394 -0.604724 0.040697
outer loop
vertex -0.006904 -0.033130 0.008098
vertex -0.010769 -0.028708 -0.001743
vertex -0.006802 -0.033647 0.002400
endloop
endfacet
facet normal -0.612242 -0.788342 0.060633
outer loop
vertex -0.006802 -0.033647 0.002400
vertex -0.000726 -0.038031 0.006746
vertex -0.006904 -0.033130 0.008098
endloop
endfacet
facet normal 0.339049 -0.936576 0.088721
outer loop
vertex 0.018321 -0.036050 0.020711
vertex 0.012955 -0.038041 0.020199
vertex 0.016701 -0.037059 0.016247
endloop
endfacet
facet normal 0.179415 -0.981014 -0.073635
outer loop
vertex 0.011235 -0.038114 0.016977
vertex 0.016701 -0.037059 0.016247
vertex 0.012955 -0.038041 0.020199
endloop
endfacet
facet normal 0.397033 -0.789104 0.468701
outer loop
vertex 0.015436 -0.039875 0.012577
vertex 0.019949 -0.036439 0.014539
vertex 0.016701 -0.037059 0.016247
endloop
endfacet
facet normal 0.035692 -0.798746 0.600609
outer loop
vertex 0.016701 -0.037059 0.016247
vertex 0.011029 -0.039048 0.013938
vertex 0.015436 -0.039875 0.012577
endloop
endfacet
facet normal -0.015248 -0.999413 0.030681
outer loop
vertex 0.012955 -0.038041 0.020199
vertex 0.002262 -0.038004 0.016102
vertex 0.011235 -0.038114 0.016977
endloop
endfacet
facet normal -0.454676 -0.890397 -0.021494
outer loop
vertex 0.002262 -0.038004 0.016102
vertex -0.006904 -0.033130 0.008098
vertex 0.002388 -0.037972 0.012151
endloop
endfacet
facet normal -0.178809 -0.936924 0.300335
outer loop
vertex 0.011029 -0.039048 0.013938
vertex 0.011235 -0.038114 0.016977
vertex 0.002388 -0.037972 0.012151
endloop
endfacet
facet normal -0.047785 -0.914891 0.400862
outer loop
vertex 0.011029 -0.039048 0.013938
vertex 0.006871 -0.040214 0.010783
vertex 0.015436 -0.039875 0.012577
endloop
endfacet
facet normal -0.217443 -0.787092 0.577239
outer loop
vertex 0.006871 -0.040214 0.010783
vertex 0.011029 -0.039048 0.013938
vertex 0.002388 -0.037972 0.012151
endloop
endfacet
facet normal -0.378852 -0.896911 0.228084
outer loop
vertex -0.000726 -0.038031 0.006746
vertex 0.006871 -0.040214 0.010783
vertex 0.002388 -0.037972 0.012151
endloop
endfacet
facet normal -0.775956 -0.579175 -0.249895
outer loop
vertex -0.013257 -0.027145 0.002360
vertex -0.016040 -0.019423 -0.006896
vertex -0.010769 -0.028708 -0.001743
endloop
endfacet
facet normal -0.787842 -0.572809 -0.226264
outer loop
vertex -0.014514 -0.020633 -0.009147
vertex -0.010769 -0.028708 -0.001743
vertex -0.016040 -0.019423 -0.006896
endloop
endfacet
facet normal -0.945950 -0.221498 0.236892
outer loop
vertex -0.010769 -0.028708 -0.001743
vertex -0.014514 -0.020633 -0.009147
vertex -0.012250 -0.028451 -0.007416
endloop
endfacet
facet normal -0.959318 -0.281758 -0.017908
outer loop
vertex -0.014514 -0.020633 -0.009147
vertex -0.013770 -0.022942 -0.012669
vertex -0.012250 -0.028451 -0.007416
endloop
endfacet
facet normal -0.984257 -0.121903 -0.127979
outer loop
vertex -0.014514 -0.020633 -0.009147
vertex -0.013779 -0.016473 -0.018762
vertex -0.013770 -0.022942 -0.012669
endloop
endfacet
facet normal 0.542251 -0.839813 -0.026046
outer loop
vertex 0.023437 -0.032732 0.020264
vertex 0.018321 -0.036050 0.020711
vertex 0.023819 -0.032341 0.015597
endloop
endfacet
facet normal 0.679262 -0.699093 0.223320
outer loop
vertex 0.018321 -0.036050 0.020711
vertex 0.019949 -0.036439 0.014539
vertex 0.023819 -0.032341 0.015597
endloop
endfacet
facet normal 0.936857 -0.346457 0.047604
outer loop
vertex 0.025578 -0.027616 0.015370
vertex 0.023437 -0.032732 0.020264
vertex 0.023819 -0.032341 0.015597
endloop
endfacet
facet normal 0.485878 -0.618226 0.617834
outer loop
vertex 0.023819 -0.032341 0.015597
vertex 0.019949 -0.036439 0.014539
vertex 0.023390 -0.034192 0.014082
endloop
endfacet
facet normal 0.981364 -0.184983 -0.052024
outer loop
vertex 0.023390 -0.034192 0.014082
vertex 0.023903 -0.031399 0.013835
vertex 0.023819 -0.032341 0.015597
endloop
endfacet
facet normal 0.925181 -0.351273 -0.143693
outer loop
vertex 0.023903 -0.031399 0.013835
vertex 0.025578 -0.027616 0.015370
vertex 0.023819 -0.032341 0.015597
endloop
endfacet
facet normal 0.016291 -0.765195 -0.643592
outer loop
vertex -0.008009 -0.012919 -0.024957
vertex -0.002012 -0.019745 -0.016690
vertex -0.008857 -0.015369 -0.022066
endloop
endfacet
facet normal 0.520158 -0.320706 -0.791570
outer loop
vertex -0.011078 -0.017176 -0.021123
vertex -0.003586 -0.022244 -0.014146
vertex -0.013075 -0.020005 -0.021289
endloop
endfacet
facet normal 0.761471 -0.075940 -0.643735
outer loop
vertex 0.025578 -0.027616 0.015370
vertex 0.023903 -0.031399 0.013835
vertex 0.018484 -0.027437 0.006957
endloop
endfacet
facet normal 0.824022 0.338705 -0.454166
outer loop
vertex 0.018484 -0.027437 0.006957
vertex 0.023903 -0.031399 0.013835
vertex 0.023087 -0.032017 0.011893
endloop
endfacet
facet normal 0.065049 -0.731753 -0.678459
outer loop
vertex -0.003586 -0.022244 -0.014146
vertex -0.008857 -0.015369 -0.022066
vertex -0.002012 -0.019745 -0.016690
endloop
endfacet
facet normal 0.246715 -0.763303 -0.597076
outer loop
vertex -0.002012 -0.019745 -0.016690
vertex 0.002915 -0.025574 -0.007202
vertex -0.003586 -0.022244 -0.014146
endloop
endfacet
facet normal 0.227338 -0.655425 -0.720233
outer loop
vertex -0.008857 -0.015369 -0.022066
vertex -0.003586 -0.022244 -0.014146
vertex -0.011078 -0.017176 -0.021123
endloop
endfacet
facet normal 0.553870 -0.336279 -0.761673
outer loop
vertex 0.002915 -0.025574 -0.007202
vertex 0.003737 -0.030800 -0.004297
vertex -0.013075 -0.020005 -0.021289
endloop
endfacet
facet normal 0.620819 -0.304035 -0.722597
outer loop
vertex 0.002915 -0.025574 -0.007202
vertex 0.018484 -0.027437 0.006957
vertex 0.003737 -0.030800 -0.004297
endloop
endfacet
facet normal 0.642071 0.010746 -0.766570
outer loop
vertex 0.003737 -0.030800 -0.004297
vertex 0.023087 -0.032017 0.011893
vertex 0.009430 -0.033581 0.000432
endloop
endfacet
facet normal 0.303578 -0.716624 -0.627926
outer loop
vertex -0.003586 -0.022244 -0.014146
vertex 0.002915 -0.025574 -0.007202
vertex -0.013075 -0.020005 -0.021289
endloop
endfacet
facet normal 0.622690 -0.191692 -0.758625
outer loop
vertex 0.023087 -0.032017 0.011893
vertex 0.003737 -0.030800 -0.004297
vertex 0.018484 -0.027437 0.006957
endloop
endfacet
facet normal -0.756019 -0.088574 -0.648529
outer loop
vertex -0.012371 -0.015245 -0.020571
vertex -0.013779 -0.016473 -0.018762
vertex -0.014037 -0.012297 -0.019032
endloop
endfacet
facet normal -0.723276 -0.049033 -0.688816
outer loop
vertex -0.010836 -0.013006 -0.022343
vertex -0.012371 -0.015245 -0.020571
vertex -0.014037 -0.012297 -0.019032
endloop
endfacet
facet normal -0.834523 0.200766 -0.513094
outer loop
vertex -0.013075 -0.020005 -0.021289
vertex -0.013779 -0.016473 -0.018762
vertex -0.012371 -0.015245 -0.020571
endloop
endfacet
facet normal -0.561198 -0.542900 -0.624753
outer loop
vertex -0.010836 -0.013006 -0.022343
vertex -0.008009 -0.012919 -0.024957
vertex -0.008857 -0.015369 -0.022066
endloop
endfacet
facet normal -0.185419 -0.265930 -0.945992
outer loop
vertex -0.010836 -0.013006 -0.022343
vertex -0.008857 -0.015369 -0.022066
vertex -0.011078 -0.017176 -0.021123
endloop
endfacet
facet normal -0.610906 -0.189338 -0.768730
outer loop
vertex -0.011078 -0.017176 -0.021123
vertex -0.012371 -0.015245 -0.020571
vertex -0.010836 -0.013006 -0.022343
endloop
endfacet
facet normal -0.160503 0.170330 -0.972228
outer loop
vertex -0.013075 -0.020005 -0.021289
vertex -0.012371 -0.015245 -0.020571
vertex -0.011078 -0.017176 -0.021123
endloop
endfacet
facet normal -0.386098 0.846544 -0.366459
outer loop
vertex -0.019423 0.016040 -0.006896
vertex -0.012297 0.014037 -0.019032
vertex -0.020633 0.014514 -0.009147
endloop
endfacet
facet normal -0.068070 0.992109 -0.105292
outer loop
vertex -0.012297 0.014037 -0.019032
vertex -0.016473 0.013779 -0.018762
vertex -0.020633 0.014514 -0.009147
endloop
endfacet
facet normal -0.960019 -0.249766 0.126415
outer loop
vertex -0.036050 -0.018321 0.020711
vertex -0.037059 -0.016701 0.016247
vertex -0.036439 -0.019949 0.014539
endloop
endfacet
facet normal -0.937010 -0.217319 0.273469
outer loop
vertex -0.039048 -0.011029 0.013938
vertex -0.037059 -0.016701 0.016247
vertex -0.038114 -0.011235 0.016977
endloop
endfacet
facet normal -0.994929 -0.035461 -0.094125
outer loop
vertex -0.037972 -0.002388 0.012151
vertex -0.038114 -0.011235 0.016977
vertex -0.038405 -0.004797 0.017636
endloop
endfacet
facet normal -0.774683 0.544210 0.322028
outer loop
vertex -0.037972 -0.002388 0.012151
vertex -0.033130 0.006904 0.008098
vertex -0.038031 0.000726 0.006746
endloop
endfacet
facet normal -0.765678 0.636304 -0.094103
outer loop
vertex -0.028708 0.010769 -0.001743
vertex -0.033130 0.006904 0.008098
vertex -0.027145 0.013257 0.002360
endloop
endfacet
facet normal -0.604724 0.795395 0.040697
outer loop
vertex -0.033130 0.006904 0.008098
vertex -0.028708 0.010769 -0.001743
vertex -0.033647 0.006802 0.002400
endloop
endfacet
facet normal -0.788342 0.612243 0.060634
outer loop
vertex -0.033647 0.006802 0.002400
vertex -0.038031 0.000726 0.006746
vertex -0.033130 0.006904 0.008098
endloop
endfacet
facet normal -0.936576 -0.339049 0.088721
outer loop
vertex -0.036050 -0.018321 0.020711
vertex -0.038041 -0.012955 0.020199
vertex -0.037059 -0.016701 0.016247
endloop
endfacet
facet normal -0.981014 -0.179414 -0.073634
outer loop
vertex -0.038114 -0.011235 0.016977
vertex -0.037059 -0.016701 0.016247
vertex -0.038041 -0.012955 0.020199
endloop
endfacet
facet normal -0.789103 -0.397033 0.468701
outer loop
vertex -0.039875 -0.015436 0.012577
vertex -0.036439 -0.019949 0.014539
vertex -0.037059 -0.016701 0.016247
endloop
endfacet
facet normal -0.798746 -0.035692 0.600609
outer loop
vertex -0.037059 -0.016701 0.016247
vertex -0.039048 -0.011029 0.013938
vertex -0.039875 -0.015436 0.012577
endloop
endfacet
facet normal -0.998981 -0.045111 -0.001546
outer loop
vertex -0.038041 -0.012955 0.020199
vertex -0.038405 -0.004797 0.017636
vertex -0.038114 -0.011235 0.016977
endloop
endfacet
facet normal -0.954991 0.291892 0.052831
outer loop
vertex -0.036892 0.000771 0.014229
vertex -0.037972 -0.002388 0.012151
vertex -0.038405 -0.004797 0.017636
endloop
endfacet
facet normal -0.902003 0.405689 -0.147673
outer loop
vertex -0.036892 0.000771 0.014229
vertex -0.033130 0.006904 0.008098
vertex -0.037972 -0.002388 0.012151
endloop
endfacet
facet normal -0.936924 0.178809 0.300336
outer loop
vertex -0.039048 -0.011029 0.013938
vertex -0.038114 -0.011235 0.016977
vertex -0.037972 -0.002388 0.012151
endloop
endfacet
facet normal -0.914891 0.047783 0.400864
outer loop
vertex -0.039048 -0.011029 0.013938
vertex -0.040214 -0.006871 0.010783
vertex -0.039875 -0.015436 0.012577
endloop
endfacet
facet normal -0.787091 0.217444 0.577239
outer loop
vertex -0.040214 -0.006871 0.010783
vertex -0.039048 -0.011029 0.013938
vertex -0.037972 -0.002388 0.012151
endloop
endfacet
facet normal -0.896911 0.378852 0.228083
outer loop
vertex -0.038031 0.000726 0.006746
vertex -0.040214 -0.006871 0.010783
vertex -0.037972 -0.002388 0.012151
endloop
endfacet
facet normal -0.579175 0.775957 -0.249896
outer loop
vertex -0.027145 0.013257 0.002360
vertex -0.019423 0.016040 -0.006896
vertex -0.028708 0.010769 -0.001743
endloop
endfacet
facet normal -0.572808 0.787843 -0.226264
outer loop
vertex -0.020633 0.014514 -0.009147
vertex -0.028708 0.010769 -0.001743
vertex -0.019423 0.016040 -0.006896
endloop
endfacet
facet normal -0.221498 0.945950 0.236892
outer loop
vertex -0.028708 0.010769 -0.001743
vertex -0.020633 0.014514 -0.009147
vertex -0.028451 0.012250 -0.007416
endloop
endfacet
facet normal -0.281758 0.959318 -0.017908
outer loop
vertex -0.020633 0.014514 -0.009147
vertex -0.022942 0.013770 -0.012669
vertex -0.028451 0.012250 -0.007416
endloop
endfacet
facet normal -0.121903 0.984257 -0.127979
outer loop
vertex -0.020633 0.014514 -0.009147
vertex -0.016473 0.013779 -0.018762
vertex -0.022942 0.013770 -0.012669
endloop
endfacet
facet normal 0.696047 0.713014 0.084434
outer loop
vertex 0.034327 0.021307 0.020436
vertex 0.036448 0.019935 0.014540
vertex 0.032341 0.023819 0.015597
endloop
endfacet
facet normal 0.618283 0.485647 0.617959
outer loop
vertex 0.032341 0.023819 0.015597
vertex 0.036448 0.019935 0.014540
vertex 0.034194 0.023390 0.014081
endloop
endfacet
facet normal 0.184996 0.981361 -0.052031
outer loop
vertex 0.034194 0.023390 0.014081
vertex 0.031399 0.023903 0.013835
vertex 0.032341 0.023819 0.015597
endloop
endfacet
facet normal 0.141793 0.939458 -0.311950
outer loop
vertex 0.029582 0.025605 0.018134
vertex 0.031399 0.023903 0.013835
vertex 0.026527 0.024198 0.012509
endloop
endfacet
facet normal 0.413593 0.892774 -0.178592
outer loop
vertex 0.031399 0.023903 0.013835
vertex 0.029582 0.025605 0.018134
vertex 0.032341 0.023819 0.015597
endloop
endfacet
facet normal 0.626089 0.766880 0.141096
outer loop
vertex 0.029582 0.025605 0.018134
vertex 0.034327 0.021307 0.020436
vertex 0.032341 0.023819 0.015597
endloop
endfacet
facet normal 0.765200 0.016282 -0.643587
outer loop
vertex 0.012919 -0.008009 -0.024957
vertex 0.019745 -0.002012 -0.016690
vertex 0.015369 -0.008857 -0.022066
endloop
endfacet
facet normal 0.320706 0.520157 -0.791571
outer loop
vertex 0.017176 -0.011078 -0.021123
vertex 0.022244 -0.003586 -0.014146
vertex 0.020005 -0.013075 -0.021289
endloop
endfacet
facet normal 0.227359 0.696953 -0.680121
outer loop
vertex 0.026527 0.024198 0.012509
vertex 0.031399 0.023903 0.013835
vertex 0.027437 0.018484 0.006957
endloop
endfacet
facet normal -0.338706 0.824021 -0.454168
outer loop
vertex 0.027437 0.018484 0.006957
vertex 0.031399 0.023903 0.013835
vertex 0.032017 0.023087 0.011893
endloop
endfacet
facet normal 0.731753 0.065048 -0.678459
outer loop
vertex 0.022244 -0.003586 -0.014146
vertex 0.015369 -0.008857 -0.022066
vertex 0.019745 -0.002012 -0.016690
endloop
endfacet
facet normal 0.763304 0.246712 -0.597076
outer loop
vertex 0.019745 -0.002012 -0.016690
vertex 0.025574 0.002915 -0.007202
vertex 0.022244 -0.003586 -0.014146
endloop
endfacet
facet normal 0.655427 0.227338 -0.720231
outer loop
vertex 0.015369 -0.008857 -0.022066
vertex 0.022244 -0.003586 -0.014146
vertex 0.017176 -0.011078 -0.021123
endloop
endfacet
facet normal 0.336279 0.553869 -0.761673
outer loop
vertex 0.025574 0.002915 -0.007202
vertex 0.030800 0.003737 -0.004297
vertex 0.020005 -0.013075 -0.021289
endloop
endfacet
facet normal 0.304035 0.620819 -0.722597
outer loop
vertex 0.025574 0.002915 -0.007202
vertex 0.027437 0.018484 0.006957
vertex 0.030800 0.003737 -0.004297
endloop
endfacet
facet normal -0.010747 0.642071 -0.766570
outer loop
vertex 0.030800 0.003737 -0.004297
vertex 0.032017 0.023087 0.011893
vertex 0.033581 0.009430 0.000432
endloop
endfacet
facet normal 0.716624 0.303582 -0.627924
outer loop
vertex 0.022244 -0.003586 -0.014146
vertex 0.025574 0.002915 -0.007202
vertex 0.020005 -0.013075 -0.021289
endloop
endfacet
facet normal 0.191692 0.622691 -0.758624
outer loop
vertex 0.032017 0.023087 0.011893
vertex 0.030800 0.003737 -0.004297
vertex 0.027437 0.018484 0.006957
endloop
endfacet
facet normal 0.088574 -0.756019 -0.648529
outer loop
vertex 0.015245 -0.012371 -0.020571
vertex 0.016473 -0.013779 -0.018762
vertex 0.012297 -0.014037 -0.019032
endloop
endfacet
facet normal 0.049065 -0.723303 -0.688785
outer loop
vertex 0.013005 -0.010836 -0.022343
vertex 0.015245 -0.012371 -0.020571
vertex 0.012297 -0.014037 -0.019032
endloop
endfacet
facet normal -0.200765 -0.834523 -0.513094
outer loop
vertex 0.020005 -0.013075 -0.021289
vertex 0.016473 -0.013779 -0.018762
vertex 0.015245 -0.012371 -0.020571
endloop
endfacet
facet normal 0.542881 -0.561243 -0.624730
outer loop
vertex 0.013005 -0.010836 -0.022343
vertex 0.012919 -0.008009 -0.024957
vertex 0.015369 -0.008857 -0.022066
endloop
endfacet
facet normal 0.265907 -0.185443 -0.945994
outer loop
vertex 0.013005 -0.010836 -0.022343
vertex 0.015369 -0.008857 -0.022066
vertex 0.017176 -0.011078 -0.021123
endloop
endfacet
facet normal 0.189348 -0.610917 -0.768718
outer loop
vertex 0.017176 -0.011078 -0.021123
vertex 0.015245 -0.012371 -0.020571
vertex 0.013005 -0.010836 -0.022343
endloop
endfacet
facet normal -0.170330 -0.160502 -0.972228
outer loop
vertex 0.020005 -0.013075 -0.021289
vertex 0.015245 -0.012371 -0.020571
vertex 0.017176 -0.011078 -0.021123
endloop
endfacet
facet normal 0.386098 -0.846544 -0.366458
outer loop
vertex 0.019423 -0.016040 -0.006896
vertex 0.012297 -0.014037 -0.019032
vertex 0.020633 -0.014514 -0.009147
endloop
endfacet
facet normal 0.068070 -0.992109 -0.105292
outer loop
vertex 0.012297 -0.014037 -0.019032
vertex 0.016473 -0.013779 -0.018762
vertex 0.020633 -0.014514 -0.009147
endloop
endfacet
facet normal 0.857420 0.459130 -0.232445
outer loop
vertex 0.037692 0.013476 0.017380
vertex 0.034327 0.021307 0.020436
vertex 0.037630 0.015681 0.021505
endloop
endfacet
facet normal 0.915590 0.308871 0.257477
outer loop
vertex 0.034327 0.021307 0.020436
vertex 0.037059 0.016701 0.016247
vertex 0.036448 0.019935 0.014540
endloop
endfacet
facet normal 0.991246 0.122076 -0.050295
outer loop
vertex 0.038660 0.005922 0.018127
vertex 0.037692 0.013476 0.017380
vertex 0.037630 0.015681 0.021505
endloop
endfacet
facet normal 0.977797 0.205780 0.039581
outer loop
vertex 0.038662 0.009415 0.014538
vertex 0.037059 0.016701 0.016247
vertex 0.037692 0.013476 0.017380
endloop
endfacet
facet normal 0.919227 -0.339782 -0.198922
outer loop
vertex 0.033845 -0.005850 0.007068
vertex 0.037071 0.000301 0.011468
vertex 0.035809 -0.003897 0.012808
endloop
endfacet
facet normal 0.837273 -0.300111 0.457064
outer loop
vertex 0.038662 0.009415 0.014538
vertex 0.037071 0.000301 0.011468
vertex 0.039903 0.008562 0.011703
endloop
endfacet
facet normal 0.745971 -0.599175 0.290718
outer loop
vertex 0.037071 0.000301 0.011468
vertex 0.033845 -0.005850 0.007068
vertex 0.038130 -0.000862 0.006353
endloop
endfacet
facet normal 0.831232 -0.521106 -0.193655
outer loop
vertex 0.028708 -0.010769 -0.001743
vertex 0.033845 -0.005850 0.007068
vertex 0.029721 -0.011816 0.005423
endloop
endfacet
facet normal 0.542312 -0.827434 0.145778
outer loop
vertex 0.033845 -0.005850 0.007068
vertex 0.028708 -0.010769 -0.001743
vertex 0.033647 -0.006802 0.002400
endloop
endfacet
facet normal 0.761778 -0.640334 0.098323
outer loop
vertex 0.033647 -0.006802 0.002400
vertex 0.038130 -0.000862 0.006353
vertex 0.033845 -0.005850 0.007068
endloop
endfacet
facet normal 0.915459 0.280883 0.288165
outer loop
vertex 0.034327 0.021307 0.020436
vertex 0.037692 0.013476 0.017380
vertex 0.037059 0.016701 0.016247
endloop
endfacet
facet normal 0.796876 0.392816 0.459003
outer loop
vertex 0.040040 0.015089 0.012451
vertex 0.036448 0.019935 0.014540
vertex 0.037059 0.016701 0.016247
endloop
endfacet
facet normal 0.792495 0.031438 0.609067
outer loop
vertex 0.037059 0.016701 0.016247
vertex 0.038662 0.009415 0.014538
vertex 0.040040 0.015089 0.012451
endloop
endfacet
facet normal 0.980911 0.139160 0.135822
outer loop
vertex 0.038662 0.009415 0.014538
vertex 0.037692 0.013476 0.017380
vertex 0.038660 0.005922 0.018127
endloop
endfacet
facet normal 0.983605 -0.129433 -0.125568
outer loop
vertex 0.037071 0.000301 0.011468
vertex 0.038662 0.009415 0.014538
vertex 0.038660 0.005922 0.018127
endloop
endfacet
facet normal 0.958597 -0.284540 0.011332
outer loop
vertex 0.038660 0.005922 0.018127
vertex 0.035809 -0.003897 0.012808
vertex 0.037071 0.000301 0.011468
endloop
endfacet
facet normal 0.906376 -0.066811 0.417156
outer loop
vertex 0.038662 0.009415 0.014538
vertex 0.039903 0.008562 0.011703
vertex 0.040040 0.015089 0.012451
endloop
endfacet
facet normal 0.834111 -0.299207 0.463394
outer loop
vertex 0.039335 0.003920 0.009729
vertex 0.039903 0.008562 0.011703
vertex 0.037071 0.000301 0.011468
endloop
endfacet
facet normal 0.869021 -0.412168 0.273715
outer loop
vertex 0.038130 -0.000862 0.006353
vertex 0.039335 0.003920 0.009729
vertex 0.037071 0.000301 0.011468
endloop
endfacet
facet normal 0.831121 -0.547364 -0.098135
outer loop
vertex 0.035809 -0.003897 0.012808
vertex 0.029721 -0.011816 0.005423
vertex 0.033845 -0.005850 0.007068
endloop
endfacet
facet normal 0.564390 -0.801670 -0.196951
outer loop
vertex 0.029721 -0.011816 0.005423
vertex 0.019423 -0.016040 -0.006896
vertex 0.028708 -0.010769 -0.001743
endloop
endfacet
facet normal 0.572807 -0.787843 -0.226263
outer loop
vertex 0.020633 -0.014514 -0.009147
vertex 0.028708 -0.010769 -0.001743
vertex 0.019423 -0.016040 -0.006896
endloop
endfacet
facet normal 0.221498 -0.945950 0.236892
outer loop
vertex 0.028708 -0.010769 -0.001743
vertex 0.020633 -0.014514 -0.009147
vertex 0.028451 -0.012250 -0.007416
endloop
endfacet
facet normal 0.281758 -0.959318 -0.017908
outer loop
vertex 0.020633 -0.014514 -0.009147
vertex 0.022942 -0.013770 -0.012669
vertex 0.028451 -0.012250 -0.007416
endloop
endfacet
facet normal 0.121903 -0.984257 -0.127979
outer loop
vertex 0.020633 -0.014514 -0.009147
vertex 0.016473 -0.013779 -0.018762
vertex 0.022942 -0.013770 -0.012669
endloop
endfacet
facet normal -0.839814 -0.542250 -0.026045
outer loop
vertex -0.032732 -0.023437 0.020264
vertex -0.036050 -0.018321 0.020711
vertex -0.032341 -0.023819 0.015597
endloop
endfacet
facet normal -0.699093 -0.679262 0.223322
outer loop
vertex -0.036050 -0.018321 0.020711
vertex -0.036439 -0.019949 0.014539
vertex -0.032341 -0.023819 0.015597
endloop
endfacet
facet normal -0.346456 -0.936858 0.047606
outer loop
vertex -0.027616 -0.025578 0.015370
vertex -0.032732 -0.023437 0.020264
vertex -0.032341 -0.023819 0.015597
endloop
endfacet
facet normal -0.618227 -0.485877 0.617834
outer loop
vertex -0.032341 -0.023819 0.015597
vertex -0.036439 -0.019949 0.014539
vertex -0.034192 -0.023390 0.014082
endloop
endfacet
facet normal -0.184982 -0.981364 -0.052023
outer loop
vertex -0.034192 -0.023390 0.014082
vertex -0.031399 -0.023903 0.013835
vertex -0.032341 -0.023819 0.015597
endloop
endfacet
facet normal -0.351273 -0.925181 -0.143695
outer loop
vertex -0.031399 -0.023903 0.013835
vertex -0.027616 -0.025578 0.015370
vertex -0.032341 -0.023819 0.015597
endloop
endfacet
facet normal -0.765481 -0.015849 -0.643264
outer loop
vertex -0.012910 0.008006 -0.024971
vertex -0.019745 0.002012 -0.016690
vertex -0.015369 0.008857 -0.022066
endloop
endfacet
facet normal -0.320706 -0.520158 -0.791570
outer loop
vertex -0.017176 0.011078 -0.021123
vertex -0.022244 0.003586 -0.014146
vertex -0.020005 0.013075 -0.021289
endloop
endfacet
facet normal -0.075941 -0.761471 -0.643735
outer loop
vertex -0.027616 -0.025578 0.015370
vertex -0.031399 -0.023903 0.013835
vertex -0.027437 -0.018484 0.006957
endloop
endfacet
facet normal 0.338705 -0.824022 -0.454166
outer loop
vertex -0.027437 -0.018484 0.006957
vertex -0.031399 -0.023903 0.013835
vertex -0.032017 -0.023087 0.011893
endloop
endfacet
facet normal -0.731753 -0.065048 -0.678459
outer loop
vertex -0.022244 0.003586 -0.014146
vertex -0.015369 0.008857 -0.022066
vertex -0.019745 0.002012 -0.016690
endloop
endfacet
facet normal -0.763304 -0.246712 -0.597077
outer loop
vertex -0.019745 0.002012 -0.016690
vertex -0.025574 -0.002915 -0.007202
vertex -0.022244 0.003586 -0.014146
endloop
endfacet
facet normal -0.655426 -0.227338 -0.720232
outer loop
vertex -0.015369 0.008857 -0.022066
vertex -0.022244 0.003586 -0.014146
vertex -0.017176 0.011078 -0.021123
endloop
endfacet
facet normal -0.336279 -0.553870 -0.761672
outer loop
vertex -0.025574 -0.002915 -0.007202
vertex -0.030800 -0.003737 -0.004297
vertex -0.020005 0.013075 -0.021289
endloop
endfacet
facet normal -0.304035 -0.620819 -0.722597
outer loop
vertex -0.025574 -0.002915 -0.007202
vertex -0.027437 -0.018484 0.006957
vertex -0.030800 -0.003737 -0.004297
endloop
endfacet
facet normal 0.010747 -0.642071 -0.766569
outer loop
vertex -0.030800 -0.003737 -0.004297
vertex -0.032017 -0.023087 0.011893
vertex -0.033581 -0.009430 0.000432
endloop
endfacet
facet normal -0.716621 -0.303581 -0.627927
outer loop
vertex -0.022244 0.003586 -0.014146
vertex -0.025574 -0.002915 -0.007202
vertex -0.020005 0.013075 -0.021289
endloop
endfacet
facet normal -0.191692 -0.622690 -0.758624
outer loop
vertex -0.032017 -0.023087 0.011893
vertex -0.030800 -0.003737 -0.004297
vertex -0.027437 -0.018484 0.006957
endloop
endfacet
facet normal -0.088573 0.756019 -0.648529
outer loop
vertex -0.015245 0.012371 -0.020571
vertex -0.016473 0.013779 -0.018762
vertex -0.012297 0.014037 -0.019032
endloop
endfacet
facet normal -0.049032 0.723276 -0.688816
outer loop
vertex -0.013006 0.010836 -0.022343
vertex -0.015245 0.012371 -0.020571
vertex -0.012297 0.014037 -0.019032
endloop
endfacet
facet normal 0.200765 0.834523 -0.513094
outer loop
vertex -0.020005 0.013075 -0.021289
vertex -0.016473 0.013779 -0.018762
vertex -0.015245 0.012371 -0.020571
endloop
endfacet
facet normal -0.543123 0.561533 -0.624258
outer loop
vertex -0.013006 0.010836 -0.022343
vertex -0.012910 0.008006 -0.024971
vertex -0.015369 0.008857 -0.022066
endloop
endfacet
facet normal -0.265929 0.185419 -0.945992
outer loop
vertex -0.013006 0.010836 -0.022343
vertex -0.015369 0.008857 -0.022066
vertex -0.017176 0.011078 -0.021123
endloop
endfacet
facet normal -0.189338 0.610906 -0.768729
outer loop
vertex -0.017176 0.011078 -0.021123
vertex -0.015245 0.012371 -0.020571
vertex -0.013006 0.010836 -0.022343
endloop
endfacet
facet normal 0.170330 0.160502 -0.972228
outer loop
vertex -0.020005 0.013075 -0.021289
vertex -0.015245 0.012371 -0.020571
vertex -0.017176 0.011078 -0.021123
endloop
endfacet
facet normal 0.756020 0.088573 -0.648528
outer loop
vertex 0.012371 0.015245 -0.020571
vertex 0.013779 0.016473 -0.018762
vertex 0.014037 0.012297 -0.019032
endloop
endfacet
facet normal 0.723276 0.049033 -0.688816
outer loop
vertex 0.010836 0.013006 -0.022343
vertex 0.012371 0.015245 -0.020571
vertex 0.014037 0.012297 -0.019032
endloop
endfacet
facet normal 0.834523 -0.200766 -0.513094
outer loop
vertex 0.013075 0.020005 -0.021289
vertex 0.013779 0.016473 -0.018762
vertex 0.012371 0.015245 -0.020571
endloop
endfacet
facet normal 0.561600 0.543168 -0.624159
outer loop
vertex 0.010836 0.013006 -0.022343
vertex 0.008005 0.012908 -0.024974
vertex 0.008857 0.015369 -0.022066
endloop
endfacet
facet normal 0.185420 0.265930 -0.945992
outer loop
vertex 0.010836 0.013006 -0.022343
vertex 0.008857 0.015369 -0.022066
vertex 0.011078 0.017176 -0.021123
endloop
endfacet
facet normal 0.610905 0.189338 -0.768730
outer loop
vertex 0.011078 0.017176 -0.021123
vertex 0.012371 0.015245 -0.020571
vertex 0.010836 0.013006 -0.022343
endloop
endfacet
facet normal 0.160503 -0.170330 -0.972228
outer loop
vertex 0.013075 0.020005 -0.021289
vertex 0.012371 0.015245 -0.020571
vertex 0.011078 0.017176 -0.021123
endloop
endfacet
facet normal -0.015756 0.765540 -0.643196
outer loop
vertex 0.008005 0.012908 -0.024974
vertex 0.002012 0.019745 -0.016690
vertex 0.008857 0.015369 -0.022066
endloop
endfacet
facet normal -0.520157 0.320706 -0.791571
outer loop
vertex 0.011078 0.017176 -0.021123
vertex 0.003586 0.022244 -0.014146
vertex 0.013075 0.020005 -0.021289
endloop
endfacet
facet normal -0.761471 0.075940 -0.643735
outer loop
vertex -0.025578 0.027616 0.015370
vertex -0.023903 0.031399 0.013835
vertex -0.018484 0.027437 0.006957
endloop
endfacet
facet normal -0.824021 -0.338704 -0.454168
outer loop
vertex -0.018484 0.027437 0.006957
vertex -0.023903 0.031399 0.013835
vertex -0.023087 0.032017 0.011893
endloop
endfacet
facet normal -0.065048 0.731753 -0.678459
outer loop
vertex 0.003586 0.022244 -0.014146
vertex 0.008857 0.015369 -0.022066
vertex 0.002012 0.019745 -0.016690
endloop
endfacet
facet normal -0.246714 0.763304 -0.597076
outer loop
vertex 0.002012 0.019745 -0.016690
vertex -0.002915 0.025574 -0.007202
vertex 0.003586 0.022244 -0.014146
endloop
endfacet
facet normal -0.227338 0.655425 -0.720233
outer loop
vertex 0.008857 0.015369 -0.022066
vertex 0.003586 0.022244 -0.014146
vertex 0.011078 0.017176 -0.021123
endloop
endfacet
facet normal -0.553870 0.336279 -0.761672
outer loop
vertex -0.002915 0.025574 -0.007202
vertex -0.003737 0.030800 -0.004297
vertex 0.013075 0.020005 -0.021289
endloop
endfacet
facet normal -0.620819 0.304035 -0.722597
outer loop
vertex -0.002915 0.025574 -0.007202
vertex -0.018484 0.027437 0.006957
vertex -0.003737 0.030800 -0.004297
endloop
endfacet
facet normal -0.642071 -0.010746 -0.766570
outer loop
vertex -0.003737 0.030800 -0.004297
vertex -0.023087 0.032017 0.011893
vertex -0.009430 0.033581 0.000432
endloop
endfacet
facet normal -0.303577 0.716624 -0.627926
outer loop
vertex 0.003586 0.022244 -0.014146
vertex -0.002915 0.025574 -0.007202
vertex 0.013075 0.020005 -0.021289
endloop
endfacet
facet normal -0.622690 0.191693 -0.758624
outer loop
vertex -0.023087 0.032017 0.011893
vertex -0.003737 0.030800 -0.004297
vertex -0.018484 0.027437 0.006957
endloop
endfacet
facet normal -0.542251 0.839813 -0.026044
outer loop
vertex -0.023437 0.032732 0.020264
vertex -0.018321 0.036050 0.020711
vertex -0.023819 0.032341 0.015597
endloop
endfacet
facet normal -0.679262 0.699093 0.223321
outer loop
vertex -0.018321 0.036050 0.020711
vertex -0.019949 0.036439 0.014539
vertex -0.023819 0.032341 0.015597
endloop
endfacet
facet normal -0.936857 0.346456 0.047604
outer loop
vertex -0.025578 0.027616 0.015370
vertex -0.023437 0.032732 0.020264
vertex -0.023819 0.032341 0.015597
endloop
endfacet
facet normal -0.485878 0.618226 0.617834
outer loop
vertex -0.023819 0.032341 0.015597
vertex -0.019949 0.036439 0.014539
vertex -0.023390 0.034192 0.014082
endloop
endfacet
facet normal -0.981364 0.184983 -0.052024
outer loop
vertex -0.023390 0.034192 0.014082
vertex -0.023903 0.031399 0.013835
vertex -0.023819 0.032341 0.015597
endloop
endfacet
facet normal -0.925181 0.351273 -0.143693
outer loop
vertex -0.023903 0.031399 0.013835
vertex -0.025578 0.027616 0.015370
vertex -0.023819 0.032341 0.015597
endloop
endfacet
facet normal 0.846544 0.386098 -0.366458
outer loop
vertex 0.016040 0.019423 -0.006896
vertex 0.014037 0.012297 -0.019032
vertex 0.014514 0.020633 -0.009147
endloop
endfacet
facet normal 0.992109 0.068070 -0.105292
outer loop
vertex 0.014037 0.012297 -0.019032
vertex 0.013779 0.016473 -0.018762
vertex 0.014514 0.020633 -0.009147
endloop
endfacet
facet normal -0.249767 0.960019 0.126417
outer loop
vertex -0.018321 0.036050 0.020711
vertex -0.016701 0.037059 0.016247
vertex -0.019949 0.036439 0.014539
endloop
endfacet
facet normal -0.217318 0.937010 0.273469
outer loop
vertex -0.011029 0.039048 0.013938
vertex -0.016701 0.037059 0.016247
vertex -0.011235 0.038114 0.016977
endloop
endfacet
facet normal 0.011454 0.999900 -0.008276
outer loop
vertex -0.002388 0.037972 0.012151
vertex -0.011235 0.038114 0.016977
vertex -0.002262 0.038004 0.016102
endloop
endfacet
facet normal 0.544210 0.774683 0.322029
outer loop
vertex -0.002388 0.037972 0.012151
vertex 0.006904 0.033130 0.008098
vertex 0.000726 0.038031 0.006746
endloop
endfacet
facet normal 0.636304 0.765678 -0.094103
outer loop
vertex 0.010769 0.028708 -0.001743
vertex 0.006904 0.033130 0.008098
vertex 0.013257 0.027145 0.002360
endloop
endfacet
facet normal 0.795395 0.604724 0.040697
outer loop
vertex 0.006904 0.033130 0.008098
vertex 0.010769 0.028708 -0.001743
vertex 0.006802 0.033647 0.002400
endloop
endfacet
facet normal 0.612242 0.788342 0.060633
outer loop
vertex 0.006802 0.033647 0.002400
vertex 0.000726 0.038031 0.006746
vertex 0.006904 0.033130 0.008098
endloop
endfacet
facet normal -0.339049 0.936576 0.088721
outer loop
vertex -0.018321 0.036050 0.020711
vertex -0.012955 0.038041 0.020199
vertex -0.016701 0.037059 0.016247
endloop
endfacet
facet normal -0.179415 0.981014 -0.073633
outer loop
vertex -0.011235 0.038114 0.016977
vertex -0.016701 0.037059 0.016247
vertex -0.012955 0.038041 0.020199
endloop
endfacet
facet normal -0.397033 0.789104 0.468701
outer loop
vertex -0.015436 0.039875 0.012577
vertex -0.019949 0.036439 0.014539
vertex -0.016701 0.037059 0.016247
endloop
endfacet
facet normal -0.035692 0.798746 0.600609
outer loop
vertex -0.016701 0.037059 0.016247
vertex -0.011029 0.039048 0.013938
vertex -0.015436 0.039875 0.012577
endloop
endfacet
facet normal 0.015249 0.999413 0.030683
outer loop
vertex -0.012955 0.038041 0.020199
vertex -0.002262 0.038004 0.016102
vertex -0.011235 0.038114 0.016977
endloop
endfacet
facet normal 0.454677 0.890397 -0.021498
outer loop
vertex -0.002262 0.038004 0.016102
vertex 0.006904 0.033130 0.008098
vertex -0.002388 0.037972 0.012151
endloop
endfacet
facet normal 0.178809 0.936924 0.300335
outer loop
vertex -0.011029 0.039048 0.013938
vertex -0.011235 0.038114 0.016977
vertex -0.002388 0.037972 0.012151
endloop
endfacet
facet normal 0.047785 0.914891 0.400862
outer loop
vertex -0.011029 0.039048 0.013938
vertex -0.006871 0.040214 0.010783
vertex -0.015436 0.039875 0.012577
endloop
endfacet
facet normal 0.217443 0.787092 0.577239
outer loop
vertex -0.006871 0.040214 0.010783
vertex -0.011029 0.039048 0.013938
vertex -0.002388 0.037972 0.012151
endloop
endfacet
facet normal 0.378852 0.896911 0.228084
outer loop
vertex 0.000726 0.038031 0.006746
vertex -0.006871 0.040214 0.010783
vertex -0.002388 0.037972 0.012151
endloop
endfacet
facet normal 0.775956 0.579175 -0.249896
outer loop
vertex 0.013257 0.027145 0.002360
vertex 0.016040 0.019423 -0.006896
vertex 0.010769 0.028708 -0.001743
endloop
endfacet
facet normal 0.787842 0.572808 -0.226264
outer loop
vertex 0.014514 0.020633 -0.009147
vertex 0.010769 0.028708 -0.001743
vertex 0.016040 0.019423 -0.006896
endloop
endfacet
facet normal 0.945950 0.221498 0.236892
outer loop
vertex 0.010769 0.028708 -0.001743
vertex 0.014514 0.020633 -0.009147
vertex 0.012250 0.028451 -0.007416
endloop
endfacet
facet normal 0.959318 0.281758 -0.017908
outer loop
vertex 0.014514 0.020633 -0.009147
vertex 0.013770 0.022942 -0.012669
vertex 0.012250 0.028451 -0.007416
endloop
endfacet
facet normal 0.984257 0.121903 -0.127979
outer loop
vertex 0.014514 0.020633 -0.009147
vertex 0.013779 0.016473 -0.018762
vertex 0.013770 0.022942 -0.012669
endloop
endfacet
facet normal -0.900504 -0.020943 -0.434343
outer loop
vertex -0.036892 0.000771 0.014229
vertex -0.038405 -0.004797 0.017636
vertex -0.041839 -0.009832 0.024996
endloop
endfacet
facet normal -0.827595 -0.201583 -0.523880
outer loop
vertex -0.038405 -0.004797 0.017636
vertex -0.038041 -0.012955 0.020199
vertex -0.041839 -0.009832 0.024996
endloop
endfacet
facet normal -0.831902 -0.349759 -0.430821
outer loop
vertex -0.038041 -0.012955 0.020199
vertex -0.036050 -0.018321 0.020711
vertex -0.041839 -0.009832 0.024996
endloop
endfacet
facet normal -0.849438 -0.414085 -0.327091
outer loop
vertex -0.041839 -0.009832 0.024996
vertex -0.036050 -0.018321 0.020711
vertex -0.034258 -0.025384 0.024999
endloop
endfacet
facet normal -0.771187 -0.461738 -0.438257
outer loop
vertex -0.036050 -0.018321 0.020711
vertex -0.032732 -0.023437 0.020264
vertex -0.034258 -0.025384 0.024999
endloop
endfacet
facet normal -0.011600 -0.921767 -0.387570
outer loop
vertex 0.009831 -0.041839 0.024996
vertex -0.010062 -0.041589 0.024999
vertex 0.002262 -0.038004 0.016102
endloop
endfacet
facet normal -0.592549 -0.467291 -0.656144
outer loop
vertex -0.008009 -0.012919 -0.024957
vertex -0.010836 -0.013006 -0.022343
vertex -0.015061 -0.003882 -0.025025
endloop
endfacet
facet normal -0.072126 -0.886447 -0.457176
outer loop
vertex 0.002262 -0.038004 0.016102
vertex -0.010062 -0.041589 0.024999
vertex -0.006904 -0.033130 0.008098
endloop
endfacet
facet normal -0.341096 -0.813552 -0.470943
outer loop
vertex -0.006904 -0.033130 0.008098
vertex -0.010062 -0.041589 0.024999
vertex -0.013257 -0.027145 0.002360
endloop
endfacet
facet normal -0.373532 -0.805006 -0.460912
outer loop
vertex -0.010062 -0.041589 0.024999
vertex -0.024951 -0.034681 0.025000
vertex -0.013257 -0.027145 0.002360
endloop
endfacet
facet normal -0.859852 0.036690 -0.509223
outer loop
vertex -0.019745 0.002012 -0.016690
vertex -0.015061 -0.003882 -0.025025
vertex -0.025574 -0.002915 -0.007202
endloop
endfacet
facet normal -0.821762 -0.326459 -0.467045
outer loop
vertex -0.025574 -0.002915 -0.007202
vertex -0.015061 -0.003882 -0.025025
vertex -0.027437 -0.018484 0.006957
endloop
endfacet
facet normal -0.457486 -0.745627 -0.484506
outer loop
vertex -0.013257 -0.027145 0.002360
vertex -0.024951 -0.034681 0.025000
vertex -0.016040 -0.019423 -0.006896
endloop
endfacet
facet normal -0.680311 -0.478299 -0.555344
outer loop
vertex -0.010836 -0.013006 -0.022343
vertex -0.014037 -0.012297 -0.019032
vertex -0.015061 -0.003882 -0.025025
endloop
endfacet
facet normal -0.677379 -0.577549 -0.455625
outer loop
vertex -0.032732 -0.023437 0.020264
vertex -0.027616 -0.025578 0.015370
vertex -0.034258 -0.025384 0.024999
endloop
endfacet
facet normal -0.638794 -0.639506 -0.427756
outer loop
vertex -0.034258 -0.025384 0.024999
vertex -0.027616 -0.025578 0.015370
vertex -0.024951 -0.034681 0.025000
endloop
endfacet
facet normal -0.750254 -0.441676 -0.491977
outer loop
vertex -0.015061 -0.003882 -0.025025
vertex -0.014037 -0.012297 -0.019032
vertex -0.027437 -0.018484 0.006957
endloop
endfacet
facet normal -0.622878 -0.625373 -0.470034
outer loop
vertex -0.014037 -0.012297 -0.019032
vertex -0.016040 -0.019423 -0.006896
vertex -0.027437 -0.018484 0.006957
endloop
endfacet
facet normal -0.651497 -0.573082 -0.497121
outer loop
vertex -0.027437 -0.018484 0.006957
vertex -0.016040 -0.019423 -0.006896
vertex -0.027616 -0.025578 0.015370
endloop
endfacet
facet normal -0.564385 -0.672169 -0.479227
outer loop
vertex -0.024951 -0.034681 0.025000
vertex -0.027616 -0.025578 0.015370
vertex -0.016040 -0.019423 -0.006896
endloop
endfacet
facet normal -0.198491 0.827256 -0.525594
outer loop
vertex -0.002262 0.038004 0.016102
vertex -0.012955 0.038041 0.020199
vertex -0.009832 0.041840 0.024998
endloop
endfacet
facet normal -0.349759 0.831896 -0.430835
outer loop
vertex -0.012955 0.038041 0.020199
vertex -0.018321 0.036050 0.020711
vertex -0.009832 0.041840 0.024998
endloop
endfacet
facet normal -0.414094 0.849420 -0.327127
outer loop
vertex -0.009832 0.041840 0.024998
vertex -0.018321 0.036050 0.020711
vertex -0.025383 0.034259 0.024999
endloop
endfacet
facet normal -0.461738 0.771183 -0.438263
outer loop
vertex -0.018321 0.036050 0.020711
vertex -0.023437 0.032732 0.020264
vertex -0.025383 0.034259 0.024999
endloop
endfacet
facet normal -0.912873 0.011496 -0.408082
outer loop
vertex -0.041839 -0.009832 0.024996
vertex -0.041589 0.010062 0.024999
vertex -0.036892 0.000771 0.014229
endloop
endfacet
facet normal -0.467456 0.593124 -0.655506
outer loop
vertex -0.012910 0.008006 -0.024971
vertex -0.013006 0.010836 -0.022343
vertex -0.003882 0.015059 -0.025028
endloop
endfacet
facet normal -0.884667 0.084251 -0.458548
outer loop
vertex -0.036892 0.000771 0.014229
vertex -0.041589 0.010062 0.024999
vertex -0.033130 0.006904 0.008098
endloop
endfacet
facet normal -0.813551 0.341094 -0.470945
outer loop
vertex -0.033130 0.006904 0.008098
vertex -0.041589 0.010062 0.024999
vertex -0.027145 0.013257 0.002360
endloop
endfacet
facet normal -0.805003 0.373538 -0.460912
outer loop
vertex -0.041589 0.010062 0.024999
vertex -0.034681 0.024951 0.024999
vertex -0.027145 0.013257 0.002360
endloop
endfacet
facet normal 0.036699 0.859855 -0.509218
outer loop
vertex 0.002012 0.019745 -0.016690
vertex -0.003882 0.015059 -0.025028
vertex -0.002915 0.025574 -0.007202
endloop
endfacet
facet normal -0.326463 0.821758 -0.467050
outer loop
vertex -0.002915 0.025574 -0.007202
vertex -0.003882 0.015059 -0.025028
vertex -0.018484 0.027437 0.006957
endloop
endfacet
facet normal -0.745627 0.457487 -0.484505
outer loop
vertex -0.027145 0.013257 0.002360
vertex -0.034681 0.024951 0.024999
vertex -0.019423 0.016040 -0.006896
endloop
endfacet
facet normal -0.478326 0.680302 -0.555331
outer loop
vertex -0.013006 0.010836 -0.022343
vertex -0.012297 0.014037 -0.019032
vertex -0.003882 0.015059 -0.025028
endloop
endfacet
facet normal -0.577553 0.677378 -0.455622
outer loop
vertex -0.023437 0.032732 0.020264
vertex -0.025578 0.027616 0.015370
vertex -0.025383 0.034259 0.024999
endloop
endfacet
facet normal -0.639503 0.638797 -0.427754
outer loop
vertex -0.025383 0.034259 0.024999
vertex -0.025578 0.027616 0.015370
vertex -0.034681 0.024951 0.024999
endloop
endfacet
facet normal -0.441678 0.750253 -0.491977
outer loop
vertex -0.003882 0.015059 -0.025028
vertex -0.012297 0.014037 -0.019032
vertex -0.018484 0.027437 0.006957
endloop
endfacet
facet normal -0.625373 0.622878 -0.470034
outer loop
vertex -0.012297 0.014037 -0.019032
vertex -0.019423 0.016040 -0.006896
vertex -0.018484 0.027437 0.006957
endloop
endfacet
facet normal -0.573082 0.651496 -0.497121
outer loop
vertex -0.018484 0.027437 0.006957
vertex -0.019423 0.016040 -0.006896
vertex -0.025578 0.027616 0.015370
endloop
endfacet
facet normal -0.672168 0.564387 -0.479227
outer loop
vertex -0.034681 0.024951 0.024999
vertex -0.025578 0.027616 0.015370
vertex -0.019423 0.016040 -0.006896
endloop
endfacet
facet normal 0.149627 0.813000 -0.562710
outer loop
vertex -0.003882 0.015059 -0.025028
vertex 0.002012 0.019745 -0.016690
vertex 0.008005 0.012908 -0.024974
endloop
endfacet
facet normal 0.812966 -0.149456 -0.562805
outer loop
vertex 0.015068 0.003884 -0.025012
vertex 0.019745 -0.002012 -0.016690
vertex 0.012919 -0.008009 -0.024957
endloop
endfacet
facet normal -0.149529 -0.812978 -0.562768
outer loop
vertex 0.003883 -0.015064 -0.025018
vertex -0.002012 -0.019745 -0.016690
vertex -0.008009 -0.012919 -0.024957
endloop
endfacet
facet normal 0.198497 -0.827245 -0.525610
outer loop
vertex 0.002262 -0.038004 0.016102
vertex 0.012955 -0.038041 0.020199
vertex 0.009831 -0.041839 0.024996
endloop
endfacet
facet normal 0.349760 -0.831905 -0.430816
outer loop
vertex 0.012955 -0.038041 0.020199
vertex 0.018321 -0.036050 0.020711
vertex 0.009831 -0.041839 0.024996
endloop
endfacet
facet normal 0.414077 -0.849438 -0.327100
outer loop
vertex 0.009831 -0.041839 0.024996
vertex 0.018321 -0.036050 0.020711
vertex 0.025384 -0.034259 0.025000
endloop
endfacet
facet normal 0.461738 -0.771184 -0.438262
outer loop
vertex 0.018321 -0.036050 0.020711
vertex 0.023437 -0.032732 0.020264
vertex 0.025384 -0.034259 0.025000
endloop
endfacet
facet normal 0.885326 -0.005238 -0.464942
outer loop
vertex 0.038660 0.005922 0.018127
vertex 0.042186 -0.007996 0.024997
vertex 0.035809 -0.003897 0.012808
endloop
endfacet
facet normal 0.467165 -0.592622 -0.656168
outer loop
vertex 0.012919 -0.008009 -0.024957
vertex 0.013005 -0.010836 -0.022343
vertex 0.003883 -0.015064 -0.025018
endloop
endfacet
facet normal 0.845211 -0.180705 -0.502955
outer loop
vertex 0.035809 -0.003897 0.012808
vertex 0.042186 -0.007996 0.024997
vertex 0.029721 -0.011816 0.005423
endloop
endfacet
facet normal 0.816794 -0.361598 -0.449550
outer loop
vertex 0.042186 -0.007996 0.024997
vertex 0.034681 -0.024951 0.025000
vertex 0.029721 -0.011816 0.005423
endloop
endfacet
facet normal -0.036671 -0.859849 -0.509229
outer loop
vertex -0.002012 -0.019745 -0.016690
vertex 0.003883 -0.015064 -0.025018
vertex 0.002915 -0.025574 -0.007202
endloop
endfacet
facet normal 0.326451 -0.821770 -0.467037
outer loop
vertex 0.002915 -0.025574 -0.007202
vertex 0.003883 -0.015064 -0.025018
vertex 0.018484 -0.027437 0.006957
endloop
endfacet
facet normal 0.758420 -0.435863 -0.484585
outer loop
vertex 0.029721 -0.011816 0.005423
vertex 0.034681 -0.024951 0.025000
vertex 0.019423 -0.016040 -0.006896
endloop
endfacet
facet normal 0.478247 -0.680315 -0.555384
outer loop
vertex 0.013005 -0.010836 -0.022343
vertex 0.012297 -0.014037 -0.019032
vertex 0.003883 -0.015064 -0.025018
endloop
endfacet
facet normal 0.577551 -0.677378 -0.455624
outer loop
vertex 0.023437 -0.032732 0.020264
vertex 0.025578 -0.027616 0.015370
vertex 0.025384 -0.034259 0.025000
endloop
endfacet
facet normal 0.639505 -0.638795 -0.427756
outer loop
vertex 0.025384 -0.034259 0.025000
vertex 0.025578 -0.027616 0.015370
vertex 0.034681 -0.024951 0.025000
endloop
endfacet
facet normal 0.441668 -0.750259 -0.491977
outer loop
vertex 0.003883 -0.015064 -0.025018
vertex 0.012297 -0.014037 -0.019032
vertex 0.018484 -0.027437 0.006957
endloop
endfacet
facet normal 0.625372 -0.622879 -0.470034
outer loop
vertex 0.012297 -0.014037 -0.019032
vertex 0.019423 -0.016040 -0.006896
vertex 0.018484 -0.027437 0.006957
endloop
endfacet
facet normal 0.573082 -0.651497 -0.497121
outer loop
vertex 0.018484 -0.027437 0.006957
vertex 0.019423 -0.016040 -0.006896
vertex 0.025578 -0.027616 0.015370
endloop
endfacet
facet normal 0.672168 -0.564386 -0.479227
outer loop
vertex 0.034681 -0.024951 0.025000
vertex 0.025578 -0.027616 0.015370
vertex 0.019423 -0.016040 -0.006896
endloop
endfacet
facet normal -0.812993 0.149592 -0.562730
outer loop
vertex -0.015061 -0.003882 -0.025025
vertex -0.019745 0.002012 -0.016690
vertex -0.012910 0.008006 -0.024971
endloop
endfacet
facet normal 0.926154 0.050088 -0.373804
outer loop
vertex 0.042186 -0.007996 0.024997
vertex 0.038660 0.005922 0.018127
vertex 0.041109 0.011914 0.024998
endloop
endfacet
facet normal 0.810995 0.266020 -0.521076
outer loop
vertex 0.038660 0.005922 0.018127
vertex 0.037630 0.015681 0.021505
vertex 0.041109 0.011914 0.024998
endloop
endfacet
facet normal 0.827838 0.421097 -0.370624
outer loop
vertex 0.041109 0.011914 0.024998
vertex 0.037630 0.015681 0.021505
vertex 0.034259 0.025383 0.024999
endloop
endfacet
facet normal 0.832212 0.419649 -0.362378
outer loop
vertex 0.037630 0.015681 0.021505
vertex 0.034327 0.021307 0.020436
vertex 0.034259 0.025383 0.024999
endloop
endfacet
facet normal 0.707594 0.532222 -0.464812
outer loop
vertex 0.034327 0.021307 0.020436
vertex 0.029582 0.025605 0.018134
vertex 0.034259 0.025383 0.024999
endloop
endfacet
facet normal 0.011615 0.921762 -0.387582
outer loop
vertex -0.009832 0.041840 0.024998
vertex 0.010062 0.041589 0.024999
vertex -0.002262 0.038004 0.016102
endloop
endfacet
facet normal 0.593374 0.467136 -0.655508
outer loop
vertex 0.008005 0.012908 -0.024974
vertex 0.010836 0.013006 -0.022343
vertex 0.015068 0.003884 -0.025012
endloop
endfacet
facet normal 0.072127 0.886447 -0.457175
outer loop
vertex -0.002262 0.038004 0.016102
vertex 0.010062 0.041589 0.024999
vertex 0.006904 0.033130 0.008098
endloop
endfacet
facet normal 0.341096 0.813552 -0.470943
outer loop
vertex 0.006904 0.033130 0.008098
vertex 0.010062 0.041589 0.024999
vertex 0.013257 0.027145 0.002360
endloop
endfacet
facet normal 0.373533 0.805006 -0.460911
outer loop
vertex 0.010062 0.041589 0.024999
vertex 0.024950 0.034681 0.024999
vertex 0.013257 0.027145 0.002360
endloop
endfacet
facet normal 0.859845 -0.036651 -0.509238
outer loop
vertex 0.019745 -0.002012 -0.016690
vertex 0.015068 0.003884 -0.025012
vertex 0.025574 0.002915 -0.007202
endloop
endfacet
facet normal 0.821778 0.326443 -0.467029
outer loop
vertex 0.025574 0.002915 -0.007202
vertex 0.015068 0.003884 -0.025012
vertex 0.027437 0.018484 0.006957
endloop
endfacet
facet normal 0.457487 0.745627 -0.484506
outer loop
vertex 0.013257 0.027145 0.002360
vertex 0.024950 0.034681 0.024999
vertex 0.016040 0.019423 -0.006896
endloop
endfacet
facet normal 0.680345 0.478184 -0.555402
outer loop
vertex 0.010836 0.013006 -0.022343
vertex 0.014037 0.012297 -0.019032
vertex 0.015068 0.003884 -0.025012
endloop
endfacet
facet normal 0.642393 0.643108 -0.416825
outer loop
vertex 0.034259 0.025383 0.024999
vertex 0.029582 0.025605 0.018134
vertex 0.024950 0.034681 0.024999
endloop
endfacet
facet normal 0.750263 0.441661 -0.491978
outer loop
vertex 0.015068 0.003884 -0.025012
vertex 0.014037 0.012297 -0.019032
vertex 0.027437 0.018484 0.006957
endloop
endfacet
facet normal 0.622878 0.625373 -0.470034
outer loop
vertex 0.014037 0.012297 -0.019032
vertex 0.016040 0.019423 -0.006896
vertex 0.027437 0.018484 0.006957
endloop
endfacet
facet normal 0.647017 0.581783 -0.492846
outer loop
vertex 0.027437 0.018484 0.006957
vertex 0.016040 0.019423 -0.006896
vertex 0.026527 0.024198 0.012509
endloop
endfacet
facet normal 0.794319 -0.528749 -0.299135
outer loop
vertex 0.026527 0.024198 0.012509
vertex 0.016040 0.019423 -0.006896
vertex 0.029582 0.025605 0.018134
endloop
endfacet
facet normal 0.582054 0.658199 -0.477480
outer loop
vertex 0.024950 0.034681 0.024999
vertex 0.029582 0.025605 0.018134
vertex 0.016040 0.019423 -0.006896
endloop
endfacet
facet normal 0.000144 0.000237 1.000000
outer loop
vertex -0.010062 -0.041589 0.024999
vertex 0.009831 -0.041839 0.024996
vertex -0.024951 -0.034681 0.025000
endloop
endfacet
facet normal -0.000001 -0.000468 1.000000
outer loop
vertex 0.009831 -0.041839 0.024996
vertex 0.025384 -0.034259 0.025000
vertex -0.024951 -0.034681 0.025000
endloop
endfacet
facet normal -0.000005 0.000006 1.000000
outer loop
vertex -0.024951 -0.034681 0.025000
vertex 0.025384 -0.034259 0.025000
vertex -0.034258 -0.025384 0.024999
endloop
endfacet
facet normal 0.000027 0.000220 1.000000
outer loop
vertex -0.034258 -0.025384 0.024999
vertex 0.025384 -0.034259 0.025000
vertex -0.041839 -0.009832 0.024996
endloop
endfacet
facet normal -0.000038 0.000039 1.000000
outer loop
vertex 0.025384 -0.034259 0.025000
vertex 0.034681 -0.024951 0.025000
vertex -0.041839 -0.009832 0.024996
endloop
endfacet
facet normal -0.000071 -0.000124 1.000000
outer loop
vertex -0.041839 -0.009832 0.024996
vertex 0.034681 -0.024951 0.025000
vertex -0.041589 0.010062 0.024999
endloop
endfacet
facet normal -0.000027 -0.000028 1.000000
outer loop
vertex -0.041589 0.010062 0.024999
vertex 0.034681 -0.024951 0.025000
vertex -0.034681 0.024951 0.024999
endloop
endfacet
facet normal -0.000009 -0.000004 1.000000
outer loop
vertex -0.034681 0.024951 0.024999
vertex 0.034681 -0.024951 0.025000
vertex -0.025383 0.034259 0.024999
endloop
endfacet
facet normal 0.000041 0.000047 1.000000
outer loop
vertex -0.025383 0.034259 0.024999
vertex 0.034681 -0.024951 0.025000
vertex -0.009832 0.041840 0.024998
endloop
endfacet
facet normal 0.000153 0.000122 1.000000
outer loop
vertex 0.034681 -0.024951 0.025000
vertex 0.042186 -0.007996 0.024997
vertex -0.009832 0.041840 0.024998
endloop
endfacet
facet normal -0.000034 -0.000074 1.000000
outer loop
vertex 0.042186 -0.007996 0.024997
vertex 0.041109 0.011914 0.024998
vertex -0.009832 0.041840 0.024998
endloop
endfacet
facet normal -0.000078 -0.000148 1.000000
outer loop
vertex 0.041109 0.011914 0.024998
vertex 0.034259 0.025383 0.024999
vertex -0.009832 0.041840 0.024998
endloop
endfacet
facet normal -0.000028 -0.000014 1.000000
outer loop
vertex 0.034259 0.025383 0.024999
vertex 0.024950 0.034681 0.024999
vertex -0.009832 0.041840 0.024998
endloop
endfacet
facet normal -0.000004 0.000099 1.000000
outer loop
vertex 0.024950 0.034681 0.024999
vertex 0.010062 0.041589 0.024999
vertex -0.009832 0.041840 0.024998
endloop
endfacet
facet normal 0.002483 -0.011178 -0.999934
outer loop
vertex -0.003882 0.015059 -0.025028
vertex 0.008005 0.012908 -0.024974
vertex -0.012910 0.008006 -0.024971
endloop
endfacet
facet normal -0.000953 0.003481 -0.999993
outer loop
vertex 0.008005 0.012908 -0.024974
vertex 0.015068 0.003884 -0.025012
vertex -0.012910 0.008006 -0.024971
endloop
endfacet
facet normal -0.000784 0.004626 -0.999989
outer loop
vertex -0.012910 0.008006 -0.024971
vertex 0.015068 0.003884 -0.025012
vertex -0.015061 -0.003882 -0.025025
endloop
endfacet
facet normal 0.001937 -0.005930 -0.999981
outer loop
vertex -0.015061 -0.003882 -0.025025
vertex 0.015068 0.003884 -0.025012
vertex -0.008009 -0.012919 -0.024957
endloop
endfacet
facet normal -0.004591 0.003036 -0.999985
outer loop
vertex -0.008009 -0.012919 -0.024957
vertex 0.015068 0.003884 -0.025012
vertex 0.003883 -0.015064 -0.025018
endloop
endfacet
facet normal 0.012077 -0.006803 -0.999904
outer loop
vertex 0.015068 0.003884 -0.025012
vertex 0.012919 -0.008009 -0.024957
vertex 0.003883 -0.015064 -0.025018
endloop
endfacet
endsolid B4-70-14_16
