solid B4-70-14_15
facet normal 0.442421 0.163201 -0.881833
outer loop
vertex -0.012192 -0.063417 -0.023670
vertex -0.001690 -0.074404 -0.020435
vertex -0.021718 -0.068314 -0.029356
endloop
endfacet
facet normal 0.479037 0.082750 -0.873886
outer loop
vertex -0.021718 -0.068314 -0.029356
vertex -0.024232 -0.059075 -0.029859
vertex -0.012192 -0.063417 -0.023670
endloop
endfacet
facet normal 0.572587 0.008991 -0.819794
outer loop
vertex -0.011980 -0.043176 -0.021127
vertex -0.024232 -0.059075 -0.029859
vertex -0.022807 -0.049989 -0.028764
endloop
endfacet
facet normal 0.721819 0.095391 -0.685476
outer loop
vertex -0.007158 -0.024600 -0.015049
vertex 0.003445 -0.030084 -0.004647
vertex -0.004841 -0.035202 -0.014084
endloop
endfacet
facet normal 0.464045 0.445799 -0.765458
outer loop
vertex 0.024550 -0.039941 0.006369
vertex 0.023491 -0.048870 0.000527
vertex 0.018209 -0.034598 0.005637
endloop
endfacet
facet normal 0.424748 0.440395 -0.790975
outer loop
vertex 0.018209 -0.034598 0.005637
vertex 0.023491 -0.048870 0.000527
vertex 0.012770 -0.047203 -0.004302
endloop
endfacet
facet normal 0.505690 0.262810 -0.821711
outer loop
vertex 0.000592 -0.057471 -0.015081
vertex 0.004277 -0.040910 -0.007516
vertex 0.012770 -0.047203 -0.004302
endloop
endfacet
facet normal 0.576416 0.229914 -0.784145
outer loop
vertex 0.004277 -0.040910 -0.007516
vertex 0.000592 -0.057471 -0.015081
vertex -0.003991 -0.048762 -0.015896
endloop
endfacet
facet normal 0.669170 0.055415 -0.741041
outer loop
vertex -0.004841 -0.035202 -0.014084
vertex -0.011980 -0.043176 -0.021127
vertex -0.013012 -0.020029 -0.020329
endloop
endfacet
facet normal 0.429964 0.323426 -0.842928
outer loop
vertex 0.023491 -0.048870 0.000527
vertex 0.012767 -0.066547 -0.011726
vertex 0.012770 -0.047203 -0.004302
endloop
endfacet
facet normal 0.413626 0.229168 -0.881133
outer loop
vertex 0.005338 -0.072355 -0.016724
vertex 0.000592 -0.057471 -0.015081
vertex 0.012767 -0.066547 -0.011726
endloop
endfacet
facet normal 0.402383 0.226239 -0.887076
outer loop
vertex -0.001690 -0.074404 -0.020435
vertex 0.000592 -0.057471 -0.015081
vertex 0.005338 -0.072355 -0.016724
endloop
endfacet
facet normal 0.590725 0.094486 -0.801322
outer loop
vertex -0.003991 -0.048762 -0.015896
vertex -0.012192 -0.063417 -0.023670
vertex -0.011980 -0.043176 -0.021127
endloop
endfacet
facet normal 0.490337 0.178149 -0.853131
outer loop
vertex -0.012192 -0.063417 -0.023670
vertex -0.003991 -0.048762 -0.015896
vertex 0.000592 -0.057471 -0.015081
endloop
endfacet
facet normal 0.493161 0.486415 -0.721244
outer loop
vertex 0.024550 -0.039941 0.006369
vertex 0.018209 -0.034598 0.005637
vertex 0.022230 -0.031316 0.010599
endloop
endfacet
facet normal 0.532657 0.370234 -0.761054
outer loop
vertex 0.018209 -0.034598 0.005637
vertex 0.012770 -0.047203 -0.004302
vertex 0.010548 -0.033344 0.000885
endloop
endfacet
facet normal 0.555057 0.368155 -0.745905
outer loop
vertex 0.004277 -0.040910 -0.007516
vertex 0.010548 -0.033344 0.000885
vertex 0.012770 -0.047203 -0.004302
endloop
endfacet
facet normal 0.662513 0.239082 -0.709871
outer loop
vertex 0.003445 -0.030084 -0.004647
vertex 0.010548 -0.033344 0.000885
vertex 0.004277 -0.040910 -0.007516
endloop
endfacet
facet normal 0.661635 0.239219 -0.710643
outer loop
vertex 0.003445 -0.030084 -0.004647
vertex 0.004277 -0.040910 -0.007516
vertex -0.004841 -0.035202 -0.014084
endloop
endfacet
facet normal 0.609967 0.142409 -0.779525
outer loop
vertex -0.004841 -0.035202 -0.014084
vertex -0.003991 -0.048762 -0.015896
vertex -0.011980 -0.043176 -0.021127
endloop
endfacet
facet normal 0.635318 0.141285 -0.759216
outer loop
vertex 0.004277 -0.040910 -0.007516
vertex -0.003991 -0.048762 -0.015896
vertex -0.004841 -0.035202 -0.014084
endloop
endfacet
facet normal 0.704853 0.090032 -0.703616
outer loop
vertex -0.013012 -0.020029 -0.020329
vertex -0.007158 -0.024600 -0.015049
vertex -0.004841 -0.035202 -0.014084
endloop
endfacet
facet normal 0.640708 0.054999 -0.765812
outer loop
vertex -0.018705 -0.038107 -0.026390
vertex -0.013012 -0.020029 -0.020329
vertex -0.011980 -0.043176 -0.021127
endloop
endfacet
facet normal 0.594486 -0.044792 -0.802857
outer loop
vertex -0.011980 -0.043176 -0.021127
vertex -0.022807 -0.049989 -0.028764
vertex -0.018705 -0.038107 -0.026390
endloop
endfacet
facet normal 0.464350 0.317261 -0.826876
outer loop
vertex 0.000592 -0.057471 -0.015081
vertex 0.012770 -0.047203 -0.004302
vertex 0.012767 -0.066547 -0.011726
endloop
endfacet
facet normal 0.281450 0.425426 -0.860116
outer loop
vertex 0.012767 -0.066547 -0.011726
vertex 0.023491 -0.048870 0.000527
vertex 0.018167 -0.060508 -0.006972
endloop
endfacet
facet normal 0.478118 0.205542 -0.853906
outer loop
vertex 0.000592 -0.057471 -0.015081
vertex -0.001690 -0.074404 -0.020435
vertex -0.012192 -0.063417 -0.023670
endloop
endfacet
facet normal 0.484112 0.104083 -0.868793
outer loop
vertex -0.024232 -0.059075 -0.029859
vertex -0.011980 -0.043176 -0.021127
vertex -0.012192 -0.063417 -0.023670
endloop
endfacet
facet normal 0.940391 -0.019952 0.339510
outer loop
vertex 0.022408 -0.032820 0.012721
vertex 0.024550 -0.039941 0.006369
vertex 0.022788 -0.030802 0.011786
endloop
endfacet
facet normal 0.714390 0.453543 -0.532866
outer loop
vertex 0.022230 -0.031316 0.010599
vertex 0.022788 -0.030802 0.011786
vertex 0.024550 -0.039941 0.006369
endloop
endfacet
facet normal 0.476926 -0.520193 0.708478
outer loop
vertex 0.023491 -0.048870 0.000527
vertex 0.024550 -0.039941 0.006369
vertex 0.022061 -0.052944 -0.001502
endloop
endfacet
facet normal 0.808468 0.009324 -0.588466
outer loop
vertex 0.018167 -0.060508 -0.006972
vertex 0.023491 -0.048870 0.000527
vertex 0.022061 -0.052944 -0.001502
endloop
endfacet
facet normal -0.060028 -0.821330 0.567287
outer loop
vertex 0.005338 -0.072355 -0.016724
vertex -0.004708 -0.073920 -0.020052
vertex -0.001690 -0.074404 -0.020435
endloop
endfacet
facet normal -0.109088 -0.938269 0.328253
outer loop
vertex -0.001690 -0.074404 -0.020435
vertex -0.004708 -0.073920 -0.020052
vertex -0.010532 -0.074532 -0.023738
endloop
endfacet
facet normal -0.512834 -0.751759 0.414559
outer loop
vertex -0.019363 -0.071008 -0.028272
vertex -0.010532 -0.074532 -0.023738
vertex -0.011018 -0.073601 -0.022651
endloop
endfacet
facet normal -0.593777 -0.409565 0.692593
outer loop
vertex -0.011018 -0.073601 -0.022651
vertex -0.017019 -0.066745 -0.023741
vertex -0.019363 -0.071008 -0.028272
endloop
endfacet
facet normal -0.268207 -0.787636 0.554702
outer loop
vertex -0.010532 -0.074532 -0.023738
vertex -0.004708 -0.073920 -0.020052
vertex -0.011018 -0.073601 -0.022651
endloop
endfacet
facet normal 0.402725 -0.016184 -0.915178
outer loop
vertex -0.021718 -0.068314 -0.029356
vertex -0.001690 -0.074404 -0.020435
vertex -0.019363 -0.071008 -0.028272
endloop
endfacet
facet normal 0.337488 -0.301510 -0.891736
outer loop
vertex -0.010532 -0.074532 -0.023738
vertex -0.019363 -0.071008 -0.028272
vertex -0.001690 -0.074404 -0.020435
endloop
endfacet
facet normal -0.761750 0.378042 -0.526139
outer loop
vertex -0.013664 -0.016765 -0.018378
vertex -0.013768 -0.019048 -0.019867
vertex -0.018115 -0.034220 -0.024475
endloop
endfacet
facet normal -0.115829 0.348353 -0.930179
outer loop
vertex -0.013768 -0.019048 -0.019867
vertex -0.013012 -0.020029 -0.020329
vertex -0.018705 -0.038107 -0.026390
endloop
endfacet
facet normal -0.753541 0.379029 -0.537134
outer loop
vertex -0.018705 -0.038107 -0.026390
vertex -0.018115 -0.034220 -0.024475
vertex -0.013768 -0.019048 -0.019867
endloop
endfacet
facet normal -0.775377 0.369886 -0.511835
outer loop
vertex -0.018115 -0.034220 -0.024475
vertex -0.018705 -0.038107 -0.026390
vertex -0.022807 -0.049989 -0.028764
endloop
endfacet
facet normal 0.130077 -0.018560 -0.991330
outer loop
vertex -0.021718 -0.068314 -0.029356
vertex -0.023916 -0.063160 -0.029741
vertex -0.024232 -0.059075 -0.029859
endloop
endfacet
facet normal -0.977410 -0.063990 0.201434
outer loop
vertex -0.012515 -0.036123 -0.010630
vertex -0.011855 -0.027154 -0.004578
vertex -0.013850 -0.022185 -0.012679
endloop
endfacet
facet normal -0.852694 -0.247636 0.459989
outer loop
vertex -0.012515 -0.036123 -0.010630
vertex -0.008454 -0.041355 -0.005918
vertex -0.011855 -0.027154 -0.004578
endloop
endfacet
facet normal 0.431724 -0.526165 0.732642
outer loop
vertex 0.024550 -0.039941 0.006369
vertex 0.018496 -0.036035 0.012741
vertex 0.022061 -0.052944 -0.001502
endloop
endfacet
facet normal -0.160103 -0.518193 0.840145
outer loop
vertex 0.018167 -0.060508 -0.006972
vertex 0.005338 -0.072355 -0.016724
vertex 0.012767 -0.066547 -0.011726
endloop
endfacet
facet normal -0.163939 -0.604976 0.779184
outer loop
vertex 0.005338 -0.072355 -0.016724
vertex 0.006946 -0.057845 -0.005120
vertex -0.004708 -0.073920 -0.020052
endloop
endfacet
facet normal -0.579944 -0.188069 0.792650
outer loop
vertex -0.019363 -0.071008 -0.028272
vertex -0.023916 -0.063160 -0.029741
vertex -0.021718 -0.068314 -0.029356
endloop
endfacet
facet normal -0.863773 0.075444 0.498200
outer loop
vertex -0.024232 -0.059075 -0.029859
vertex -0.017269 -0.044245 -0.020032
vertex -0.022807 -0.049989 -0.028764
endloop
endfacet
facet normal -0.874240 0.133148 0.466880
outer loop
vertex -0.022807 -0.049989 -0.028764
vertex -0.017269 -0.044245 -0.020032
vertex -0.018115 -0.034220 -0.024475
endloop
endfacet
facet normal -0.933554 0.076433 0.350194
outer loop
vertex -0.017269 -0.044245 -0.020032
vertex -0.016017 -0.033489 -0.019042
vertex -0.018115 -0.034220 -0.024475
endloop
endfacet
facet normal -0.931623 0.117410 0.343937
outer loop
vertex -0.018115 -0.034220 -0.024475
vertex -0.016017 -0.033489 -0.019042
vertex -0.013664 -0.016765 -0.018378
endloop
endfacet
facet normal -0.986185 0.134940 0.096072
outer loop
vertex -0.016017 -0.033489 -0.019042
vertex -0.013850 -0.022185 -0.012679
vertex -0.013664 -0.016765 -0.018378
endloop
endfacet
facet normal -0.870350 -0.248570 0.425093
outer loop
vertex -0.007267 -0.032972 0.001415
vertex -0.011855 -0.027154 -0.004578
vertex -0.008454 -0.041355 -0.005918
endloop
endfacet
facet normal -0.926385 -0.033577 0.375077
outer loop
vertex -0.013850 -0.022185 -0.012679
vertex -0.016017 -0.033489 -0.019042
vertex -0.012515 -0.036123 -0.010630
endloop
endfacet
facet normal -0.913114 0.069307 0.401770
outer loop
vertex -0.012515 -0.036123 -0.010630
vertex -0.016017 -0.033489 -0.019042
vertex -0.017269 -0.044245 -0.020032
endloop
endfacet
facet normal -0.741089 -0.167928 0.650068
outer loop
vertex -0.016008 -0.051827 -0.018668
vertex -0.012500 -0.053280 -0.015044
vertex -0.012515 -0.036123 -0.010630
endloop
endfacet
facet normal -0.822446 -0.142443 0.550721
outer loop
vertex -0.012500 -0.053280 -0.015044
vertex -0.008454 -0.041355 -0.005918
vertex -0.012515 -0.036123 -0.010630
endloop
endfacet
facet normal -0.523905 -0.500082 0.689523
outer loop
vertex -0.003331 -0.045542 -0.002260
vertex 0.002524 -0.049639 -0.000782
vertex -0.003236 -0.036437 0.004416
endloop
endfacet
facet normal -0.384538 -0.584781 0.714256
outer loop
vertex 0.002524 -0.049639 -0.000782
vertex 0.006946 -0.057845 -0.005120
vertex 0.002459 -0.038498 0.008305
endloop
endfacet
facet normal -0.132025 -0.623619 0.770499
outer loop
vertex 0.006946 -0.057845 -0.005120
vertex 0.013627 -0.039112 0.011187
vertex 0.005085 -0.038279 0.010397
endloop
endfacet
facet normal -0.800927 -0.025583 0.598216
outer loop
vertex -0.016008 -0.051827 -0.018668
vertex -0.017269 -0.044245 -0.020032
vertex -0.023916 -0.063160 -0.029741
endloop
endfacet
facet normal -0.783674 -0.042675 0.619705
outer loop
vertex -0.024232 -0.059075 -0.029859
vertex -0.023916 -0.063160 -0.029741
vertex -0.017269 -0.044245 -0.020032
endloop
endfacet
facet normal -0.741261 -0.170526 0.649194
outer loop
vertex -0.012500 -0.053280 -0.015044
vertex -0.016008 -0.051827 -0.018668
vertex -0.017019 -0.066745 -0.023741
endloop
endfacet
facet normal -0.636306 -0.256390 0.727584
outer loop
vertex -0.007555 -0.056037 -0.011691
vertex -0.012500 -0.053280 -0.015044
vertex -0.017019 -0.066745 -0.023741
endloop
endfacet
facet normal -0.709574 -0.291561 0.641480
outer loop
vertex -0.023916 -0.063160 -0.029741
vertex -0.019363 -0.071008 -0.028272
vertex -0.017019 -0.066745 -0.023741
endloop
endfacet
facet normal -0.549812 -0.361468 0.753026
outer loop
vertex -0.007555 -0.056037 -0.011691
vertex -0.017019 -0.066745 -0.023741
vertex -0.011018 -0.073601 -0.022651
endloop
endfacet
facet normal 0.015088 -0.645144 0.763912
outer loop
vertex 0.005338 -0.072355 -0.016724
vertex 0.018167 -0.060508 -0.006972
vertex 0.013627 -0.039112 0.011187
endloop
endfacet
facet normal -0.360603 -0.441548 0.821584
outer loop
vertex -0.011018 -0.073601 -0.022651
vertex -0.004708 -0.073920 -0.020052
vertex -0.007555 -0.056037 -0.011691
endloop
endfacet
facet normal -0.222518 -0.593755 0.773266
outer loop
vertex 0.013627 -0.039112 0.011187
vertex 0.006946 -0.057845 -0.005120
vertex 0.005338 -0.072355 -0.016724
endloop
endfacet
facet normal -0.724979 -0.392450 0.566029
outer loop
vertex -0.007267 -0.032972 0.001415
vertex -0.008454 -0.041355 -0.005918
vertex -0.003331 -0.045542 -0.002260
endloop
endfacet
facet normal -0.870385 -0.056781 0.489086
outer loop
vertex -0.012515 -0.036123 -0.010630
vertex -0.017269 -0.044245 -0.020032
vertex -0.016008 -0.051827 -0.018668
endloop
endfacet
facet normal -0.646394 -0.313174 0.695770
outer loop
vertex -0.012500 -0.053280 -0.015044
vertex -0.007555 -0.056037 -0.011691
vertex -0.008454 -0.041355 -0.005918
endloop
endfacet
facet normal -0.703662 -0.296919 0.645523
outer loop
vertex -0.003331 -0.045542 -0.002260
vertex -0.008454 -0.041355 -0.005918
vertex -0.007555 -0.056037 -0.011691
endloop
endfacet
facet normal -0.741872 -0.391426 0.544437
outer loop
vertex -0.003236 -0.036437 0.004416
vertex -0.007267 -0.032972 0.001415
vertex -0.003331 -0.045542 -0.002260
endloop
endfacet
facet normal -0.603721 -0.505976 0.616044
outer loop
vertex 0.002459 -0.038498 0.008305
vertex -0.003236 -0.036437 0.004416
vertex 0.002524 -0.049639 -0.000782
endloop
endfacet
facet normal -0.481408 -0.572290 0.663875
outer loop
vertex 0.002459 -0.038498 0.008305
vertex 0.006946 -0.057845 -0.005120
vertex 0.005085 -0.038279 0.010397
endloop
endfacet
facet normal 0.145059 -0.619390 0.771566
outer loop
vertex 0.018496 -0.036035 0.012741
vertex 0.013627 -0.039112 0.011187
vertex 0.022061 -0.052944 -0.001502
endloop
endfacet
facet normal 0.434053 -0.523465 0.733200
outer loop
vertex 0.018496 -0.036035 0.012741
vertex 0.024550 -0.039941 0.006369
vertex 0.022408 -0.032820 0.012721
endloop
endfacet
facet normal -0.698358 -0.187565 0.690735
outer loop
vertex -0.017019 -0.066745 -0.023741
vertex -0.016008 -0.051827 -0.018668
vertex -0.023916 -0.063160 -0.029741
endloop
endfacet
facet normal -0.551514 -0.423758 0.718513
outer loop
vertex -0.003331 -0.045542 -0.002260
vertex -0.007555 -0.056037 -0.011691
vertex -0.004708 -0.073920 -0.020052
endloop
endfacet
facet normal -0.498146 -0.443143 0.745302
outer loop
vertex 0.002524 -0.049639 -0.000782
vertex -0.003331 -0.045542 -0.002260
vertex -0.004708 -0.073920 -0.020052
endloop
endfacet
facet normal 0.132930 -0.624792 0.769393
outer loop
vertex 0.022061 -0.052944 -0.001502
vertex 0.013627 -0.039112 0.011187
vertex 0.018167 -0.060508 -0.006972
endloop
endfacet
facet normal -0.251256 -0.554702 0.793207
outer loop
vertex 0.002524 -0.049639 -0.000782
vertex -0.004708 -0.073920 -0.020052
vertex 0.006946 -0.057845 -0.005120
endloop
endfacet
facet normal -0.030419 0.974722 0.221340
outer loop
vertex -0.033705 0.013440 -0.012455
vertex -0.027154 0.011855 -0.004578
vertex -0.022289 0.013834 -0.012623
endloop
endfacet
facet normal -0.506765 -0.433694 0.745050
outer loop
vertex -0.036433 -0.018813 0.012248
vertex -0.045355 -0.024308 0.002981
vertex -0.033114 -0.022461 0.012381
endloop
endfacet
facet normal -0.484474 0.377935 0.788955
outer loop
vertex -0.073520 0.003403 -0.019073
vertex -0.064888 0.003210 -0.013680
vertex -0.074037 0.010551 -0.022815
endloop
endfacet
facet normal -0.413020 0.461925 0.784882
outer loop
vertex -0.064888 0.003210 -0.013680
vertex -0.059480 0.008197 -0.013769
vertex -0.074037 0.010551 -0.022815
endloop
endfacet
facet normal -0.076721 0.777274 0.624467
outer loop
vertex -0.061519 0.024111 -0.029970
vertex -0.050749 0.015581 -0.018030
vertex -0.058192 0.024302 -0.029798
endloop
endfacet
facet normal 0.069672 0.855787 0.512615
outer loop
vertex -0.058192 0.024302 -0.029798
vertex -0.043676 0.016922 -0.019452
vertex -0.048641 0.022540 -0.028156
endloop
endfacet
facet normal 0.146447 0.867100 0.476122
outer loop
vertex -0.048641 0.022540 -0.028156
vertex -0.043676 0.016922 -0.019452
vertex -0.032083 0.017560 -0.024179
endloop
endfacet
facet normal 0.118125 0.942041 0.314014
outer loop
vertex -0.032083 0.017560 -0.024179
vertex -0.033291 0.015971 -0.018957
vertex -0.017414 0.013833 -0.018515
endloop
endfacet
facet normal 0.129767 0.985738 0.107148
outer loop
vertex -0.033291 0.015971 -0.018957
vertex -0.022289 0.013834 -0.012623
vertex -0.017414 0.013833 -0.018515
endloop
endfacet
facet normal -0.231793 0.867840 0.439461
outer loop
vertex -0.032972 0.007267 0.001415
vertex -0.027154 0.011855 -0.004578
vertex -0.037205 0.010864 -0.007922
endloop
endfacet
facet normal -0.026895 0.932117 0.361158
outer loop
vertex -0.022289 0.013834 -0.012623
vertex -0.033291 0.015971 -0.018957
vertex -0.033705 0.013440 -0.012455
endloop
endfacet
facet normal 0.067633 0.928282 0.365676
outer loop
vertex -0.033705 0.013440 -0.012455
vertex -0.033291 0.015971 -0.018957
vertex -0.043676 0.016922 -0.019452
endloop
endfacet
facet normal -0.028134 0.878300 0.477281
outer loop
vertex -0.043676 0.016922 -0.019452
vertex -0.037205 0.010864 -0.007922
vertex -0.033705 0.013440 -0.012455
endloop
endfacet
facet normal -0.522315 0.483132 0.702688
outer loop
vertex -0.048219 -0.000769 -0.000754
vertex -0.039600 -0.006302 0.009457
vertex -0.037383 0.001612 0.005664
endloop
endfacet
facet normal -0.601759 0.369394 0.708120
outer loop
vertex -0.048219 -0.000769 -0.000754
vertex -0.054529 -0.008559 -0.002052
vertex -0.039600 -0.006302 0.009457
endloop
endfacet
facet normal -0.617670 0.169527 0.767948
outer loop
vertex -0.054529 -0.008559 -0.002052
vertex -0.038848 -0.013121 0.011567
vertex -0.039600 -0.006302 0.009457
endloop
endfacet
facet normal -0.627465 -0.145209 0.764985
outer loop
vertex -0.064630 -0.014978 -0.009932
vertex -0.053342 -0.022104 -0.002027
vertex -0.038848 -0.013121 0.011567
endloop
endfacet
facet normal -0.641831 0.072832 0.763379
outer loop
vertex -0.054529 -0.008559 -0.002052
vertex -0.064630 -0.014978 -0.009932
vertex -0.038848 -0.013121 0.011567
endloop
endfacet
facet normal -0.028628 0.794389 0.606735
outer loop
vertex -0.058192 0.024302 -0.029798
vertex -0.050749 0.015581 -0.018030
vertex -0.043676 0.016922 -0.019452
endloop
endfacet
facet normal -0.320280 0.672999 0.666704
outer loop
vertex -0.043228 0.006255 -0.004001
vertex -0.053747 0.011745 -0.014597
vertex -0.059480 0.008197 -0.013769
endloop
endfacet
facet normal -0.161051 0.728587 0.665750
outer loop
vertex -0.050749 0.015581 -0.018030
vertex -0.061519 0.024111 -0.029970
vertex -0.067548 0.022357 -0.029508
endloop
endfacet
facet normal -0.414943 0.463969 0.782659
outer loop
vertex -0.059480 0.008197 -0.013769
vertex -0.064888 0.003210 -0.013680
vertex -0.043228 0.006255 -0.004001
endloop
endfacet
facet normal -0.634435 0.051522 0.771257
outer loop
vertex -0.064630 -0.014978 -0.009932
vertex -0.054529 -0.008559 -0.002052
vertex -0.072562 -0.004776 -0.017139
endloop
endfacet
facet normal -0.624135 0.109806 0.773562
outer loop
vertex -0.073520 0.003403 -0.019073
vertex -0.072562 -0.004776 -0.017139
vertex -0.054529 -0.008559 -0.002052
endloop
endfacet
facet normal -0.208424 0.910750 0.356502
outer loop
vertex -0.027154 0.011855 -0.004578
vertex -0.033705 0.013440 -0.012455
vertex -0.037205 0.010864 -0.007922
endloop
endfacet
facet normal -0.326804 0.822704 0.465142
outer loop
vertex -0.032972 0.007267 0.001415
vertex -0.037205 0.010864 -0.007922
vertex -0.043228 0.006255 -0.004001
endloop
endfacet
facet normal 0.072424 0.949379 0.305670
outer loop
vertex -0.033291 0.015971 -0.018957
vertex -0.032083 0.017560 -0.024179
vertex -0.043676 0.016922 -0.019452
endloop
endfacet
facet normal -0.065459 0.867743 0.492683
outer loop
vertex -0.037205 0.010864 -0.007922
vertex -0.043676 0.016922 -0.019452
vertex -0.050749 0.015581 -0.018030
endloop
endfacet
facet normal -0.217515 0.739788 0.636711
outer loop
vertex -0.050749 0.015581 -0.018030
vertex -0.053747 0.011745 -0.014597
vertex -0.037205 0.010864 -0.007922
endloop
endfacet
facet normal -0.201155 0.773788 0.600657
outer loop
vertex -0.043228 0.006255 -0.004001
vertex -0.037205 0.010864 -0.007922
vertex -0.053747 0.011745 -0.014597
endloop
endfacet
facet normal -0.375815 0.725933 0.576007
outer loop
vertex -0.037383 0.001612 0.005664
vertex -0.032972 0.007267 0.001415
vertex -0.043228 0.006255 -0.004001
endloop
endfacet
facet normal -0.493890 0.628685 0.600689
outer loop
vertex -0.037383 0.001612 0.005664
vertex -0.043228 0.006255 -0.004001
vertex -0.048219 -0.000769 -0.000754
endloop
endfacet
facet normal -0.394845 0.601610 0.694380
outer loop
vertex -0.048219 -0.000769 -0.000754
vertex -0.043228 0.006255 -0.004001
vertex -0.064888 0.003210 -0.013680
endloop
endfacet
facet normal -0.616258 -0.169499 0.769088
outer loop
vertex -0.036433 -0.018813 0.012248
vertex -0.038848 -0.013121 0.011567
vertex -0.053342 -0.022104 -0.002027
endloop
endfacet
facet normal -0.565017 -0.345905 0.749070
outer loop
vertex -0.045355 -0.024308 0.002981
vertex -0.036433 -0.018813 0.012248
vertex -0.053342 -0.022104 -0.002027
endloop
endfacet
facet normal -0.163748 0.725847 0.668082
outer loop
vertex -0.067548 0.022357 -0.029508
vertex -0.053747 0.011745 -0.014597
vertex -0.050749 0.015581 -0.018030
endloop
endfacet
facet normal -0.277131 0.619151 0.734746
outer loop
vertex -0.070402 0.016784 -0.025125
vertex -0.059480 0.008197 -0.013769
vertex -0.053747 0.011745 -0.014597
endloop
endfacet
facet normal -0.238888 0.672990 0.700012
outer loop
vertex -0.067548 0.022357 -0.029508
vertex -0.070402 0.016784 -0.025125
vertex -0.053747 0.011745 -0.014597
endloop
endfacet
facet normal -0.392134 0.511946 0.764291
outer loop
vertex -0.074037 0.010551 -0.022815
vertex -0.059480 0.008197 -0.013769
vertex -0.070402 0.016784 -0.025125
endloop
endfacet
facet normal -0.537364 0.304156 0.786593
outer loop
vertex -0.048219 -0.000769 -0.000754
vertex -0.064888 0.003210 -0.013680
vertex -0.054529 -0.008559 -0.002052
endloop
endfacet
facet normal -0.489466 0.355758 0.796153
outer loop
vertex -0.054529 -0.008559 -0.002052
vertex -0.064888 0.003210 -0.013680
vertex -0.073520 0.003403 -0.019073
endloop
endfacet
facet normal 0.418640 0.442342 -0.793142
outer loop
vertex -0.019849 0.012952 -0.020292
vertex -0.032083 0.017560 -0.024179
vertex -0.017414 0.013833 -0.018515
endloop
endfacet
facet normal 0.379839 0.259360 -0.887950
outer loop
vertex -0.037869 0.018645 -0.026337
vertex -0.032083 0.017560 -0.024179
vertex -0.019849 0.012952 -0.020292
endloop
endfacet
facet normal 0.172581 0.017392 -0.984842
outer loop
vertex -0.058192 0.024302 -0.029798
vertex -0.048641 0.022540 -0.028156
vertex -0.037869 0.018645 -0.026337
endloop
endfacet
facet normal 0.359054 0.710215 -0.605537
outer loop
vertex -0.032083 0.017560 -0.024179
vertex -0.037869 0.018645 -0.026337
vertex -0.048641 0.022540 -0.028156
endloop
endfacet
facet normal -0.968405 0.033855 -0.247072
outer loop
vertex -0.074693 0.003497 -0.021210
vertex -0.074037 0.010551 -0.022815
vertex -0.072736 0.016547 -0.027092
endloop
endfacet
facet normal 0.136915 -0.408750 -0.902318
outer loop
vertex -0.072562 -0.004776 -0.017139
vertex -0.074693 0.003497 -0.021210
vertex -0.068962 0.005504 -0.021250
endloop
endfacet
facet normal 0.142461 -0.424415 -0.894191
outer loop
vertex -0.074693 0.003497 -0.021210
vertex -0.072736 0.016547 -0.027092
vertex -0.068962 0.005504 -0.021250
endloop
endfacet
facet normal 0.081807 -0.444106 -0.892232
outer loop
vertex -0.067548 0.022357 -0.029508
vertex -0.068962 0.005504 -0.021250
vertex -0.072736 0.016547 -0.027092
endloop
endfacet
facet normal -0.010488 0.950558 0.310368
outer loop
vertex 0.032827 0.022408 0.012707
vertex 0.039133 0.024449 0.006670
vertex 0.031669 0.022826 0.011386
endloop
endfacet
facet normal 0.574670 0.627016 0.525933
outer loop
vertex 0.046283 0.024159 0.002556
vertex 0.057373 0.020055 -0.004669
vertex 0.048870 0.023491 0.000527
endloop
endfacet
facet normal 0.392168 0.665848 0.634705
outer loop
vertex 0.039133 0.024449 0.006670
vertex 0.032827 0.022408 0.012707
vertex 0.046283 0.024159 0.002556
endloop
endfacet
facet normal -0.360746 0.646188 -0.672535
outer loop
vertex 0.048870 0.023491 0.000527
vertex 0.039133 0.024449 0.006670
vertex 0.046283 0.024159 0.002556
endloop
endfacet
facet normal -0.434862 0.800205 -0.412997
outer loop
vertex 0.031669 0.022826 0.011386
vertex 0.039133 0.024449 0.006670
vertex 0.031059 0.022009 0.010444
endloop
endfacet
facet normal -0.141697 0.445178 -0.884160
outer loop
vertex 0.061742 -0.013376 -0.024056
vertex 0.068962 -0.005504 -0.021250
vertex 0.067548 -0.022357 -0.029508
endloop
endfacet
facet normal -0.073537 0.482390 -0.872864
outer loop
vertex 0.067548 -0.022357 -0.029508
vertex 0.061519 -0.024111 -0.029970
vertex 0.061742 -0.013376 -0.024056
endloop
endfacet
facet normal -0.077005 0.483344 -0.872037
outer loop
vertex 0.061742 -0.013376 -0.024056
vertex 0.058192 -0.024302 -0.029798
vertex 0.047874 -0.015965 -0.024266
endloop
endfacet
facet normal 0.013539 0.564440 -0.825363
outer loop
vertex 0.058192 -0.024302 -0.029798
vertex 0.034912 -0.017622 -0.025612
vertex 0.047874 -0.015965 -0.024266
endloop
endfacet
facet normal -0.080092 0.722812 -0.686388
outer loop
vertex 0.024782 -0.006744 -0.014675
vertex 0.029941 0.002868 -0.005155
vertex 0.037885 -0.006961 -0.016432
endloop
endfacet
facet normal -0.453155 0.423721 -0.784290
outer loop
vertex 0.039133 0.024449 0.006670
vertex 0.048870 0.023491 0.000527
vertex 0.047203 0.012770 -0.004302
endloop
endfacet
facet normal -0.267670 0.508126 -0.818633
outer loop
vertex 0.052131 -0.001809 -0.014963
vertex 0.040910 0.004277 -0.007516
vertex 0.047203 0.012770 -0.004302
endloop
endfacet
facet normal -0.083433 0.700681 -0.708580
outer loop
vertex 0.024782 -0.006744 -0.014675
vertex 0.037885 -0.006961 -0.016432
vertex 0.020011 -0.012975 -0.020275
endloop
endfacet
facet normal -0.324747 0.429945 -0.842429
outer loop
vertex 0.048870 0.023491 0.000527
vertex 0.065594 0.013888 -0.010821
vertex 0.047203 0.012770 -0.004302
endloop
endfacet
facet normal -0.229850 0.429664 -0.873246
outer loop
vertex 0.072562 0.004776 -0.017139
vertex 0.068962 -0.005504 -0.021250
vertex 0.065594 0.013888 -0.010821
endloop
endfacet
facet normal -0.093291 0.566258 -0.818932
outer loop
vertex 0.052131 -0.001809 -0.014963
vertex 0.061742 -0.013376 -0.024056
vertex 0.047874 -0.015965 -0.024266
endloop
endfacet
facet normal -0.207771 0.491986 -0.845448
outer loop
vertex 0.061742 -0.013376 -0.024056
vertex 0.052131 -0.001809 -0.014963
vertex 0.068962 -0.005504 -0.021250
endloop
endfacet
facet normal -0.072679 0.482407 -0.872927
outer loop
vertex 0.061519 -0.024111 -0.029970
vertex 0.058192 -0.024302 -0.029798
vertex 0.061742 -0.013376 -0.024056
endloop
endfacet
facet normal -0.486109 0.500559 -0.716337
outer loop
vertex 0.031059 0.022009 0.010444
vertex 0.039133 0.024449 0.006670
vertex 0.033345 0.010548 0.000884
endloop
endfacet
facet normal -0.373693 0.484748 -0.790805
outer loop
vertex 0.039133 0.024449 0.006670
vertex 0.047203 0.012770 -0.004302
vertex 0.033345 0.010548 0.000884
endloop
endfacet
facet normal -0.368160 0.555059 -0.745901
outer loop
vertex 0.040910 0.004277 -0.007516
vertex 0.033345 0.010548 0.000884
vertex 0.047203 0.012770 -0.004302
endloop
endfacet
facet normal -0.237960 0.663336 -0.709479
outer loop
vertex 0.029941 0.002868 -0.005155
vertex 0.033345 0.010548 0.000884
vertex 0.040910 0.004277 -0.007516
endloop
endfacet
facet normal -0.239284 0.642180 -0.728250
outer loop
vertex 0.029941 0.002868 -0.005155
vertex 0.040910 0.004277 -0.007516
vertex 0.037885 -0.006961 -0.016432
endloop
endfacet
facet normal -0.153427 0.639180 -0.753597
outer loop
vertex 0.040910 0.004277 -0.007516
vertex 0.052131 -0.001809 -0.014963
vertex 0.037885 -0.006961 -0.016432
endloop
endfacet
facet normal -0.061676 0.661070 -0.747785
outer loop
vertex 0.037885 -0.006961 -0.016432
vertex 0.034912 -0.017622 -0.025612
vertex 0.020011 -0.012975 -0.020275
endloop
endfacet
facet normal -0.122577 0.570551 -0.812063
outer loop
vertex 0.037885 -0.006961 -0.016432
vertex 0.052131 -0.001809 -0.014963
vertex 0.047874 -0.015965 -0.024266
endloop
endfacet
facet normal -0.004908 0.653270 -0.757109
outer loop
vertex 0.037885 -0.006961 -0.016432
vertex 0.047874 -0.015965 -0.024266
vertex 0.034912 -0.017622 -0.025612
endloop
endfacet
facet normal -0.317918 0.487261 -0.813329
outer loop
vertex 0.052131 -0.001809 -0.014963
vertex 0.047203 0.012770 -0.004302
vertex 0.065594 0.013888 -0.010821
endloop
endfacet
facet normal -0.386133 0.340565 -0.857273
outer loop
vertex 0.065594 0.013888 -0.010821
vertex 0.048870 0.023491 0.000527
vertex 0.057373 0.020055 -0.004669
endloop
endfacet
facet normal -0.231840 0.429168 -0.872963
outer loop
vertex 0.068962 -0.005504 -0.021250
vertex 0.052131 -0.001809 -0.014963
vertex 0.065594 0.013888 -0.010821
endloop
endfacet
facet normal -0.040787 0.576585 -0.816018
outer loop
vertex 0.020011 -0.012975 -0.020275
vertex 0.030932 -0.017202 -0.023807
vertex 0.016057 -0.012422 -0.019686
endloop
endfacet
facet normal -0.383703 -0.807115 -0.448706
outer loop
vertex 0.030932 -0.017202 -0.023807
vertex 0.017305 -0.013801 -0.018273
vertex 0.016057 -0.012422 -0.019686
endloop
endfacet
facet normal -0.414869 -0.381673 -0.825960
outer loop
vertex 0.034912 -0.017622 -0.025612
vertex 0.030932 -0.017202 -0.023807
vertex 0.020011 -0.012975 -0.020275
endloop
endfacet
facet normal -0.156047 0.073437 -0.985016
outer loop
vertex 0.058192 -0.024302 -0.029798
vertex 0.048680 -0.022551 -0.028161
vertex 0.034912 -0.017622 -0.025612
endloop
endfacet
facet normal -0.361403 -0.679261 -0.638743
outer loop
vertex 0.030932 -0.017202 -0.023807
vertex 0.034912 -0.017622 -0.025612
vertex 0.048680 -0.022551 -0.028161
endloop
endfacet
facet normal 0.030436 -0.974719 0.221353
outer loop
vertex 0.033705 -0.013440 -0.012455
vertex 0.027154 -0.011855 -0.004578
vertex 0.022185 -0.013850 -0.012679
endloop
endfacet
facet normal 0.484474 -0.377935 0.788955
outer loop
vertex 0.073520 -0.003403 -0.019073
vertex 0.064888 -0.003210 -0.013680
vertex 0.074037 -0.010551 -0.022815
endloop
endfacet
facet normal 0.413020 -0.461925 0.784882
outer loop
vertex 0.064888 -0.003210 -0.013680
vertex 0.059480 -0.008197 -0.013769
vertex 0.074037 -0.010551 -0.022815
endloop
endfacet
facet normal 0.076765 -0.777251 0.624490
outer loop
vertex 0.061519 -0.024111 -0.029970
vertex 0.050749 -0.015581 -0.018030
vertex 0.058192 -0.024302 -0.029798
endloop
endfacet
facet normal -0.068532 -0.854246 0.515332
outer loop
vertex 0.058192 -0.024302 -0.029798
vertex 0.043993 -0.017071 -0.019701
vertex 0.048680 -0.022551 -0.028161
endloop
endfacet
facet normal -0.142645 -0.864929 0.481196
outer loop
vertex 0.048680 -0.022551 -0.028161
vertex 0.043993 -0.017071 -0.019701
vertex 0.030932 -0.017202 -0.023807
endloop
endfacet
facet normal -0.078491 -0.956763 0.280077
outer loop
vertex 0.043993 -0.017071 -0.019701
vertex 0.033489 -0.016017 -0.019042
vertex 0.030932 -0.017202 -0.023807
endloop
endfacet
facet normal -0.115606 -0.947628 0.297719
outer loop
vertex 0.030932 -0.017202 -0.023807
vertex 0.033489 -0.016017 -0.019042
vertex 0.017305 -0.013801 -0.018273
endloop
endfacet
facet normal -0.130036 -0.985965 0.104710
outer loop
vertex 0.033489 -0.016017 -0.019042
vertex 0.022185 -0.013850 -0.012679
vertex 0.017305 -0.013801 -0.018273
endloop
endfacet
facet normal 0.231793 -0.867840 0.439461
outer loop
vertex 0.032972 -0.007267 0.001415
vertex 0.027154 -0.011855 -0.004578
vertex 0.037205 -0.010864 -0.007922
endloop
endfacet
facet normal 0.026121 -0.931235 0.363483
outer loop
vertex 0.022185 -0.013850 -0.012679
vertex 0.033489 -0.016017 -0.019042
vertex 0.033705 -0.013440 -0.012455
endloop
endfacet
facet normal -0.070270 -0.928178 0.365442
outer loop
vertex 0.033705 -0.013440 -0.012455
vertex 0.033489 -0.016017 -0.019042
vertex 0.043993 -0.017071 -0.019701
endloop
endfacet
facet normal 0.026806 -0.877906 0.478082
outer loop
vertex 0.043993 -0.017071 -0.019701
vertex 0.037205 -0.010864 -0.007922
vertex 0.033705 -0.013440 -0.012455
endloop
endfacet
facet normal 0.522315 -0.483132 0.702688
outer loop
vertex 0.048219 0.000769 -0.000754
vertex 0.039600 0.006302 0.009457
vertex 0.037383 -0.001612 0.005664
endloop
endfacet
facet normal 0.601759 -0.369394 0.708120
outer loop
vertex 0.048219 0.000769 -0.000754
vertex 0.054529 0.008559 -0.002052
vertex 0.039600 0.006302 0.009457
endloop
endfacet
facet normal 0.610872 -0.295919 0.734348
outer loop
vertex 0.054529 0.008559 -0.002052
vertex 0.038591 0.009808 0.011709
vertex 0.039600 0.006302 0.009457
endloop
endfacet
facet normal 0.655023 0.055815 0.753545
outer loop
vertex 0.054529 0.008559 -0.002052
vertex 0.037570 0.017086 0.012058
vertex 0.038591 0.009808 0.011709
endloop
endfacet
facet normal 0.025621 -0.795375 0.605576
outer loop
vertex 0.058192 -0.024302 -0.029798
vertex 0.050749 -0.015581 -0.018030
vertex 0.043993 -0.017071 -0.019701
endloop
endfacet
facet normal 0.320280 -0.672999 0.666704
outer loop
vertex 0.043228 -0.006255 -0.004001
vertex 0.053747 -0.011745 -0.014597
vertex 0.059480 -0.008197 -0.013769
endloop
endfacet
facet normal 0.161051 -0.728587 0.665750
outer loop
vertex 0.050749 -0.015581 -0.018030
vertex 0.061519 -0.024111 -0.029970
vertex 0.067548 -0.022357 -0.029508
endloop
endfacet
facet normal 0.414943 -0.463969 0.782659
outer loop
vertex 0.059480 -0.008197 -0.013769
vertex 0.064888 -0.003210 -0.013680
vertex 0.043228 -0.006255 -0.004001
endloop
endfacet
facet normal 0.635877 0.082082 0.767414
outer loop
vertex 0.065594 0.013888 -0.010821
vertex 0.057373 0.020055 -0.004669
vertex 0.037570 0.017086 0.012058
endloop
endfacet
facet normal 0.634791 -0.049246 0.771113
outer loop
vertex 0.065594 0.013888 -0.010821
vertex 0.054529 0.008559 -0.002052
vertex 0.072562 0.004776 -0.017139
endloop
endfacet
facet normal 0.624135 -0.109806 0.773562
outer loop
vertex 0.073520 -0.003403 -0.019073
vertex 0.072562 0.004776 -0.017139
vertex 0.054529 0.008559 -0.002052
endloop
endfacet
facet normal 0.208424 -0.910750 0.356502
outer loop
vertex 0.027154 -0.011855 -0.004578
vertex 0.033705 -0.013440 -0.012455
vertex 0.037205 -0.010864 -0.007922
endloop
endfacet
facet normal 0.326804 -0.822704 0.465142
outer loop
vertex 0.032972 -0.007267 0.001415
vertex 0.037205 -0.010864 -0.007922
vertex 0.043228 -0.006255 -0.004001
endloop
endfacet
facet normal 0.068345 -0.865827 0.495654
outer loop
vertex 0.037205 -0.010864 -0.007922
vertex 0.043993 -0.017071 -0.019701
vertex 0.050749 -0.015581 -0.018030
endloop
endfacet
facet normal 0.217515 -0.739788 0.636711
outer loop
vertex 0.050749 -0.015581 -0.018030
vertex 0.053747 -0.011745 -0.014597
vertex 0.037205 -0.010864 -0.007922
endloop
endfacet
facet normal 0.201155 -0.773788 0.600657
outer loop
vertex 0.043228 -0.006255 -0.004001
vertex 0.037205 -0.010864 -0.007922
vertex 0.053747 -0.011745 -0.014597
endloop
endfacet
facet normal 0.375815 -0.725933 0.576007
outer loop
vertex 0.037383 -0.001612 0.005664
vertex 0.032972 -0.007267 0.001415
vertex 0.043228 -0.006255 -0.004001
endloop
endfacet
facet normal 0.493890 -0.628685 0.600689
outer loop
vertex 0.037383 -0.001612 0.005664
vertex 0.043228 -0.006255 -0.004001
vertex 0.048219 0.000769 -0.000754
endloop
endfacet
facet normal 0.394845 -0.601610 0.694380
outer loop
vertex 0.048219 0.000769 -0.000754
vertex 0.043228 -0.006255 -0.004001
vertex 0.064888 -0.003210 -0.013680
endloop
endfacet
facet normal 0.526353 0.376046 0.762589
outer loop
vertex 0.037570 0.017086 0.012058
vertex 0.046283 0.024159 0.002556
vertex 0.032827 0.022408 0.012707
endloop
endfacet
facet normal 0.594613 0.279993 0.753684
outer loop
vertex 0.046283 0.024159 0.002556
vertex 0.037570 0.017086 0.012058
vertex 0.057373 0.020055 -0.004669
endloop
endfacet
facet normal 0.163748 -0.725847 0.668082
outer loop
vertex 0.067548 -0.022357 -0.029508
vertex 0.053747 -0.011745 -0.014597
vertex 0.050749 -0.015581 -0.018030
endloop
endfacet
facet normal 0.277131 -0.619151 0.734746
outer loop
vertex 0.070402 -0.016784 -0.025125
vertex 0.059480 -0.008197 -0.013769
vertex 0.053747 -0.011745 -0.014597
endloop
endfacet
facet normal 0.238888 -0.672990 0.700012
outer loop
vertex 0.067548 -0.022357 -0.029508
vertex 0.070402 -0.016784 -0.025125
vertex 0.053747 -0.011745 -0.014597
endloop
endfacet
facet normal 0.392134 -0.511946 0.764291
outer loop
vertex 0.074037 -0.010551 -0.022815
vertex 0.059480 -0.008197 -0.013769
vertex 0.070402 -0.016784 -0.025125
endloop
endfacet
facet normal 0.629963 -0.031181 0.775999
outer loop
vertex 0.037570 0.017086 0.012058
vertex 0.054529 0.008559 -0.002052
vertex 0.065594 0.013888 -0.010821
endloop
endfacet
facet normal 0.537364 -0.304156 0.786593
outer loop
vertex 0.048219 0.000769 -0.000754
vertex 0.064888 -0.003210 -0.013680
vertex 0.054529 0.008559 -0.002052
endloop
endfacet
facet normal 0.489466 -0.355758 0.796153
outer loop
vertex 0.054529 0.008559 -0.002052
vertex 0.064888 -0.003210 -0.013680
vertex 0.073520 -0.003403 -0.019073
endloop
endfacet
facet normal -0.031882 -0.923007 0.383460
outer loop
vertex -0.033114 -0.022461 0.012381
vertex -0.037927 -0.024274 0.007618
vertex -0.030802 -0.022788 0.011786
endloop
endfacet
facet normal 0.460039 -0.709748 -0.533500
outer loop
vertex -0.031316 -0.022230 0.010599
vertex -0.030802 -0.022788 0.011786
vertex -0.037927 -0.024274 0.007618
endloop
endfacet
facet normal -0.605526 -0.080822 0.791711
outer loop
vertex -0.059299 -0.018884 -0.006254
vertex -0.053342 -0.022104 -0.002027
vertex -0.064630 -0.014978 -0.009932
endloop
endfacet
facet normal -0.404433 -0.640837 0.652504
outer loop
vertex -0.045355 -0.024308 0.002981
vertex -0.037927 -0.024274 0.007618
vertex -0.033114 -0.022461 0.012381
endloop
endfacet
facet normal 0.876319 -0.011211 0.481601
outer loop
vertex 0.072562 0.004776 -0.017139
vertex 0.073520 -0.003403 -0.019073
vertex 0.074693 -0.003497 -0.021210
endloop
endfacet
facet normal 0.513088 -0.677420 0.527108
outer loop
vertex 0.067548 -0.022357 -0.029508
vertex 0.072736 -0.016547 -0.027092
vertex 0.070402 -0.016784 -0.025125
endloop
endfacet
facet normal 0.567947 -0.556103 0.606783
outer loop
vertex 0.070402 -0.016784 -0.025125
vertex 0.072736 -0.016547 -0.027092
vertex 0.074037 -0.010551 -0.022815
endloop
endfacet
facet normal 0.857326 -0.188701 0.478940
outer loop
vertex 0.074037 -0.010551 -0.022815
vertex 0.074693 -0.003497 -0.021210
vertex 0.073520 -0.003403 -0.019073
endloop
endfacet
facet normal 0.968405 -0.033855 -0.247072
outer loop
vertex 0.074693 -0.003497 -0.021210
vertex 0.074037 -0.010551 -0.022815
vertex 0.072736 -0.016547 -0.027092
endloop
endfacet
facet normal -0.136915 0.408750 -0.902318
outer loop
vertex 0.072562 0.004776 -0.017139
vertex 0.074693 -0.003497 -0.021210
vertex 0.068962 -0.005504 -0.021250
endloop
endfacet
facet normal -0.142461 0.424415 -0.894191
outer loop
vertex 0.074693 -0.003497 -0.021210
vertex 0.072736 -0.016547 -0.027092
vertex 0.068962 -0.005504 -0.021250
endloop
endfacet
facet normal -0.081807 0.444106 -0.892232
outer loop
vertex 0.067548 -0.022357 -0.029508
vertex 0.068962 -0.005504 -0.021250
vertex 0.072736 -0.016547 -0.027092
endloop
endfacet
facet normal 0.141697 -0.445178 -0.884160
outer loop
vertex -0.061742 0.013376 -0.024056
vertex -0.068962 0.005504 -0.021250
vertex -0.067548 0.022357 -0.029508
endloop
endfacet
facet normal 0.073537 -0.482390 -0.872864
outer loop
vertex -0.067548 0.022357 -0.029508
vertex -0.061519 0.024111 -0.029970
vertex -0.061742 0.013376 -0.024056
endloop
endfacet
facet normal 0.077007 -0.483355 -0.872031
outer loop
vertex -0.061742 0.013376 -0.024056
vertex -0.058192 0.024302 -0.029798
vertex -0.047874 0.015965 -0.024266
endloop
endfacet
facet normal -0.018045 -0.568241 -0.822664
outer loop
vertex -0.058192 0.024302 -0.029798
vertex -0.037869 0.018645 -0.026337
vertex -0.047874 0.015965 -0.024266
endloop
endfacet
facet normal 0.080092 -0.722812 -0.686388
outer loop
vertex -0.024782 0.006744 -0.014675
vertex -0.029941 -0.002868 -0.005155
vertex -0.037885 0.006961 -0.016432
endloop
endfacet
facet normal 0.462033 -0.494188 -0.736413
outer loop
vertex -0.037927 -0.024274 0.007618
vertex -0.045355 -0.024308 0.002981
vertex -0.034598 -0.018209 0.005637
endloop
endfacet
facet normal 0.416130 -0.464286 -0.781840
outer loop
vertex -0.034598 -0.018209 0.005637
vertex -0.053342 -0.022104 -0.002027
vertex -0.047203 -0.012770 -0.004302
endloop
endfacet
facet normal 0.416496 -0.373635 -0.828811
outer loop
vertex -0.053342 -0.022104 -0.002027
vertex -0.034598 -0.018209 0.005637
vertex -0.045355 -0.024308 0.002981
endloop
endfacet
facet normal 0.267670 -0.508126 -0.818633
outer loop
vertex -0.052131 0.001809 -0.014963
vertex -0.040910 -0.004277 -0.007516
vertex -0.047203 -0.012770 -0.004302
endloop
endfacet
facet normal 0.082936 -0.704052 -0.705289
outer loop
vertex -0.024782 0.006744 -0.014675
vertex -0.037885 0.006961 -0.016432
vertex -0.019849 0.012952 -0.020292
endloop
endfacet
facet normal 0.327704 -0.370984 -0.868896
outer loop
vertex -0.059299 -0.018884 -0.006254
vertex -0.064630 -0.014978 -0.009932
vertex -0.047203 -0.012770 -0.004302
endloop
endfacet
facet normal 0.236691 -0.431054 -0.870729
outer loop
vertex -0.072562 -0.004776 -0.017139
vertex -0.068962 0.005504 -0.021250
vertex -0.064630 -0.014978 -0.009932
endloop
endfacet
facet normal 0.093291 -0.566258 -0.818932
outer loop
vertex -0.052131 0.001809 -0.014963
vertex -0.061742 0.013376 -0.024056
vertex -0.047874 0.015965 -0.024266
endloop
endfacet
facet normal 0.207771 -0.491986 -0.845448
outer loop
vertex -0.061742 0.013376 -0.024056
vertex -0.052131 0.001809 -0.014963
vertex -0.068962 0.005504 -0.021250
endloop
endfacet
facet normal 0.072640 -0.482407 -0.872930
outer loop
vertex -0.061519 0.024111 -0.029970
vertex -0.058192 0.024302 -0.029798
vertex -0.061742 0.013376 -0.024056
endloop
endfacet
facet normal 0.479749 -0.499084 -0.721634
outer loop
vertex -0.037927 -0.024274 0.007618
vertex -0.034598 -0.018209 0.005637
vertex -0.031316 -0.022230 0.010599
endloop
endfacet
facet normal 0.370234 -0.532656 -0.761055
outer loop
vertex -0.034598 -0.018209 0.005637
vertex -0.047203 -0.012770 -0.004302
vertex -0.033344 -0.010548 0.000885
endloop
endfacet
facet normal 0.368155 -0.555057 -0.745905
outer loop
vertex -0.040910 -0.004277 -0.007516
vertex -0.033344 -0.010548 0.000885
vertex -0.047203 -0.012770 -0.004302
endloop
endfacet
facet normal 0.237959 -0.663339 -0.709476
outer loop
vertex -0.029941 -0.002868 -0.005155
vertex -0.033344 -0.010548 0.000885
vertex -0.040910 -0.004277 -0.007516
endloop
endfacet
facet normal 0.239284 -0.642180 -0.728250
outer loop
vertex -0.029941 -0.002868 -0.005155
vertex -0.040910 -0.004277 -0.007516
vertex -0.037885 0.006961 -0.016432
endloop
endfacet
facet normal 0.153427 -0.639180 -0.753597
outer loop
vertex -0.040910 -0.004277 -0.007516
vertex -0.052131 0.001809 -0.014963
vertex -0.037885 0.006961 -0.016432
endloop
endfacet
facet normal 0.051507 -0.645811 -0.761758
outer loop
vertex -0.019849 0.012952 -0.020292
vertex -0.037885 0.006961 -0.016432
vertex -0.037869 0.018645 -0.026337
endloop
endfacet
facet normal 0.122577 -0.570551 -0.812063
outer loop
vertex -0.037885 0.006961 -0.016432
vertex -0.052131 0.001809 -0.014963
vertex -0.047874 0.015965 -0.024266
endloop
endfacet
facet normal 0.015343 -0.646564 -0.762705
outer loop
vertex -0.037885 0.006961 -0.016432
vertex -0.047874 0.015965 -0.024266
vertex -0.037869 0.018645 -0.026337
endloop
endfacet
facet normal 0.353216 -0.434311 -0.828621
outer loop
vertex -0.047203 -0.012770 -0.004302
vertex -0.053342 -0.022104 -0.002027
vertex -0.059299 -0.018884 -0.006254
endloop
endfacet
facet normal 0.323893 -0.484656 -0.812528
outer loop
vertex -0.052131 0.001809 -0.014963
vertex -0.047203 -0.012770 -0.004302
vertex -0.064630 -0.014978 -0.009932
endloop
endfacet
facet normal 0.230504 -0.432802 -0.871522
outer loop
vertex -0.068962 0.005504 -0.021250
vertex -0.052131 0.001809 -0.014963
vertex -0.064630 -0.014978 -0.009932
endloop
endfacet
facet normal 0.153875 0.066436 -0.985854
outer loop
vertex 0.024267 0.060615 -0.029724
vertex 0.024020 0.058429 -0.029909
vertex 0.022256 0.067590 -0.029567
endloop
endfacet
facet normal 0.323401 -0.393664 -0.860489
outer loop
vertex 0.013012 0.020029 -0.020329
vertex 0.017433 0.031611 -0.023966
vertex 0.014567 0.020588 -0.020000
endloop
endfacet
facet normal 0.280107 -0.383303 -0.880125
outer loop
vertex 0.017433 0.031611 -0.023966
vertex 0.013012 0.020029 -0.020329
vertex 0.018705 0.038107 -0.026390
endloop
endfacet
facet normal -0.005999 -0.169133 -0.985575
outer loop
vertex 0.024020 0.058429 -0.029909
vertex 0.022809 0.049633 -0.028393
vertex 0.018705 0.038107 -0.026390
endloop
endfacet
facet normal 0.727249 -0.360411 -0.584135
outer loop
vertex 0.017433 0.031611 -0.023966
vertex 0.018705 0.038107 -0.026390
vertex 0.022809 0.049633 -0.028393
endloop
endfacet
facet normal 0.988247 -0.119749 0.095015
outer loop
vertex 0.024020 0.058429 -0.029909
vertex 0.024267 0.060615 -0.029724
vertex 0.022809 0.049633 -0.028393
endloop
endfacet
facet normal -0.800204 -0.434863 -0.412999
outer loop
vertex -0.022826 0.031669 0.011386
vertex -0.024449 0.039133 0.006670
vertex -0.022009 0.031059 0.010444
endloop
endfacet
facet normal -0.432130 -0.306737 -0.848042
outer loop
vertex -0.020055 0.057373 -0.004669
vertex -0.013717 0.065767 -0.010934
vertex -0.005714 0.057988 -0.012199
endloop
endfacet
facet normal -0.472676 -0.058209 -0.879312
outer loop
vertex 0.022256 0.067590 -0.029567
vertex 0.024020 0.058429 -0.029909
vertex 0.008360 0.065965 -0.021990
endloop
endfacet
facet normal -0.721819 -0.095391 -0.685476
outer loop
vertex 0.007158 0.024600 -0.015049
vertex -0.003445 0.030084 -0.004647
vertex 0.004841 0.035202 -0.014084
endloop
endfacet
facet normal -0.423721 -0.453155 -0.784290
outer loop
vertex -0.024449 0.039133 0.006670
vertex -0.023491 0.048870 0.000527
vertex -0.012770 0.047203 -0.004302
endloop
endfacet
facet normal -0.507914 -0.267247 -0.818903
outer loop
vertex -0.005714 0.057988 -0.012199
vertex -0.004277 0.040910 -0.007516
vertex -0.012770 0.047203 -0.004302
endloop
endfacet
facet normal -0.551860 -0.263364 -0.791259
outer loop
vertex -0.004277 0.040910 -0.007516
vertex -0.005714 0.057988 -0.012199
vertex 0.003991 0.048762 -0.015896
endloop
endfacet
facet normal -0.492661 -0.176711 -0.852091
outer loop
vertex 0.008360 0.065965 -0.021990
vertex 0.003991 0.048762 -0.015896
vertex -0.005714 0.057988 -0.012199
endloop
endfacet
facet normal -0.669170 -0.055415 -0.741041
outer loop
vertex 0.004841 0.035202 -0.014084
vertex 0.011980 0.043176 -0.021127
vertex 0.013012 0.020029 -0.020329
endloop
endfacet
facet normal -0.429802 -0.333205 -0.839193
outer loop
vertex -0.023491 0.048870 0.000527
vertex -0.005714 0.057988 -0.012199
vertex -0.012770 0.047203 -0.004302
endloop
endfacet
facet normal -0.447120 -0.261219 -0.855481
outer loop
vertex -0.004776 0.072562 -0.017139
vertex 0.008360 0.065965 -0.021990
vertex -0.005714 0.057988 -0.012199
endloop
endfacet
facet normal -0.603444 -0.125672 -0.787440
outer loop
vertex 0.003991 0.048762 -0.015896
vertex 0.008360 0.065965 -0.021990
vertex 0.011980 0.043176 -0.021127
endloop
endfacet
facet normal -0.500559 -0.486109 -0.716337
outer loop
vertex -0.022009 0.031059 0.010444
vertex -0.024449 0.039133 0.006670
vertex -0.010548 0.033345 0.000884
endloop
endfacet
facet normal -0.484747 -0.373693 -0.790806
outer loop
vertex -0.024449 0.039133 0.006670
vertex -0.012770 0.047203 -0.004302
vertex -0.010548 0.033345 0.000884
endloop
endfacet
facet normal -0.555059 -0.368160 -0.745900
outer loop
vertex -0.004277 0.040910 -0.007516
vertex -0.010548 0.033345 0.000884
vertex -0.012770 0.047203 -0.004302
endloop
endfacet
facet normal -0.662509 -0.239083 -0.709874
outer loop
vertex -0.003445 0.030084 -0.004647
vertex -0.010548 0.033345 0.000884
vertex -0.004277 0.040910 -0.007516
endloop
endfacet
facet normal -0.661635 -0.239219 -0.710643
outer loop
vertex -0.003445 0.030084 -0.004647
vertex -0.004277 0.040910 -0.007516
vertex 0.004841 0.035202 -0.014084
endloop
endfacet
facet normal -0.609967 -0.142409 -0.779525
outer loop
vertex 0.004841 0.035202 -0.014084
vertex 0.003991 0.048762 -0.015896
vertex 0.011980 0.043176 -0.021127
endloop
endfacet
facet normal -0.635318 -0.141285 -0.759216
outer loop
vertex -0.004277 0.040910 -0.007516
vertex 0.003991 0.048762 -0.015896
vertex 0.004841 0.035202 -0.014084
endloop
endfacet
facet normal -0.704853 -0.090032 -0.703617
outer loop
vertex 0.013012 0.020029 -0.020329
vertex 0.007158 0.024600 -0.015049
vertex 0.004841 0.035202 -0.014084
endloop
endfacet
facet normal -0.640709 -0.054999 -0.765812
outer loop
vertex 0.018705 0.038107 -0.026390
vertex 0.013012 0.020029 -0.020329
vertex 0.011980 0.043176 -0.021127
endloop
endfacet
facet normal -0.606313 0.020891 -0.794951
outer loop
vertex 0.011980 0.043176 -0.021127
vertex 0.024020 0.058429 -0.029909
vertex 0.018705 0.038107 -0.026390
endloop
endfacet
facet normal -0.425666 -0.340259 -0.838470
outer loop
vertex -0.005714 0.057988 -0.012199
vertex -0.023491 0.048870 0.000527
vertex -0.020055 0.057373 -0.004669
endloop
endfacet
facet normal -0.401418 -0.270763 -0.874958
outer loop
vertex -0.013717 0.065767 -0.010934
vertex -0.004776 0.072562 -0.017139
vertex -0.005714 0.057988 -0.012199
endloop
endfacet
facet normal -0.490391 -0.110636 -0.864452
outer loop
vertex 0.024020 0.058429 -0.029909
vertex 0.011980 0.043176 -0.021127
vertex 0.008360 0.065965 -0.021990
endloop
endfacet
facet normal 0.033855 0.968405 -0.247076
outer loop
vertex 0.003497 0.074693 -0.021210
vertex 0.010551 0.074037 -0.022815
vertex 0.016547 0.072736 -0.027092
endloop
endfacet
facet normal -0.406327 -0.145759 -0.902027
outer loop
vertex -0.004776 0.072562 -0.017139
vertex 0.003497 0.074693 -0.021210
vertex 0.008360 0.065965 -0.021990
endloop
endfacet
facet normal -0.425324 -0.157307 -0.891266
outer loop
vertex 0.003497 0.074693 -0.021210
vertex 0.016547 0.072736 -0.027092
vertex 0.008360 0.065965 -0.021990
endloop
endfacet
facet normal -0.467805 -0.096367 -0.878562
outer loop
vertex 0.022256 0.067590 -0.029567
vertex 0.008360 0.065965 -0.021990
vertex 0.016547 0.072736 -0.027092
endloop
endfacet
facet normal 0.011212 0.876321 0.481597
outer loop
vertex -0.004776 0.072562 -0.017139
vertex 0.003403 0.073520 -0.019073
vertex 0.003497 0.074693 -0.021210
endloop
endfacet
facet normal 0.695515 0.547985 0.464727
outer loop
vertex 0.022256 0.067590 -0.029567
vertex 0.016547 0.072736 -0.027092
vertex 0.019008 0.068842 -0.026182
endloop
endfacet
facet normal 0.570024 0.510531 0.643763
outer loop
vertex 0.019008 0.068842 -0.026182
vertex 0.016547 0.072736 -0.027092
vertex 0.010551 0.074037 -0.022815
endloop
endfacet
facet normal 0.188702 0.857327 0.478939
outer loop
vertex 0.010551 0.074037 -0.022815
vertex 0.003497 0.074693 -0.021210
vertex 0.003403 0.073520 -0.019073
endloop
endfacet
facet normal 0.972580 -0.186077 0.139512
outer loop
vertex 0.013578 0.016551 -0.018491
vertex 0.014567 0.020588 -0.020000
vertex 0.013834 0.022289 -0.012623
endloop
endfacet
facet normal 0.964951 0.029503 0.260767
outer loop
vertex 0.013440 0.033705 -0.012455
vertex 0.011121 0.028203 -0.003251
vertex 0.013834 0.022289 -0.012623
endloop
endfacet
facet normal 0.377934 0.484474 0.788956
outer loop
vertex 0.003403 0.073520 -0.019073
vertex 0.003210 0.064888 -0.013680
vertex 0.010551 0.074037 -0.022815
endloop
endfacet
facet normal 0.481459 0.394921 0.782454
outer loop
vertex 0.003210 0.064888 -0.013680
vertex 0.009462 0.055424 -0.012750
vertex 0.010551 0.074037 -0.022815
endloop
endfacet
facet normal 0.742847 0.199908 0.638917
outer loop
vertex 0.022256 0.067590 -0.029567
vertex 0.019008 0.068842 -0.026182
vertex 0.024267 0.060615 -0.029724
endloop
endfacet
facet normal 0.845591 -0.047879 0.531679
outer loop
vertex 0.024267 0.060615 -0.029724
vertex 0.017067 0.044625 -0.019713
vertex 0.022809 0.049633 -0.028393
endloop
endfacet
facet normal 0.957797 -0.020974 0.286680
outer loop
vertex 0.015971 0.033291 -0.018957
vertex 0.013834 0.022289 -0.012623
vertex 0.017433 0.031611 -0.023966
endloop
endfacet
facet normal 0.969215 -0.200746 0.142561
outer loop
vertex 0.017433 0.031611 -0.023966
vertex 0.013834 0.022289 -0.012623
vertex 0.014567 0.020588 -0.020000
endloop
endfacet
facet normal 0.857403 0.256042 0.446433
outer loop
vertex 0.007267 0.032972 0.001415
vertex 0.011121 0.028203 -0.003251
vertex 0.010864 0.037205 -0.007922
endloop
endfacet
facet normal 0.932117 0.026895 0.361157
outer loop
vertex 0.013834 0.022289 -0.012623
vertex 0.015971 0.033291 -0.018957
vertex 0.013440 0.033705 -0.012455
endloop
endfacet
facet normal 0.928465 -0.065453 0.365608
outer loop
vertex 0.013440 0.033705 -0.012455
vertex 0.015971 0.033291 -0.018957
vertex 0.017067 0.044625 -0.019713
endloop
endfacet
facet normal 0.877764 0.026330 0.478369
outer loop
vertex 0.017067 0.044625 -0.019713
vertex 0.010864 0.037205 -0.007922
vertex 0.013440 0.033705 -0.012455
endloop
endfacet
facet normal 0.483131 0.522315 0.702688
outer loop
vertex -0.000769 0.048219 -0.000754
vertex -0.006302 0.039600 0.009457
vertex 0.001612 0.037383 0.005664
endloop
endfacet
facet normal 0.369394 0.601759 0.708120
outer loop
vertex -0.000769 0.048219 -0.000754
vertex -0.008559 0.054529 -0.002052
vertex -0.006302 0.039600 0.009457
endloop
endfacet
facet normal 0.295919 0.610872 0.734348
outer loop
vertex -0.008559 0.054529 -0.002052
vertex -0.009808 0.038591 0.011709
vertex -0.006302 0.039600 0.009457
endloop
endfacet
facet normal -0.055815 0.655023 0.753545
outer loop
vertex -0.008559 0.054529 -0.002052
vertex -0.017086 0.037570 0.012058
vertex -0.009808 0.038591 0.011709
endloop
endfacet
facet normal 0.720629 0.162154 0.674092
outer loop
vertex 0.019008 0.068842 -0.026182
vertex 0.009462 0.055424 -0.012750
vertex 0.015886 0.050302 -0.018385
endloop
endfacet
facet normal 0.793766 0.023105 0.607784
outer loop
vertex 0.024267 0.060615 -0.029724
vertex 0.015886 0.050302 -0.018385
vertex 0.017067 0.044625 -0.019713
endloop
endfacet
facet normal 0.715360 0.165094 0.678973
outer loop
vertex 0.015886 0.050302 -0.018385
vertex 0.024267 0.060615 -0.029724
vertex 0.019008 0.068842 -0.026182
endloop
endfacet
facet normal 0.507877 0.409935 0.757637
outer loop
vertex 0.009462 0.055424 -0.012750
vertex 0.003210 0.064888 -0.013680
vertex 0.006255 0.043228 -0.004001
endloop
endfacet
facet normal -0.083312 0.635702 0.767426
outer loop
vertex -0.013717 0.065767 -0.010934
vertex -0.020055 0.057373 -0.004669
vertex -0.017086 0.037570 0.012058
endloop
endfacet
facet normal 0.053412 0.634136 0.771375
outer loop
vertex -0.013717 0.065767 -0.010934
vertex -0.008559 0.054529 -0.002052
vertex -0.004776 0.072562 -0.017139
endloop
endfacet
facet normal 0.109805 0.624135 0.773562
outer loop
vertex 0.003403 0.073520 -0.019073
vertex -0.004776 0.072562 -0.017139
vertex -0.008559 0.054529 -0.002052
endloop
endfacet
facet normal 0.910856 0.210222 0.355173
outer loop
vertex 0.011121 0.028203 -0.003251
vertex 0.013440 0.033705 -0.012455
vertex 0.010864 0.037205 -0.007922
endloop
endfacet
facet normal 0.822704 0.326804 0.465143
outer loop
vertex 0.007267 0.032972 0.001415
vertex 0.010864 0.037205 -0.007922
vertex 0.006255 0.043228 -0.004001
endloop
endfacet
facet normal 0.922540 -0.193098 0.334115
outer loop
vertex 0.015971 0.033291 -0.018957
vertex 0.017433 0.031611 -0.023966
vertex 0.022809 0.049633 -0.028393
endloop
endfacet
facet normal 0.845246 -0.046284 0.532370
outer loop
vertex 0.022809 0.049633 -0.028393
vertex 0.017067 0.044625 -0.019713
vertex 0.015971 0.033291 -0.018957
endloop
endfacet
facet normal 0.865932 0.064264 0.496016
outer loop
vertex 0.010864 0.037205 -0.007922
vertex 0.017067 0.044625 -0.019713
vertex 0.015886 0.050302 -0.018385
endloop
endfacet
facet normal 0.737845 0.225396 0.636224
outer loop
vertex 0.015886 0.050302 -0.018385
vertex 0.009462 0.055424 -0.012750
vertex 0.010864 0.037205 -0.007922
endloop
endfacet
facet normal 0.780651 0.215544 0.586621
outer loop
vertex 0.006255 0.043228 -0.004001
vertex 0.010864 0.037205 -0.007922
vertex 0.009462 0.055424 -0.012750
endloop
endfacet
facet normal 0.725933 0.375815 0.576007
outer loop
vertex 0.001612 0.037383 0.005664
vertex 0.007267 0.032972 0.001415
vertex 0.006255 0.043228 -0.004001
endloop
endfacet
facet normal 0.628685 0.493890 0.600690
outer loop
vertex 0.001612 0.037383 0.005664
vertex 0.006255 0.043228 -0.004001
vertex -0.000769 0.048219 -0.000754
endloop
endfacet
facet normal 0.601610 0.394845 0.694380
outer loop
vertex -0.000769 0.048219 -0.000754
vertex 0.006255 0.043228 -0.004001
vertex 0.003210 0.064888 -0.013680
endloop
endfacet
facet normal -0.376045 0.526354 0.762589
outer loop
vertex -0.017086 0.037570 0.012058
vertex -0.024159 0.046283 0.002556
vertex -0.022408 0.032827 0.012707
endloop
endfacet
facet normal -0.279992 0.594613 0.753684
outer loop
vertex -0.024159 0.046283 0.002556
vertex -0.017086 0.037570 0.012058
vertex -0.020055 0.057373 -0.004669
endloop
endfacet
facet normal 0.533517 0.377926 0.756658
outer loop
vertex 0.010551 0.074037 -0.022815
vertex 0.009462 0.055424 -0.012750
vertex 0.019008 0.068842 -0.026182
endloop
endfacet
facet normal 0.033675 0.629162 0.776544
outer loop
vertex -0.017086 0.037570 0.012058
vertex -0.008559 0.054529 -0.002052
vertex -0.013717 0.065767 -0.010934
endloop
endfacet
facet normal 0.304156 0.537364 0.786593
outer loop
vertex -0.000769 0.048219 -0.000754
vertex 0.003210 0.064888 -0.013680
vertex -0.008559 0.054529 -0.002052
endloop
endfacet
facet normal 0.355759 0.489467 0.796152
outer loop
vertex -0.008559 0.054529 -0.002052
vertex 0.003210 0.064888 -0.013680
vertex 0.003403 0.073520 -0.019073
endloop
endfacet
facet normal -0.950559 -0.010488 0.310367
outer loop
vertex -0.022408 0.032827 0.012707
vertex -0.024449 0.039133 0.006670
vertex -0.022826 0.031669 0.011386
endloop
endfacet
facet normal -0.627020 0.574673 0.525925
outer loop
vertex -0.024159 0.046283 0.002556
vertex -0.020055 0.057373 -0.004669
vertex -0.023491 0.048870 0.000527
endloop
endfacet
facet normal -0.665848 0.392168 0.634705
outer loop
vertex -0.024449 0.039133 0.006670
vertex -0.022408 0.032827 0.012707
vertex -0.024159 0.046283 0.002556
endloop
endfacet
facet normal -0.646186 -0.360756 -0.672532
outer loop
vertex -0.023491 0.048870 0.000527
vertex -0.024449 0.039133 0.006670
vertex -0.024159 0.046283 0.002556
endloop
endfacet
facet normal -0.876319 0.011211 0.481601
outer loop
vertex -0.072562 -0.004776 -0.017139
vertex -0.073520 0.003403 -0.019073
vertex -0.074693 0.003497 -0.021210
endloop
endfacet
facet normal -0.513088 0.677420 0.527108
outer loop
vertex -0.067548 0.022357 -0.029508
vertex -0.072736 0.016547 -0.027092
vertex -0.070402 0.016784 -0.025125
endloop
endfacet
facet normal -0.567947 0.556103 0.606783
outer loop
vertex -0.070402 0.016784 -0.025125
vertex -0.072736 0.016547 -0.027092
vertex -0.074037 0.010551 -0.022815
endloop
endfacet
facet normal -0.857326 0.188701 0.478940
outer loop
vertex -0.074037 0.010551 -0.022815
vertex -0.074693 0.003497 -0.021210
vertex -0.073520 0.003403 -0.019073
endloop
endfacet
facet normal -0.550873 0.364536 -0.750768
outer loop
vertex -0.011201 -0.017015 -0.020306
vertex -0.013664 -0.016765 -0.018378
vertex -0.014136 -0.014622 -0.016990
endloop
endfacet
facet normal -0.560739 -0.206071 -0.801939
outer loop
vertex -0.012919 -0.012272 -0.020323
vertex -0.009834 -0.013735 -0.022105
vertex -0.011201 -0.017015 -0.020306
endloop
endfacet
facet normal -0.104089 -0.444616 -0.889653
outer loop
vertex -0.011201 -0.017015 -0.020306
vertex -0.009834 -0.013735 -0.022105
vertex -0.007111 -0.015817 -0.021383
endloop
endfacet
facet normal -0.811104 -0.295652 -0.504679
outer loop
vertex -0.014136 -0.014622 -0.016990
vertex -0.012919 -0.012272 -0.020323
vertex -0.011201 -0.017015 -0.020306
endloop
endfacet
facet normal -0.507299 0.486952 -0.711004
outer loop
vertex -0.013768 -0.019048 -0.019867
vertex -0.013664 -0.016765 -0.018378
vertex -0.011201 -0.017015 -0.020306
endloop
endfacet
facet normal -0.313652 0.195441 -0.929207
outer loop
vertex -0.013012 -0.020029 -0.020329
vertex -0.013768 -0.019048 -0.019867
vertex -0.011201 -0.017015 -0.020306
endloop
endfacet
facet normal -0.966792 -0.153199 -0.204558
outer loop
vertex -0.014990 -0.018037 -0.010398
vertex -0.014136 -0.014622 -0.016990
vertex -0.013850 -0.022185 -0.012679
endloop
endfacet
facet normal -0.981631 -0.121164 -0.147375
outer loop
vertex -0.014136 -0.014622 -0.016990
vertex -0.013664 -0.016765 -0.018378
vertex -0.013850 -0.022185 -0.012679
endloop
endfacet
facet normal -0.590203 0.745430 0.309828
outer loop
vertex -0.014136 -0.014622 -0.016990
vertex -0.014990 -0.018037 -0.010398
vertex -0.012919 -0.012272 -0.020323
endloop
endfacet
facet normal 0.465255 -0.874386 -0.137796
outer loop
vertex 0.013203 -0.036912 0.015201
vertex 0.021740 -0.032493 0.015985
vertex 0.016226 -0.035849 0.018656
endloop
endfacet
facet normal 0.279903 -0.958711 0.050276
outer loop
vertex 0.013203 -0.036912 0.015201
vertex 0.016226 -0.035849 0.018656
vertex 0.009793 -0.037752 0.018172
endloop
endfacet
facet normal 0.622361 -0.755942 0.203023
outer loop
vertex 0.021740 -0.032493 0.015985
vertex 0.018496 -0.036035 0.012741
vertex 0.022408 -0.032820 0.012721
endloop
endfacet
facet normal 0.355142 -0.803485 0.477793
outer loop
vertex 0.013627 -0.039112 0.011187
vertex 0.018496 -0.036035 0.012741
vertex 0.013203 -0.036912 0.015201
endloop
endfacet
facet normal -0.030083 -0.877895 0.477908
outer loop
vertex 0.008729 -0.038153 0.012640
vertex 0.013627 -0.039112 0.011187
vertex 0.013203 -0.036912 0.015201
endloop
endfacet
facet normal -0.458687 -0.888464 0.015448
outer loop
vertex -0.003027 -0.035280 0.007575
vertex -0.000983 -0.036243 0.012898
vertex -0.007026 -0.033197 0.008669
endloop
endfacet
facet normal -0.452459 -0.627830 0.633333
outer loop
vertex 0.005085 -0.038279 0.010397
vertex -0.003027 -0.035280 0.007575
vertex 0.002459 -0.038498 0.008305
endloop
endfacet
facet normal -0.510207 -0.796156 0.325306
outer loop
vertex -0.003236 -0.036437 0.004416
vertex 0.002459 -0.038498 0.008305
vertex -0.003027 -0.035280 0.007575
endloop
endfacet
facet normal -0.892374 -0.241967 0.380948
outer loop
vertex -0.007026 -0.033197 0.008669
vertex -0.014134 -0.024006 -0.002144
vertex -0.010088 -0.029895 0.003593
endloop
endfacet
facet normal -0.755283 -0.653026 -0.055714
outer loop
vertex -0.011855 -0.027154 -0.004578
vertex -0.007267 -0.032972 0.001415
vertex -0.010088 -0.029895 0.003593
endloop
endfacet
facet normal -0.864363 -0.445787 -0.232703
outer loop
vertex -0.014134 -0.024006 -0.002144
vertex -0.014990 -0.018037 -0.010398
vertex -0.011855 -0.027154 -0.004578
endloop
endfacet
facet normal -0.954556 -0.292828 0.055443
outer loop
vertex -0.013850 -0.022185 -0.012679
vertex -0.011855 -0.027154 -0.004578
vertex -0.014990 -0.018037 -0.010398
endloop
endfacet
facet normal 0.512839 -0.858268 -0.019318
outer loop
vertex 0.022921 -0.031847 0.018619
vertex 0.016226 -0.035849 0.018656
vertex 0.021740 -0.032493 0.015985
endloop
endfacet
facet normal 0.060263 -0.976512 -0.206863
outer loop
vertex 0.004793 -0.037445 0.015266
vertex 0.013203 -0.036912 0.015201
vertex 0.009793 -0.037752 0.018172
endloop
endfacet
facet normal 0.362047 -0.787838 0.498231
outer loop
vertex 0.021740 -0.032493 0.015985
vertex 0.013203 -0.036912 0.015201
vertex 0.018496 -0.036035 0.012741
endloop
endfacet
facet normal 0.061984 -0.936400 0.345418
outer loop
vertex 0.008729 -0.038153 0.012640
vertex 0.013203 -0.036912 0.015201
vertex 0.004793 -0.037445 0.015266
endloop
endfacet
facet normal -0.259280 -0.954390 0.148036
outer loop
vertex 0.005085 -0.038279 0.010397
vertex 0.004793 -0.037445 0.015266
vertex -0.000983 -0.036243 0.012898
endloop
endfacet
facet normal -0.333504 -0.941800 -0.042277
outer loop
vertex -0.003027 -0.035280 0.007575
vertex 0.005085 -0.038279 0.010397
vertex -0.000983 -0.036243 0.012898
endloop
endfacet
facet normal -0.067199 -0.984061 0.164643
outer loop
vertex 0.005085 -0.038279 0.010397
vertex 0.008729 -0.038153 0.012640
vertex 0.004793 -0.037445 0.015266
endloop
endfacet
facet normal -0.116317 -0.962961 0.243263
outer loop
vertex 0.005085 -0.038279 0.010397
vertex 0.013627 -0.039112 0.011187
vertex 0.008729 -0.038153 0.012640
endloop
endfacet
facet normal -0.499415 -0.832408 -0.240170
outer loop
vertex -0.007026 -0.033197 0.008669
vertex -0.010088 -0.029895 0.003593
vertex -0.003027 -0.035280 0.007575
endloop
endfacet
facet normal -0.816191 -0.577526 -0.017208
outer loop
vertex -0.010088 -0.029895 0.003593
vertex -0.014134 -0.024006 -0.002144
vertex -0.011855 -0.027154 -0.004578
endloop
endfacet
facet normal -0.736279 -0.618228 0.275112
outer loop
vertex -0.003027 -0.035280 0.007575
vertex -0.007267 -0.032972 0.001415
vertex -0.003236 -0.036437 0.004416
endloop
endfacet
facet normal -0.658561 -0.730819 0.179443
outer loop
vertex -0.003027 -0.035280 0.007575
vertex -0.010088 -0.029895 0.003593
vertex -0.007267 -0.032972 0.001415
endloop
endfacet
facet normal 0.912679 -0.102359 -0.395651
outer loop
vertex 0.024493 -0.028098 0.015018
vertex 0.022788 -0.030802 0.011786
vertex 0.022648 -0.026314 0.010300
endloop
endfacet
facet normal 0.925175 -0.288609 -0.246487
outer loop
vertex 0.022788 -0.030802 0.011786
vertex 0.024493 -0.028098 0.015018
vertex 0.022408 -0.032820 0.012721
endloop
endfacet
facet normal 0.802922 -0.552241 -0.224378
outer loop
vertex 0.022921 -0.031847 0.018619
vertex 0.021740 -0.032493 0.015985
vertex 0.024493 -0.028098 0.015018
endloop
endfacet
facet normal 0.847600 -0.482126 0.221650
outer loop
vertex 0.024493 -0.028098 0.015018
vertex 0.021740 -0.032493 0.015985
vertex 0.022408 -0.032820 0.012721
endloop
endfacet
facet normal 0.916230 -0.099731 -0.388042
outer loop
vertex 0.022648 -0.026314 0.010300
vertex 0.022788 -0.030802 0.011786
vertex 0.022230 -0.031316 0.010599
endloop
endfacet
facet normal 0.017182 -0.700464 -0.713481
outer loop
vertex -0.005297 -0.022617 -0.014664
vertex -0.011201 -0.017015 -0.020306
vertex -0.007111 -0.015817 -0.021383
endloop
endfacet
facet normal 0.326458 -0.618881 -0.714431
outer loop
vertex -0.007111 -0.015817 -0.021383
vertex -0.000553 -0.021903 -0.013114
vertex -0.005297 -0.022617 -0.014664
endloop
endfacet
facet normal 0.299652 -0.770518 -0.562592
outer loop
vertex -0.000553 -0.021903 -0.013114
vertex 0.011435 -0.026905 0.000121
vertex -0.005297 -0.022617 -0.014664
endloop
endfacet
facet normal 0.492041 -0.303257 -0.816046
outer loop
vertex -0.011201 -0.017015 -0.020306
vertex -0.005297 -0.022617 -0.014664
vertex -0.007158 -0.024600 -0.015049
endloop
endfacet
facet normal 0.502151 -0.295554 -0.812706
outer loop
vertex -0.011201 -0.017015 -0.020306
vertex -0.007158 -0.024600 -0.015049
vertex -0.013012 -0.020029 -0.020329
endloop
endfacet
facet normal 0.547397 -0.367678 -0.751778
outer loop
vertex -0.005297 -0.022617 -0.014664
vertex 0.003445 -0.030084 -0.004647
vertex -0.007158 -0.024600 -0.015049
endloop
endfacet
facet normal 0.576886 -0.328120 -0.748024
outer loop
vertex 0.011435 -0.026905 0.000121
vertex 0.003445 -0.030084 -0.004647
vertex -0.005297 -0.022617 -0.014664
endloop
endfacet
facet normal 0.578214 -0.343208 -0.740187
outer loop
vertex 0.022230 -0.031316 0.010599
vertex 0.003445 -0.030084 -0.004647
vertex 0.011435 -0.026905 0.000121
endloop
endfacet
facet normal 0.671681 -0.099951 -0.734067
outer loop
vertex 0.011435 -0.026905 0.000121
vertex 0.022648 -0.026314 0.010300
vertex 0.022230 -0.031316 0.010599
endloop
endfacet
facet normal 0.631404 0.064626 -0.772757
outer loop
vertex 0.010548 -0.033344 0.000885
vertex 0.003445 -0.030084 -0.004647
vertex 0.022230 -0.031316 0.010599
endloop
endfacet
facet normal 0.522327 0.452766 -0.722618
outer loop
vertex 0.018209 -0.034598 0.005637
vertex 0.010548 -0.033344 0.000885
vertex 0.022230 -0.031316 0.010599
endloop
endfacet
facet normal -0.654853 -0.606304 0.451180
outer loop
vertex -0.031281 -0.022775 0.014621
vertex -0.034880 -0.018494 0.015150
vertex -0.033114 -0.022461 0.012381
endloop
endfacet
facet normal -0.102278 -0.912790 -0.395416
outer loop
vertex -0.028101 -0.024491 0.015017
vertex -0.030802 -0.022788 0.011786
vertex -0.026314 -0.022648 0.010300
endloop
endfacet
facet normal -0.466495 -0.881380 -0.074513
outer loop
vertex -0.030802 -0.022788 0.011786
vertex -0.028101 -0.024491 0.015017
vertex -0.031281 -0.022775 0.014621
endloop
endfacet
facet normal -0.463285 -0.880800 -0.097770
outer loop
vertex -0.031847 -0.022920 0.018618
vertex -0.031281 -0.022775 0.014621
vertex -0.028101 -0.024491 0.015017
endloop
endfacet
facet normal -0.145047 -0.989229 -0.019667
outer loop
vertex -0.033114 -0.022461 0.012381
vertex -0.030802 -0.022788 0.011786
vertex -0.031281 -0.022775 0.014621
endloop
endfacet
facet normal 0.769430 0.564912 0.298081
outer loop
vertex 0.031653 0.022424 0.015708
vertex 0.035202 0.018246 0.014464
vertex 0.032827 0.022408 0.012707
endloop
endfacet
facet normal 0.134060 0.904656 -0.404506
outer loop
vertex 0.028098 0.024493 0.015018
vertex 0.031059 0.022009 0.010444
vertex 0.026314 0.022648 0.010300
endloop
endfacet
facet normal 0.233522 0.909861 -0.342959
outer loop
vertex 0.031059 0.022009 0.010444
vertex 0.028098 0.024493 0.015018
vertex 0.032827 0.022408 0.012707
endloop
endfacet
facet normal -0.766261 -0.148898 0.625038
outer loop
vertex 0.032827 0.022408 0.012707
vertex 0.031669 0.022826 0.011386
vertex 0.031059 0.022009 0.010444
endloop
endfacet
facet normal 0.520555 0.835236 -0.177211
outer loop
vertex 0.031847 0.022920 0.018618
vertex 0.031653 0.022424 0.015708
vertex 0.028098 0.024493 0.015018
endloop
endfacet
facet normal 0.468812 0.864998 0.178871
outer loop
vertex 0.028098 0.024493 0.015018
vertex 0.031653 0.022424 0.015708
vertex 0.032827 0.022408 0.012707
endloop
endfacet
facet normal 0.546808 0.225530 -0.806311
outer loop
vertex 0.019614 -0.003527 -0.016529
vertex 0.017044 -0.010493 -0.020219
vertex 0.015001 -0.009683 -0.021378
endloop
endfacet
facet normal 0.575214 0.207122 -0.791347
outer loop
vertex 0.017044 -0.010493 -0.020219
vertex 0.019614 -0.003527 -0.016529
vertex 0.021162 -0.006379 -0.016149
endloop
endfacet
facet normal 0.368601 0.506074 -0.779758
outer loop
vertex 0.021162 -0.006379 -0.016149
vertex 0.023946 0.002695 -0.008944
vertex 0.024782 -0.006744 -0.014675
endloop
endfacet
facet normal 0.639966 0.439398 -0.630375
outer loop
vertex 0.024782 -0.006744 -0.014675
vertex 0.023946 0.002695 -0.008944
vertex 0.026940 0.011645 0.000334
endloop
endfacet
facet normal 0.313064 0.578202 -0.753441
outer loop
vertex 0.024782 -0.006744 -0.014675
vertex 0.026940 0.011645 0.000334
vertex 0.029941 0.002868 -0.005155
endloop
endfacet
facet normal 0.377131 0.432669 -0.818883
outer loop
vertex 0.017044 -0.010493 -0.020219
vertex 0.021162 -0.006379 -0.016149
vertex 0.024782 -0.006744 -0.014675
endloop
endfacet
facet normal 0.363764 0.452957 -0.813945
outer loop
vertex 0.017044 -0.010493 -0.020219
vertex 0.024782 -0.006744 -0.014675
vertex 0.020011 -0.012975 -0.020275
endloop
endfacet
facet normal 0.348757 0.579745 -0.736386
outer loop
vertex 0.031059 0.022009 0.010444
vertex 0.029941 0.002868 -0.005155
vertex 0.026940 0.011645 0.000334
endloop
endfacet
facet normal 0.112483 0.670596 -0.733246
outer loop
vertex 0.026940 0.011645 0.000334
vertex 0.026314 0.022648 0.010300
vertex 0.031059 0.022009 0.010444
endloop
endfacet
facet normal 0.704009 0.296464 -0.645353
outer loop
vertex 0.019614 -0.003527 -0.016529
vertex 0.023946 0.002695 -0.008944
vertex 0.021162 -0.006379 -0.016149
endloop
endfacet
facet normal -0.057501 0.632705 -0.772255
outer loop
vertex 0.033345 0.010548 0.000884
vertex 0.029941 0.002868 -0.005155
vertex 0.031059 0.022009 0.010444
endloop
endfacet
facet normal 0.010301 -0.803188 -0.595637
outer loop
vertex 0.012997 -0.010451 -0.022397
vertex 0.016057 -0.012422 -0.019686
vertex 0.013750 -0.014139 -0.017411
endloop
endfacet
facet normal -0.087505 -0.750508 -0.655043
outer loop
vertex 0.017305 -0.013801 -0.018273
vertex 0.013750 -0.014139 -0.017411
vertex 0.016057 -0.012422 -0.019686
endloop
endfacet
facet normal 0.520206 -0.294773 -0.801558
outer loop
vertex 0.012997 -0.010451 -0.022397
vertex 0.015001 -0.009683 -0.021378
vertex 0.016057 -0.012422 -0.019686
endloop
endfacet
facet normal -0.169614 -0.181029 -0.968741
outer loop
vertex 0.016057 -0.012422 -0.019686
vertex 0.017044 -0.010493 -0.020219
vertex 0.020011 -0.012975 -0.020275
endloop
endfacet
facet normal 0.325549 -0.403068 -0.855309
outer loop
vertex 0.017044 -0.010493 -0.020219
vertex 0.016057 -0.012422 -0.019686
vertex 0.015001 -0.009683 -0.021378
endloop
endfacet
facet normal 0.076255 -0.994240 -0.075310
outer loop
vertex 0.017305 -0.013801 -0.018273
vertex 0.022185 -0.013850 -0.012679
vertex 0.013750 -0.014139 -0.017411
endloop
endfacet
facet normal 0.152730 -0.964948 -0.213424
outer loop
vertex 0.022185 -0.013850 -0.012679
vertex 0.017951 -0.015015 -0.010441
vertex 0.013750 -0.014139 -0.017411
endloop
endfacet
facet normal 0.727667 0.666472 -0.162219
outer loop
vertex 0.035202 0.018246 0.014464
vertex 0.031653 0.022424 0.015708
vertex 0.031847 0.022920 0.018618
endloop
endfacet
facet normal 0.946579 0.322336 0.009428
outer loop
vertex 0.036912 0.013203 0.015201
vertex 0.035202 0.018246 0.014464
vertex 0.035849 0.016226 0.018656
endloop
endfacet
facet normal 0.958711 0.279902 0.050276
outer loop
vertex 0.036912 0.013203 0.015201
vertex 0.035849 0.016226 0.018656
vertex 0.037752 0.009793 0.018172
endloop
endfacet
facet normal 0.747252 0.337058 0.572718
outer loop
vertex 0.037570 0.017086 0.012058
vertex 0.035202 0.018246 0.014464
vertex 0.036912 0.013203 0.015201
endloop
endfacet
facet normal 0.703940 0.576724 0.414558
outer loop
vertex 0.035202 0.018246 0.014464
vertex 0.037570 0.017086 0.012058
vertex 0.032827 0.022408 0.012707
endloop
endfacet
facet normal 0.934304 0.114927 0.337443
outer loop
vertex 0.038591 0.009808 0.011709
vertex 0.037570 0.017086 0.012058
vertex 0.036912 0.013203 0.015201
endloop
endfacet
facet normal 0.883254 -0.467539 0.035639
outer loop
vertex 0.035988 -0.001813 0.008326
vertex 0.036243 -0.000983 0.012898
vertex 0.033257 -0.006938 0.008763
endloop
endfacet
facet normal 0.649293 -0.269893 0.711039
outer loop
vertex 0.038591 0.009808 0.011709
vertex 0.037885 0.002794 0.009691
vertex 0.039600 0.006302 0.009457
endloop
endfacet
facet normal 0.876551 -0.426882 0.222328
outer loop
vertex 0.037445 0.004793 0.015266
vertex 0.035988 -0.001813 0.008326
vertex 0.037885 0.002794 0.009691
endloop
endfacet
facet normal 0.805791 -0.446975 0.388477
outer loop
vertex 0.037383 -0.001612 0.005664
vertex 0.037885 0.002794 0.009691
vertex 0.035988 -0.001813 0.008326
endloop
endfacet
facet normal 0.227000 -0.890317 0.394723
outer loop
vertex 0.033257 -0.006938 0.008763
vertex 0.023954 -0.014164 -0.002184
vertex 0.029895 -0.010088 0.003593
endloop
endfacet
facet normal 0.653026 -0.755283 -0.055713
outer loop
vertex 0.027154 -0.011855 -0.004578
vertex 0.032972 -0.007267 0.001415
vertex 0.029895 -0.010088 0.003593
endloop
endfacet
facet normal 0.446542 -0.863176 -0.235644
outer loop
vertex 0.023954 -0.014164 -0.002184
vertex 0.017951 -0.015015 -0.010441
vertex 0.027154 -0.011855 -0.004578
endloop
endfacet
facet normal 0.292238 -0.954714 0.055844
outer loop
vertex 0.022185 -0.013850 -0.012679
vertex 0.027154 -0.011855 -0.004578
vertex 0.017951 -0.015015 -0.010441
endloop
endfacet
facet normal 0.852438 0.510146 0.114459
outer loop
vertex 0.031847 0.022920 0.018618
vertex 0.035849 0.016226 0.018656
vertex 0.035202 0.018246 0.014464
endloop
endfacet
facet normal 0.976513 0.060263 -0.206860
outer loop
vertex 0.037445 0.004793 0.015266
vertex 0.036912 0.013203 0.015201
vertex 0.037752 0.009793 0.018172
endloop
endfacet
facet normal 0.921538 0.061336 0.383414
outer loop
vertex 0.038591 0.009808 0.011709
vertex 0.036912 0.013203 0.015201
vertex 0.037445 0.004793 0.015266
endloop
endfacet
facet normal 0.980380 -0.196197 -0.019034
outer loop
vertex 0.035988 -0.001813 0.008326
vertex 0.037445 0.004793 0.015266
vertex 0.036243 -0.000983 0.012898
endloop
endfacet
facet normal 0.982772 -0.135111 0.126110
outer loop
vertex 0.037885 0.002794 0.009691
vertex 0.038591 0.009808 0.011709
vertex 0.037445 0.004793 0.015266
endloop
endfacet
facet normal 0.857353 -0.397109 0.327491
outer loop
vertex 0.037885 0.002794 0.009691
vertex 0.037383 -0.001612 0.005664
vertex 0.039600 0.006302 0.009457
endloop
endfacet
facet normal 0.842567 -0.471175 -0.260912
outer loop
vertex 0.033257 -0.006938 0.008763
vertex 0.029895 -0.010088 0.003593
vertex 0.035988 -0.001813 0.008326
endloop
endfacet
facet normal 0.576735 -0.816758 -0.016820
outer loop
vertex 0.029895 -0.010088 0.003593
vertex 0.023954 -0.014164 -0.002184
vertex 0.027154 -0.011855 -0.004578
endloop
endfacet
facet normal 0.641824 -0.712913 0.282518
outer loop
vertex 0.035988 -0.001813 0.008326
vertex 0.032972 -0.007267 0.001415
vertex 0.037383 -0.001612 0.005664
endloop
endfacet
facet normal 0.733926 -0.651076 0.193527
outer loop
vertex 0.035988 -0.001813 0.008326
vertex 0.029895 -0.010088 0.003593
vertex 0.032972 -0.007267 0.001415
endloop
endfacet
facet normal -0.099730 -0.916229 -0.388044
outer loop
vertex -0.026314 -0.022648 0.010300
vertex -0.030802 -0.022788 0.011786
vertex -0.031316 -0.022230 0.010599
endloop
endfacet
facet normal -0.657085 -0.127203 -0.743007
outer loop
vertex -0.014361 0.008836 -0.022274
vertex -0.019078 0.004148 -0.017300
vertex -0.017040 0.011135 -0.020299
endloop
endfacet
facet normal -0.602696 -0.159725 -0.781822
outer loop
vertex -0.019078 0.004148 -0.017300
vertex -0.021162 0.006379 -0.016149
vertex -0.017040 0.011135 -0.020299
endloop
endfacet
facet normal -0.369910 -0.496327 -0.785383
outer loop
vertex -0.021162 0.006379 -0.016149
vertex -0.023560 -0.001676 -0.009929
vertex -0.024782 0.006744 -0.014675
endloop
endfacet
facet normal -0.618574 -0.451978 -0.642715
outer loop
vertex -0.024782 0.006744 -0.014675
vertex -0.023560 -0.001676 -0.009929
vertex -0.026940 -0.011645 0.000334
endloop
endfacet
facet normal -0.313064 -0.578203 -0.753440
outer loop
vertex -0.024782 0.006744 -0.014675
vertex -0.026940 -0.011645 0.000334
vertex -0.029941 -0.002868 -0.005155
endloop
endfacet
facet normal -0.380104 -0.398705 -0.834599
outer loop
vertex -0.017040 0.011135 -0.020299
vertex -0.021162 0.006379 -0.016149
vertex -0.024782 0.006744 -0.014675
endloop
endfacet
facet normal -0.316265 -0.485894 -0.814791
outer loop
vertex -0.017040 0.011135 -0.020299
vertex -0.024782 0.006744 -0.014675
vertex -0.019849 0.012952 -0.020292
endloop
endfacet
facet normal -0.338179 -0.579380 -0.741588
outer loop
vertex -0.031316 -0.022230 0.010599
vertex -0.029941 -0.002868 -0.005155
vertex -0.026940 -0.011645 0.000334
endloop
endfacet
facet normal -0.099934 -0.671105 -0.734596
outer loop
vertex -0.026940 -0.011645 0.000334
vertex -0.026314 -0.022648 0.010300
vertex -0.031316 -0.022230 0.010599
endloop
endfacet
facet normal -0.688593 -0.303532 -0.658566
outer loop
vertex -0.019078 0.004148 -0.017300
vertex -0.023560 -0.001676 -0.009929
vertex -0.021162 0.006379 -0.016149
endloop
endfacet
facet normal 0.056672 -0.632535 -0.772455
outer loop
vertex -0.033344 -0.010548 0.000885
vertex -0.029941 -0.002868 -0.005155
vertex -0.031316 -0.022230 0.010599
endloop
endfacet
facet normal 0.452767 -0.522327 -0.722618
outer loop
vertex -0.034598 -0.018209 0.005637
vertex -0.033344 -0.010548 0.000885
vertex -0.031316 -0.022230 0.010599
endloop
endfacet
facet normal 0.113899 0.913501 -0.390567
outer loop
vertex -0.013061 0.012668 -0.019969
vertex -0.017414 0.013833 -0.018515
vertex -0.014622 0.014136 -0.016990
endloop
endfacet
facet normal -0.136222 0.533265 -0.834908
outer loop
vertex -0.013061 0.012668 -0.019969
vertex -0.017040 0.011135 -0.020299
vertex -0.017414 0.013833 -0.018515
endloop
endfacet
facet normal 0.353404 0.549657 -0.756956
outer loop
vertex -0.019849 0.012952 -0.020292
vertex -0.017414 0.013833 -0.018515
vertex -0.017040 0.011135 -0.020299
endloop
endfacet
facet normal -0.141459 0.545029 -0.826398
outer loop
vertex -0.017040 0.011135 -0.020299
vertex -0.013061 0.012668 -0.019969
vertex -0.014361 0.008836 -0.022274
endloop
endfacet
facet normal -0.157436 0.965044 -0.209532
outer loop
vertex -0.017951 0.015015 -0.010441
vertex -0.014622 0.014136 -0.016990
vertex -0.022289 0.013834 -0.012623
endloop
endfacet
facet normal -0.074504 0.995301 -0.061852
outer loop
vertex -0.014622 0.014136 -0.016990
vertex -0.017414 0.013833 -0.018515
vertex -0.022289 0.013834 -0.012623
endloop
endfacet
facet normal -0.766726 -0.628352 -0.131551
outer loop
vertex -0.034880 -0.018494 0.015150
vertex -0.031281 -0.022775 0.014621
vertex -0.031847 -0.022920 0.018618
endloop
endfacet
facet normal 0.892824 0.038874 0.448724
outer loop
vertex -0.014622 0.014136 -0.016990
vertex -0.017951 0.015015 -0.010441
vertex -0.013061 0.012668 -0.019969
endloop
endfacet
facet normal -0.933264 -0.358243 -0.026073
outer loop
vertex -0.036912 -0.013203 0.015201
vertex -0.034880 -0.018494 0.015150
vertex -0.035849 -0.016226 0.018656
endloop
endfacet
facet normal -0.958711 -0.279902 0.050276
outer loop
vertex -0.036912 -0.013203 0.015201
vertex -0.035849 -0.016226 0.018656
vertex -0.037752 -0.009793 0.018172
endloop
endfacet
facet normal -0.676379 -0.599575 0.427809
outer loop
vertex -0.036433 -0.018813 0.012248
vertex -0.033114 -0.022461 0.012381
vertex -0.034880 -0.018494 0.015150
endloop
endfacet
facet normal -0.843417 -0.304939 0.442335
outer loop
vertex -0.038848 -0.013121 0.011567
vertex -0.036433 -0.018813 0.012248
vertex -0.036912 -0.013203 0.015201
endloop
endfacet
facet normal -0.882085 0.024650 0.470444
outer loop
vertex -0.038153 -0.008729 0.012640
vertex -0.038848 -0.013121 0.011567
vertex -0.036912 -0.013203 0.015201
endloop
endfacet
facet normal -0.883253 0.467539 0.035641
outer loop
vertex -0.035988 0.001813 0.008326
vertex -0.036243 0.000983 0.012898
vertex -0.033257 0.006938 0.008763
endloop
endfacet
facet normal -0.743314 0.324222 0.585119
outer loop
vertex -0.038153 -0.008729 0.012640
vertex -0.037885 -0.002794 0.009691
vertex -0.039600 -0.006302 0.009457
endloop
endfacet
facet normal -0.876553 0.426880 0.222326
outer loop
vertex -0.037445 -0.004793 0.015266
vertex -0.035988 0.001813 0.008326
vertex -0.037885 -0.002794 0.009691
endloop
endfacet
facet normal -0.805791 0.446975 0.388477
outer loop
vertex -0.037383 0.001612 0.005664
vertex -0.037885 -0.002794 0.009691
vertex -0.035988 0.001813 0.008326
endloop
endfacet
facet normal -0.226999 0.890317 0.394725
outer loop
vertex -0.033257 0.006938 0.008763
vertex -0.023954 0.014164 -0.002184
vertex -0.029895 0.010088 0.003593
endloop
endfacet
facet normal -0.653026 0.755283 -0.055713
outer loop
vertex -0.027154 0.011855 -0.004578
vertex -0.032972 0.007267 0.001415
vertex -0.029895 0.010088 0.003593
endloop
endfacet
facet normal -0.446542 0.863176 -0.235643
outer loop
vertex -0.023954 0.014164 -0.002184
vertex -0.017951 0.015015 -0.010441
vertex -0.027154 0.011855 -0.004578
endloop
endfacet
facet normal -0.290037 0.955162 0.059539
outer loop
vertex -0.022289 0.013834 -0.012623
vertex -0.027154 0.011855 -0.004578
vertex -0.017951 0.015015 -0.010441
endloop
endfacet
facet normal -0.854277 -0.511130 0.094640
outer loop
vertex -0.031847 -0.022920 0.018618
vertex -0.035849 -0.016226 0.018656
vertex -0.034880 -0.018494 0.015150
endloop
endfacet
facet normal -0.976513 -0.060263 -0.206860
outer loop
vertex -0.037445 -0.004793 0.015266
vertex -0.036912 -0.013203 0.015201
vertex -0.037752 -0.009793 0.018172
endloop
endfacet
facet normal -0.820387 -0.319690 0.474093
outer loop
vertex -0.034880 -0.018494 0.015150
vertex -0.036912 -0.013203 0.015201
vertex -0.036433 -0.018813 0.012248
endloop
endfacet
facet normal -0.936400 -0.061983 0.345418
outer loop
vertex -0.038153 -0.008729 0.012640
vertex -0.036912 -0.013203 0.015201
vertex -0.037445 -0.004793 0.015266
endloop
endfacet
facet normal -0.980380 0.196198 -0.019034
outer loop
vertex -0.035988 0.001813 0.008326
vertex -0.037445 -0.004793 0.015266
vertex -0.036243 0.000983 0.012898
endloop
endfacet
facet normal -0.988236 0.101429 0.114465
outer loop
vertex -0.037885 -0.002794 0.009691
vertex -0.038153 -0.008729 0.012640
vertex -0.037445 -0.004793 0.015266
endloop
endfacet
facet normal -0.899232 0.035773 0.436007
outer loop
vertex -0.039600 -0.006302 0.009457
vertex -0.038848 -0.013121 0.011567
vertex -0.038153 -0.008729 0.012640
endloop
endfacet
facet normal -0.857353 0.397109 0.327491
outer loop
vertex -0.037885 -0.002794 0.009691
vertex -0.037383 0.001612 0.005664
vertex -0.039600 -0.006302 0.009457
endloop
endfacet
facet normal -0.842567 0.471175 -0.260913
outer loop
vertex -0.033257 0.006938 0.008763
vertex -0.029895 0.010088 0.003593
vertex -0.035988 0.001813 0.008326
endloop
endfacet
facet normal -0.576735 0.816758 -0.016820
outer loop
vertex -0.029895 0.010088 0.003593
vertex -0.023954 0.014164 -0.002184
vertex -0.027154 0.011855 -0.004578
endloop
endfacet
facet normal -0.641824 0.712913 0.282518
outer loop
vertex -0.035988 0.001813 0.008326
vertex -0.032972 0.007267 0.001415
vertex -0.037383 0.001612 0.005664
endloop
endfacet
facet normal -0.733926 0.651076 0.193527
outer loop
vertex -0.035988 0.001813 0.008326
vertex -0.029895 0.010088 0.003593
vertex -0.032972 0.007267 0.001415
endloop
endfacet
facet normal -0.564912 0.769430 0.298079
outer loop
vertex -0.022424 0.031653 0.015708
vertex -0.018246 0.035202 0.014464
vertex -0.022408 0.032827 0.012707
endloop
endfacet
facet normal -0.904656 0.134061 -0.404507
outer loop
vertex -0.024493 0.028098 0.015018
vertex -0.022009 0.031059 0.010444
vertex -0.022648 0.026314 0.010300
endloop
endfacet
facet normal -0.909861 0.233522 -0.342958
outer loop
vertex -0.022009 0.031059 0.010444
vertex -0.024493 0.028098 0.015018
vertex -0.022408 0.032827 0.012707
endloop
endfacet
facet normal 0.148896 -0.766259 0.625041
outer loop
vertex -0.022408 0.032827 0.012707
vertex -0.022826 0.031669 0.011386
vertex -0.022009 0.031059 0.010444
endloop
endfacet
facet normal -0.835235 0.520555 -0.177213
outer loop
vertex -0.022920 0.031847 0.018618
vertex -0.022424 0.031653 0.015708
vertex -0.024493 0.028098 0.015018
endloop
endfacet
facet normal -0.864997 0.468812 0.178870
outer loop
vertex -0.024493 0.028098 0.015018
vertex -0.022424 0.031653 0.015708
vertex -0.022408 0.032827 0.012707
endloop
endfacet
facet normal 0.964378 0.154728 -0.214557
outer loop
vertex 0.015015 0.017951 -0.010441
vertex 0.014139 0.013750 -0.017411
vertex 0.013834 0.022289 -0.012623
endloop
endfacet
facet normal 0.976847 0.130099 -0.169839
outer loop
vertex 0.014139 0.013750 -0.017411
vertex 0.013578 0.016551 -0.018491
vertex 0.013834 0.022289 -0.012623
endloop
endfacet
facet normal -0.666471 0.727668 -0.162218
outer loop
vertex -0.018246 0.035202 0.014464
vertex -0.022424 0.031653 0.015708
vertex -0.022920 0.031847 0.018618
endloop
endfacet
facet normal -0.322336 0.946578 0.009430
outer loop
vertex -0.013203 0.036912 0.015201
vertex -0.018246 0.035202 0.014464
vertex -0.016226 0.035849 0.018656
endloop
endfacet
facet normal -0.279903 0.958711 0.050277
outer loop
vertex -0.013203 0.036912 0.015201
vertex -0.016226 0.035849 0.018656
vertex -0.009793 0.037752 0.018172
endloop
endfacet
facet normal -0.337058 0.747253 0.572717
outer loop
vertex -0.017086 0.037570 0.012058
vertex -0.018246 0.035202 0.014464
vertex -0.013203 0.036912 0.015201
endloop
endfacet
facet normal -0.576724 0.703939 0.414559
outer loop
vertex -0.018246 0.035202 0.014464
vertex -0.017086 0.037570 0.012058
vertex -0.022408 0.032827 0.012707
endloop
endfacet
facet normal -0.114927 0.934304 0.337444
outer loop
vertex -0.009808 0.038591 0.011709
vertex -0.017086 0.037570 0.012058
vertex -0.013203 0.036912 0.015201
endloop
endfacet
facet normal 0.467539 0.883254 0.035638
outer loop
vertex 0.001813 0.035988 0.008326
vertex 0.000983 0.036243 0.012898
vertex 0.006938 0.033257 0.008763
endloop
endfacet
facet normal 0.269894 0.649295 0.711037
outer loop
vertex -0.009808 0.038591 0.011709
vertex -0.002794 0.037885 0.009691
vertex -0.006302 0.039600 0.009457
endloop
endfacet
facet normal 0.426882 0.876551 0.222327
outer loop
vertex -0.004793 0.037445 0.015266
vertex 0.001813 0.035988 0.008326
vertex -0.002794 0.037885 0.009691
endloop
endfacet
facet normal 0.446975 0.805791 0.388478
outer loop
vertex 0.001612 0.037383 0.005664
vertex -0.002794 0.037885 0.009691
vertex 0.001813 0.035988 0.008326
endloop
endfacet
facet normal 0.890318 0.227000 0.394721
outer loop
vertex 0.006938 0.033257 0.008763
vertex 0.014164 0.023954 -0.002184
vertex 0.010088 0.029895 0.003593
endloop
endfacet
facet normal 0.753122 0.656083 -0.048595
outer loop
vertex 0.011121 0.028203 -0.003251
vertex 0.007267 0.032972 0.001415
vertex 0.010088 0.029895 0.003593
endloop
endfacet
facet normal 0.820812 0.545075 -0.170764
outer loop
vertex 0.012967 0.024612 -0.005839
vertex 0.011121 0.028203 -0.003251
vertex 0.014164 0.023954 -0.002184
endloop
endfacet
facet normal 0.882480 0.419025 -0.213650
outer loop
vertex 0.014164 0.023954 -0.002184
vertex 0.015015 0.017951 -0.010441
vertex 0.012967 0.024612 -0.005839
endloop
endfacet
facet normal 0.960773 0.275884 0.028351
outer loop
vertex 0.013834 0.022289 -0.012623
vertex 0.012967 0.024612 -0.005839
vertex 0.015015 0.017951 -0.010441
endloop
endfacet
facet normal -0.510145 0.852438 0.114458
outer loop
vertex -0.022920 0.031847 0.018618
vertex -0.016226 0.035849 0.018656
vertex -0.018246 0.035202 0.014464
endloop
endfacet
facet normal -0.060263 0.976512 -0.206863
outer loop
vertex -0.004793 0.037445 0.015266
vertex -0.013203 0.036912 0.015201
vertex -0.009793 0.037752 0.018172
endloop
endfacet
facet normal -0.061336 0.921537 0.383416
outer loop
vertex -0.009808 0.038591 0.011709
vertex -0.013203 0.036912 0.015201
vertex -0.004793 0.037445 0.015266
endloop
endfacet
facet normal 0.196198 0.980380 -0.019035
outer loop
vertex 0.001813 0.035988 0.008326
vertex -0.004793 0.037445 0.015266
vertex 0.000983 0.036243 0.012898
endloop
endfacet
facet normal 0.135110 0.982772 0.126111
outer loop
vertex -0.002794 0.037885 0.009691
vertex -0.009808 0.038591 0.011709
vertex -0.004793 0.037445 0.015266
endloop
endfacet
facet normal 0.397109 0.857353 0.327491
outer loop
vertex -0.002794 0.037885 0.009691
vertex 0.001612 0.037383 0.005664
vertex -0.006302 0.039600 0.009457
endloop
endfacet
facet normal 0.471174 0.842567 -0.260913
outer loop
vertex 0.006938 0.033257 0.008763
vertex 0.010088 0.029895 0.003593
vertex 0.001813 0.035988 0.008326
endloop
endfacet
facet normal 0.815170 0.578872 -0.020137
outer loop
vertex 0.010088 0.029895 0.003593
vertex 0.014164 0.023954 -0.002184
vertex 0.011121 0.028203 -0.003251
endloop
endfacet
facet normal 0.712913 0.641824 0.282519
outer loop
vertex 0.001813 0.035988 0.008326
vertex 0.007267 0.032972 0.001415
vertex 0.001612 0.037383 0.005664
endloop
endfacet
facet normal 0.651076 0.733926 0.193526
outer loop
vertex 0.001813 0.035988 0.008326
vertex 0.010088 0.029895 0.003593
vertex 0.007267 0.032972 0.001415
endloop
endfacet
facet normal 0.871049 0.488022 -0.055759
outer loop
vertex 0.013834 0.022289 -0.012623
vertex 0.011121 0.028203 -0.003251
vertex 0.012967 0.024612 -0.005839
endloop
endfacet
facet normal 0.781041 0.164219 -0.602501
outer loop
vertex 0.010451 0.012997 -0.022397
vertex 0.011203 0.016996 -0.020331
vertex 0.014139 0.013750 -0.017411
endloop
endfacet
facet normal 0.578840 -0.190008 -0.792995
outer loop
vertex 0.011203 0.016996 -0.020331
vertex 0.013578 0.016551 -0.018491
vertex 0.014139 0.013750 -0.017411
endloop
endfacet
facet normal 0.012968 0.456961 -0.889392
outer loop
vertex 0.010451 0.012997 -0.022397
vertex 0.009683 0.015001 -0.021378
vertex 0.011203 0.016996 -0.020331
endloop
endfacet
facet normal 0.510175 -0.407964 -0.757157
outer loop
vertex 0.014567 0.020588 -0.020000
vertex 0.013578 0.016551 -0.018491
vertex 0.011203 0.016996 -0.020331
endloop
endfacet
facet normal 0.256473 -0.152176 -0.954497
outer loop
vertex 0.013012 0.020029 -0.020329
vertex 0.014567 0.020588 -0.020000
vertex 0.011203 0.016996 -0.020331
endloop
endfacet
facet normal -0.200080 0.570508 -0.796548
outer loop
vertex 0.003527 0.019614 -0.016529
vertex 0.011203 0.016996 -0.020331
vertex 0.009683 0.015001 -0.021378
endloop
endfacet
facet normal -0.184813 0.594724 -0.782399
outer loop
vertex 0.011203 0.016996 -0.020331
vertex 0.003527 0.019614 -0.016529
vertex 0.005297 0.022617 -0.014664
endloop
endfacet
facet normal -0.218401 0.842960 -0.491650
outer loop
vertex -0.002631 0.023573 -0.009502
vertex -0.011435 0.026905 0.000121
vertex 0.005297 0.022617 -0.014664
endloop
endfacet
facet normal -0.492824 0.304147 -0.815242
outer loop
vertex 0.011203 0.016996 -0.020331
vertex 0.005297 0.022617 -0.014664
vertex 0.007158 0.024600 -0.015049
endloop
endfacet
facet normal -0.499805 0.298842 -0.812950
outer loop
vertex 0.011203 0.016996 -0.020331
vertex 0.007158 0.024600 -0.015049
vertex 0.013012 0.020029 -0.020329
endloop
endfacet
facet normal -0.547398 0.367678 -0.751777
outer loop
vertex 0.005297 0.022617 -0.014664
vertex -0.003445 0.030084 -0.004647
vertex 0.007158 0.024600 -0.015049
endloop
endfacet
facet normal -0.576886 0.328120 -0.748024
outer loop
vertex -0.011435 0.026905 0.000121
vertex -0.003445 0.030084 -0.004647
vertex 0.005297 0.022617 -0.014664
endloop
endfacet
facet normal -0.578977 0.352841 -0.735043
outer loop
vertex -0.022009 0.031059 0.010444
vertex -0.003445 0.030084 -0.004647
vertex -0.011435 0.026905 0.000121
endloop
endfacet
facet normal -0.671140 0.112542 -0.732738
outer loop
vertex -0.011435 0.026905 0.000121
vertex -0.022648 0.026314 0.010300
vertex -0.022009 0.031059 0.010444
endloop
endfacet
facet normal -0.365249 0.636839 -0.678992
outer loop
vertex 0.003527 0.019614 -0.016529
vertex -0.002631 0.023573 -0.009502
vertex 0.005297 0.022617 -0.014664
endloop
endfacet
facet normal -0.631500 -0.065130 -0.772636
outer loop
vertex -0.010548 0.033345 0.000884
vertex -0.003445 0.030084 -0.004647
vertex -0.022009 0.031059 0.010444
endloop
endfacet
facet normal -0.194005 0.883157 -0.427078
outer loop
vertex -0.004793 0.037445 0.015266
vertex -0.009793 0.037752 0.018172
vertex -0.002191 0.042723 0.024998
endloop
endfacet
facet normal -0.215190 0.887785 -0.406855
outer loop
vertex -0.002191 0.042723 0.024998
vertex -0.009793 0.037752 0.018172
vertex -0.017263 0.039070 0.024999
endloop
endfacet
facet normal -0.282729 0.835757 -0.470717
outer loop
vertex -0.009793 0.037752 0.018172
vertex -0.016226 0.035849 0.018656
vertex -0.017263 0.039070 0.024999
endloop
endfacet
facet normal -0.873694 0.061687 -0.482548
outer loop
vertex -0.023560 -0.001676 -0.009929
vertex -0.019078 0.004148 -0.017300
vertex -0.015121 -0.000040 -0.025000
endloop
endfacet
facet normal -0.818188 0.210568 -0.535003
outer loop
vertex -0.015121 -0.000040 -0.025000
vertex -0.019078 0.004148 -0.017300
vertex -0.013126 0.007708 -0.025001
endloop
endfacet
facet normal -0.816966 0.298540 -0.493397
outer loop
vertex -0.019078 0.004148 -0.017300
vertex -0.014361 0.008836 -0.022274
vertex -0.013126 0.007708 -0.025001
endloop
endfacet
facet normal -0.661362 0.538453 -0.522176
outer loop
vertex -0.014361 0.008836 -0.022274
vertex -0.013061 0.012668 -0.019969
vertex -0.013126 0.007708 -0.025001
endloop
endfacet
facet normal -0.453197 0.762658 -0.461482
outer loop
vertex -0.016226 0.035849 0.018656
vertex -0.022920 0.031847 0.018618
vertex -0.017263 0.039070 0.024999
endloop
endfacet
facet normal -0.496866 0.759728 -0.419450
outer loop
vertex -0.017263 0.039070 0.024999
vertex -0.022920 0.031847 0.018618
vertex -0.028542 0.031694 0.025000
endloop
endfacet
facet normal -0.880258 -0.011294 -0.474360
outer loop
vertex -0.037445 -0.004793 0.015266
vertex -0.042723 -0.002191 0.024999
vertex -0.036243 0.000983 0.012898
endloop
endfacet
facet normal -0.887426 0.149542 -0.436018
outer loop
vertex -0.042723 -0.002191 0.024999
vertex -0.039481 0.017042 0.024996
vertex -0.036243 0.000983 0.012898
endloop
endfacet
facet normal -0.889897 0.146113 -0.432127
outer loop
vertex -0.036243 0.000983 0.012898
vertex -0.039481 0.017042 0.024996
vertex -0.033257 0.006938 0.008763
endloop
endfacet
facet normal -0.554318 0.685635 -0.471843
outer loop
vertex -0.022920 0.031847 0.018618
vertex -0.024493 0.028098 0.015018
vertex -0.028542 0.031694 0.025000
endloop
endfacet
facet normal -0.559125 0.594065 -0.578330
outer loop
vertex -0.013126 0.007708 -0.025001
vertex -0.013061 0.012668 -0.019969
vertex -0.007027 0.013447 -0.025003
endloop
endfacet
facet normal -0.815387 0.296553 -0.497193
outer loop
vertex -0.033257 0.006938 0.008763
vertex -0.039481 0.017042 0.024996
vertex -0.023954 0.014164 -0.002184
endloop
endfacet
facet normal -0.174046 0.846290 -0.503489
outer loop
vertex 0.001402 0.015180 -0.025004
vertex -0.007027 0.013447 -0.025003
vertex -0.002631 0.023573 -0.009502
endloop
endfacet
facet normal -0.216318 0.844329 -0.490220
outer loop
vertex -0.002631 0.023573 -0.009502
vertex -0.007027 0.013447 -0.025003
vertex -0.011435 0.026905 0.000121
endloop
endfacet
facet normal -0.473782 0.738995 -0.478974
outer loop
vertex -0.011435 0.026905 0.000121
vertex -0.007027 0.013447 -0.025003
vertex -0.022648 0.026314 0.010300
endloop
endfacet
facet normal -0.711042 0.529825 -0.462282
outer loop
vertex -0.023954 0.014164 -0.002184
vertex -0.039481 0.017042 0.024996
vertex -0.017951 0.015015 -0.010441
endloop
endfacet
facet normal -0.710593 0.530626 -0.462054
outer loop
vertex -0.039481 0.017042 0.024996
vertex -0.028542 0.031694 0.025000
vertex -0.017951 0.015015 -0.010441
endloop
endfacet
facet normal -0.495741 0.722086 -0.482528
outer loop
vertex -0.007027 0.013447 -0.025003
vertex -0.013061 0.012668 -0.019969
vertex -0.022648 0.026314 0.010300
endloop
endfacet
facet normal -0.634083 0.609659 -0.475663
outer loop
vertex -0.013061 0.012668 -0.019969
vertex -0.017951 0.015015 -0.010441
vertex -0.022648 0.026314 0.010300
endloop
endfacet
facet normal -0.624435 0.617804 -0.477912
outer loop
vertex -0.022648 0.026314 0.010300
vertex -0.017951 0.015015 -0.010441
vertex -0.024493 0.028098 0.015018
endloop
endfacet
facet normal -0.631722 0.611440 -0.476517
outer loop
vertex -0.028542 0.031694 0.025000
vertex -0.024493 0.028098 0.015018
vertex -0.017951 0.015015 -0.010441
endloop
endfacet
facet normal 0.034020 -0.933350 -0.357352
outer loop
vertex -0.010453 -0.041727 0.024998
vertex 0.004793 -0.037445 0.015266
vertex 0.013399 -0.040856 0.024993
endloop
endfacet
facet normal 0.242769 -0.828176 -0.505160
outer loop
vertex 0.004793 -0.037445 0.015266
vertex 0.009793 -0.037752 0.018172
vertex 0.013399 -0.040856 0.024993
endloop
endfacet
facet normal 0.278542 -0.810127 -0.515858
outer loop
vertex 0.009793 -0.037752 0.018172
vertex 0.016226 -0.035849 0.018656
vertex 0.013399 -0.040856 0.024993
endloop
endfacet
facet normal 0.881277 -0.039525 -0.470944
outer loop
vertex 0.023946 0.002695 -0.008944
vertex 0.019614 -0.003527 -0.016529
vertex 0.015178 -0.001402 -0.025007
endloop
endfacet
facet normal 0.835725 -0.235280 -0.496192
outer loop
vertex 0.019614 -0.003527 -0.016529
vertex 0.015001 -0.009683 -0.021378
vertex 0.015178 -0.001402 -0.025007
endloop
endfacet
facet normal 0.627818 -0.323581 -0.707912
outer loop
vertex 0.015178 -0.001402 -0.025007
vertex 0.015001 -0.009683 -0.021378
vertex 0.009679 -0.012052 -0.025016
endloop
endfacet
facet normal 0.187190 -0.925618 0.328924
outer loop
vertex 0.015001 -0.009683 -0.021378
vertex 0.012997 -0.010451 -0.022397
vertex 0.009679 -0.012052 -0.025016
endloop
endfacet
facet normal 0.465933 -0.783466 -0.411202
outer loop
vertex 0.016226 -0.035849 0.018656
vertex 0.022921 -0.031847 0.018619
vertex 0.013399 -0.040856 0.024993
endloop
endfacet
facet normal 0.474701 -0.784340 -0.399336
outer loop
vertex 0.013399 -0.040856 0.024993
vertex 0.022921 -0.031847 0.018619
vertex 0.028542 -0.031694 0.024999
endloop
endfacet
facet normal 0.880259 0.011295 -0.474359
outer loop
vertex 0.037445 0.004793 0.015266
vertex 0.042723 0.002191 0.024999
vertex 0.036243 -0.000983 0.012898
endloop
endfacet
facet normal 0.887428 -0.149539 -0.436016
outer loop
vertex 0.042723 0.002191 0.024999
vertex 0.039481 -0.017041 0.024996
vertex 0.036243 -0.000983 0.012898
endloop
endfacet
facet normal 0.889897 -0.146113 -0.432129
outer loop
vertex 0.036243 -0.000983 0.012898
vertex 0.039481 -0.017041 0.024996
vertex 0.033257 -0.006938 0.008763
endloop
endfacet
facet normal 0.554305 -0.685647 -0.471842
outer loop
vertex 0.022921 -0.031847 0.018619
vertex 0.024493 -0.028098 0.015018
vertex 0.028542 -0.031694 0.024999
endloop
endfacet
facet normal 0.815387 -0.296551 -0.497193
outer loop
vertex 0.033257 -0.006938 0.008763
vertex 0.039481 -0.017041 0.024996
vertex 0.023954 -0.014164 -0.002184
endloop
endfacet
facet normal 0.267508 -0.842583 -0.467432
outer loop
vertex 0.000040 -0.015120 -0.025001
vertex 0.009679 -0.012052 -0.025016
vertex -0.000553 -0.021903 -0.013114
endloop
endfacet
facet normal 0.212661 -0.834670 -0.508037
outer loop
vertex -0.000553 -0.021903 -0.013114
vertex 0.009679 -0.012052 -0.025016
vertex 0.011435 -0.026905 0.000121
endloop
endfacet
facet normal 0.469016 -0.745637 -0.473338
outer loop
vertex 0.011435 -0.026905 0.000121
vertex 0.009679 -0.012052 -0.025016
vertex 0.022648 -0.026314 0.010300
endloop
endfacet
facet normal 0.711037 -0.529836 -0.462278
outer loop
vertex 0.023954 -0.014164 -0.002184
vertex 0.039481 -0.017041 0.024996
vertex 0.017951 -0.015015 -0.010441
endloop
endfacet
facet normal 0.710596 -0.530622 -0.462054
outer loop
vertex 0.039481 -0.017041 0.024996
vertex 0.028542 -0.031694 0.024999
vertex 0.017951 -0.015015 -0.010441
endloop
endfacet
facet normal 0.664794 -0.549076 -0.506522
outer loop
vertex 0.012997 -0.010451 -0.022397
vertex 0.013750 -0.014139 -0.017411
vertex 0.009679 -0.012052 -0.025016
endloop
endfacet
facet normal 0.535999 -0.695949 -0.477870
outer loop
vertex 0.009679 -0.012052 -0.025016
vertex 0.013750 -0.014139 -0.017411
vertex 0.022648 -0.026314 0.010300
endloop
endfacet
facet normal 0.656579 -0.589916 -0.470002
outer loop
vertex 0.013750 -0.014139 -0.017411
vertex 0.017951 -0.015015 -0.010441
vertex 0.022648 -0.026314 0.010300
endloop
endfacet
facet normal 0.624437 -0.617799 -0.477915
outer loop
vertex 0.022648 -0.026314 0.010300
vertex 0.017951 -0.015015 -0.010441
vertex 0.024493 -0.028098 0.015018
endloop
endfacet
facet normal 0.631718 -0.611443 -0.476518
outer loop
vertex 0.028542 -0.031694 0.024999
vertex 0.024493 -0.028098 0.015018
vertex 0.017951 -0.015015 -0.010441
endloop
endfacet
facet normal -0.883155 -0.194009 -0.427081
outer loop
vertex -0.037445 -0.004793 0.015266
vertex -0.037752 -0.009793 0.018172
vertex -0.042723 -0.002191 0.024999
endloop
endfacet
facet normal -0.887784 -0.215200 -0.406851
outer loop
vertex -0.042723 -0.002191 0.024999
vertex -0.037752 -0.009793 0.018172
vertex -0.039069 -0.017263 0.024998
endloop
endfacet
facet normal -0.835759 -0.282728 -0.470715
outer loop
vertex -0.037752 -0.009793 0.018172
vertex -0.035849 -0.016226 0.018656
vertex -0.039069 -0.017263 0.024998
endloop
endfacet
facet normal -0.167310 -0.852683 -0.494914
outer loop
vertex -0.000553 -0.021903 -0.013114
vertex -0.007111 -0.015817 -0.021383
vertex 0.000040 -0.015120 -0.025001
endloop
endfacet
facet normal -0.206193 -0.801145 -0.561828
outer loop
vertex 0.000040 -0.015120 -0.025001
vertex -0.007111 -0.015817 -0.021383
vertex -0.007708 -0.013126 -0.025001
endloop
endfacet
facet normal -0.446155 -0.751788 -0.485553
outer loop
vertex -0.007111 -0.015817 -0.021383
vertex -0.009834 -0.013735 -0.022105
vertex -0.007708 -0.013126 -0.025001
endloop
endfacet
facet normal -0.596045 -0.576651 -0.558752
outer loop
vertex -0.009834 -0.013735 -0.022105
vertex -0.012919 -0.012272 -0.020323
vertex -0.007708 -0.013126 -0.025001
endloop
endfacet
facet normal -0.762656 -0.453197 -0.461486
outer loop
vertex -0.035849 -0.016226 0.018656
vertex -0.031847 -0.022920 0.018618
vertex -0.039069 -0.017263 0.024998
endloop
endfacet
facet normal -0.756607 -0.522333 -0.393338
outer loop
vertex -0.039069 -0.017263 0.024998
vertex -0.031847 -0.022920 0.018618
vertex -0.029564 -0.031031 0.024998
endloop
endfacet
facet normal -0.015295 -0.906166 -0.422646
outer loop
vertex 0.004793 -0.037445 0.015266
vertex -0.010453 -0.041727 0.024998
vertex -0.000983 -0.036243 0.012898
endloop
endfacet
facet normal -0.105337 -0.872176 -0.477716
outer loop
vertex -0.000983 -0.036243 0.012898
vertex -0.010453 -0.041727 0.024998
vertex -0.007026 -0.033197 0.008669
endloop
endfacet
facet normal -0.684054 -0.560087 -0.467303
outer loop
vertex -0.031847 -0.022920 0.018618
vertex -0.028101 -0.024491 0.015017
vertex -0.029564 -0.031031 0.024998
endloop
endfacet
facet normal -0.600452 -0.565123 -0.565768
outer loop
vertex -0.007708 -0.013126 -0.025001
vertex -0.012919 -0.012272 -0.020323
vertex -0.013448 -0.007027 -0.025002
endloop
endfacet
facet normal -0.307933 -0.815229 -0.490488
outer loop
vertex -0.007026 -0.033197 0.008669
vertex -0.010453 -0.041727 0.024998
vertex -0.014134 -0.024006 -0.002144
endloop
endfacet
facet normal -0.844963 -0.202252 -0.495109
outer loop
vertex -0.015121 -0.000040 -0.025000
vertex -0.013448 -0.007027 -0.025002
vertex -0.023560 -0.001676 -0.009929
endloop
endfacet
facet normal -0.844505 -0.217530 -0.489378
outer loop
vertex -0.023560 -0.001676 -0.009929
vertex -0.013448 -0.007027 -0.025002
vertex -0.026940 -0.011645 0.000334
endloop
endfacet
facet normal -0.737189 -0.476182 -0.479377
outer loop
vertex -0.026940 -0.011645 0.000334
vertex -0.013448 -0.007027 -0.025002
vertex -0.026314 -0.022648 0.010300
endloop
endfacet
facet normal -0.436188 -0.779420 -0.449715
outer loop
vertex -0.010453 -0.041727 0.024998
vertex -0.029564 -0.031031 0.024998
vertex -0.014134 -0.024006 -0.002144
endloop
endfacet
facet normal -0.500869 -0.725202 -0.472453
outer loop
vertex -0.014134 -0.024006 -0.002144
vertex -0.029564 -0.031031 0.024998
vertex -0.014990 -0.018037 -0.010398
endloop
endfacet
facet normal -0.715842 -0.503574 -0.483718
outer loop
vertex -0.013448 -0.007027 -0.025002
vertex -0.012919 -0.012272 -0.020323
vertex -0.026314 -0.022648 0.010300
endloop
endfacet
facet normal -0.636692 -0.601650 -0.482327
outer loop
vertex -0.012919 -0.012272 -0.020323
vertex -0.014990 -0.018037 -0.010398
vertex -0.026314 -0.022648 0.010300
endloop
endfacet
facet normal -0.620923 -0.621220 -0.478059
outer loop
vertex -0.026314 -0.022648 0.010300
vertex -0.014990 -0.018037 -0.010398
vertex -0.028101 -0.024491 0.015017
endloop
endfacet
facet normal -0.644399 -0.592865 -0.482970
outer loop
vertex -0.029564 -0.031031 0.024998
vertex -0.028101 -0.024491 0.015017
vertex -0.014990 -0.018037 -0.010398
endloop
endfacet
facet normal 0.883156 0.194006 -0.427081
outer loop
vertex 0.037445 0.004793 0.015266
vertex 0.037752 0.009793 0.018172
vertex 0.042723 0.002191 0.024999
endloop
endfacet
facet normal 0.887784 0.215194 -0.406855
outer loop
vertex 0.042723 0.002191 0.024999
vertex 0.037752 0.009793 0.018172
vertex 0.039070 0.017263 0.024999
endloop
endfacet
facet normal 0.835757 0.282728 -0.470717
outer loop
vertex 0.037752 0.009793 0.018172
vertex 0.035849 0.016226 0.018656
vertex 0.039070 0.017263 0.024999
endloop
endfacet
facet normal 0.031607 0.882358 -0.469516
outer loop
vertex -0.002631 0.023573 -0.009502
vertex 0.003527 0.019614 -0.016529
vertex 0.001402 0.015180 -0.025004
endloop
endfacet
facet normal 0.235278 0.835725 -0.496193
outer loop
vertex 0.003527 0.019614 -0.016529
vertex 0.009683 0.015001 -0.021378
vertex 0.001402 0.015180 -0.025004
endloop
endfacet
facet normal 0.323589 0.627560 -0.708138
outer loop
vertex 0.001402 0.015180 -0.025004
vertex 0.009683 0.015001 -0.021378
vertex 0.012055 0.009682 -0.025009
endloop
endfacet
facet normal 0.924327 0.183948 0.334338
outer loop
vertex 0.009683 0.015001 -0.021378
vertex 0.010451 0.012997 -0.022397
vertex 0.012055 0.009682 -0.025009
endloop
endfacet
facet normal 0.762657 0.453198 -0.461483
outer loop
vertex 0.035849 0.016226 0.018656
vertex 0.031847 0.022920 0.018618
vertex 0.039070 0.017263 0.024999
endloop
endfacet
facet normal 0.759727 0.496866 -0.419451
outer loop
vertex 0.039070 0.017263 0.024999
vertex 0.031847 0.022920 0.018618
vertex 0.031694 0.028542 0.025000
endloop
endfacet
facet normal -0.011295 0.880259 -0.474358
outer loop
vertex -0.004793 0.037445 0.015266
vertex -0.002191 0.042723 0.024998
vertex 0.000983 0.036243 0.012898
endloop
endfacet
facet normal 0.149535 0.887429 -0.436016
outer loop
vertex -0.002191 0.042723 0.024998
vertex 0.017042 0.039482 0.024997
vertex 0.000983 0.036243 0.012898
endloop
endfacet
facet normal 0.146110 0.889896 -0.432131
outer loop
vertex 0.000983 0.036243 0.012898
vertex 0.017042 0.039482 0.024997
vertex 0.006938 0.033257 0.008763
endloop
endfacet
facet normal 0.685635 0.554318 -0.471844
outer loop
vertex 0.031847 0.022920 0.018618
vertex 0.028098 0.024493 0.015018
vertex 0.031694 0.028542 0.025000
endloop
endfacet
facet normal 0.296553 0.815387 -0.497193
outer loop
vertex 0.006938 0.033257 0.008763
vertex 0.017042 0.039482 0.024997
vertex 0.014164 0.023954 -0.002184
endloop
endfacet
facet normal 0.827361 0.233042 -0.511043
outer loop
vertex 0.015178 -0.001402 -0.025007
vertex 0.012055 0.009682 -0.025009
vertex 0.023946 0.002695 -0.008944
endloop
endfacet
facet normal 0.827145 0.246739 -0.504927
outer loop
vertex 0.023946 0.002695 -0.008944
vertex 0.012055 0.009682 -0.025009
vertex 0.026940 0.011645 0.000334
endloop
endfacet
facet normal 0.744080 0.471283 -0.473536
outer loop
vertex 0.026940 0.011645 0.000334
vertex 0.012055 0.009682 -0.025009
vertex 0.026314 0.022648 0.010300
endloop
endfacet
facet normal 0.529831 0.711040 -0.462279
outer loop
vertex 0.014164 0.023954 -0.002184
vertex 0.017042 0.039482 0.024997
vertex 0.015015 0.017951 -0.010441
endloop
endfacet
facet normal 0.530623 0.710595 -0.462054
outer loop
vertex 0.017042 0.039482 0.024997
vertex 0.031694 0.028542 0.025000
vertex 0.015015 0.017951 -0.010441
endloop
endfacet
facet normal 0.549089 0.664778 -0.506529
outer loop
vertex 0.010451 0.012997 -0.022397
vertex 0.014139 0.013750 -0.017411
vertex 0.012055 0.009682 -0.025009
endloop
endfacet
facet normal 0.695890 0.536075 -0.477870
outer loop
vertex 0.012055 0.009682 -0.025009
vertex 0.014139 0.013750 -0.017411
vertex 0.026314 0.022648 0.010300
endloop
endfacet
facet normal 0.589916 0.656580 -0.470002
outer loop
vertex 0.014139 0.013750 -0.017411
vertex 0.015015 0.017951 -0.010441
vertex 0.026314 0.022648 0.010300
endloop
endfacet
facet normal 0.617804 0.624433 -0.477914
outer loop
vertex 0.026314 0.022648 0.010300
vertex 0.015015 0.017951 -0.010441
vertex 0.028098 0.024493 0.015018
endloop
endfacet
facet normal 0.611444 0.631718 -0.476518
outer loop
vertex 0.031694 0.028542 0.025000
vertex 0.028098 0.024493 0.015018
vertex 0.015015 0.017951 -0.010441
endloop
endfacet
facet normal 0.000057 0.000025 1.000000
outer loop
vertex -0.002191 0.042723 0.024998
vertex -0.017263 0.039070 0.024999
vertex 0.017042 0.039482 0.024997
endloop
endfacet
facet normal 0.000058 -0.000025 1.000000
outer loop
vertex -0.017263 0.039070 0.024999
vertex -0.028542 0.031694 0.025000
vertex 0.017042 0.039482 0.024997
endloop
endfacet
facet normal 0.000008 0.000264 1.000000
outer loop
vertex 0.017042 0.039482 0.024997
vertex -0.028542 0.031694 0.025000
vertex 0.031694 0.028542 0.025000
endloop
endfacet
facet normal -0.000018 -0.000232 1.000000
outer loop
vertex -0.028542 0.031694 0.025000
vertex -0.039481 0.017042 0.024996
vertex 0.031694 0.028542 0.025000
endloop
endfacet
facet normal -0.000080 0.000151 1.000000
outer loop
vertex -0.039481 0.017042 0.024996
vertex -0.042723 -0.002191 0.024999
vertex 0.031694 0.028542 0.025000
endloop
endfacet
facet normal -0.000012 -0.000013 1.000000
outer loop
vertex -0.042723 -0.002191 0.024999
vertex -0.039069 -0.017263 0.024998
vertex 0.031694 0.028542 0.025000
endloop
endfacet
facet normal 0.000005 -0.000038 1.000000
outer loop
vertex -0.039069 -0.017263 0.024998
vertex -0.029564 -0.031031 0.024998
vertex 0.031694 0.028542 0.025000
endloop
endfacet
facet normal 0.000028 -0.000062 1.000000
outer loop
vertex 0.031694 0.028542 0.025000
vertex -0.029564 -0.031031 0.024998
vertex 0.039070 0.017263 0.024999
endloop
endfacet
facet normal -0.000015 -0.000001 1.000000
outer loop
vertex -0.029564 -0.031031 0.024998
vertex -0.010453 -0.041727 0.024998
vertex 0.039070 0.017263 0.024999
endloop
endfacet
facet normal 0.000010 -0.000022 1.000000
outer loop
vertex 0.039070 0.017263 0.024999
vertex -0.010453 -0.041727 0.024998
vertex 0.042723 0.002191 0.024999
endloop
endfacet
facet normal 0.000122 -0.000158 1.000000
outer loop
vertex 0.042723 0.002191 0.024999
vertex -0.010453 -0.041727 0.024998
vertex 0.039481 -0.017041 0.024996
endloop
endfacet
facet normal -0.000118 0.000328 1.000000
outer loop
vertex 0.039481 -0.017041 0.024996
vertex -0.010453 -0.041727 0.024998
vertex 0.028542 -0.031694 0.024999
endloop
endfacet
facet normal 0.000236 -0.001049 0.999999
outer loop
vertex 0.028542 -0.031694 0.024999
vertex -0.010453 -0.041727 0.024998
vertex 0.013399 -0.040856 0.024993
endloop
endfacet
facet normal 0.001338 0.000167 -0.999999
outer loop
vertex 0.015178 -0.001402 -0.025007
vertex 0.009679 -0.012052 -0.025016
vertex 0.012055 0.009682 -0.025009
endloop
endfacet
facet normal -0.001649 0.000494 -0.999999
outer loop
vertex 0.009679 -0.012052 -0.025016
vertex 0.000040 -0.015120 -0.025001
vertex 0.012055 0.009682 -0.025009
endloop
endfacet
facet normal -0.000090 -0.000261 -1.000000
outer loop
vertex 0.000040 -0.015120 -0.025001
vertex -0.007708 -0.013126 -0.025001
vertex 0.012055 0.009682 -0.025009
endloop
endfacet
facet normal -0.000111 -0.000243 -1.000000
outer loop
vertex -0.007708 -0.013126 -0.025001
vertex -0.013448 -0.007027 -0.025002
vertex 0.012055 0.009682 -0.025009
endloop
endfacet
facet normal -0.000355 0.000129 -1.000000
outer loop
vertex 0.012055 0.009682 -0.025009
vertex -0.013448 -0.007027 -0.025002
vertex 0.001402 0.015180 -0.025004
endloop
endfacet
facet normal -0.000360 0.000132 -1.000000
outer loop
vertex -0.013448 -0.007027 -0.025002
vertex -0.015121 -0.000040 -0.025000
vertex 0.001402 0.015180 -0.025004
endloop
endfacet
facet normal -0.000200 -0.000041 -1.000000
outer loop
vertex 0.001402 0.015180 -0.025004
vertex -0.015121 -0.000040 -0.025000
vertex -0.007027 0.013447 -0.025003
endloop
endfacet
facet normal -0.000154 -0.000069 -1.000000
outer loop
vertex -0.007027 0.013447 -0.025003
vertex -0.015121 -0.000040 -0.025000
vertex -0.013126 0.007708 -0.025001
endloop
endfacet
endsolid B4-70-14_15
