solid B4-70-14_17
facet normal -0.916258 -0.172085 0.361742
outer loop
vertex -0.012529 -0.026530 -0.006004
vertex -0.014173 -0.034756 -0.014080
vertex -0.008947 -0.030981 0.000953
endloop
endfacet
facet normal -0.982391 0.013329 0.186362
outer loop
vertex -0.014173 -0.034756 -0.014080
vertex -0.012529 -0.026530 -0.006004
vertex -0.014326 -0.021824 -0.015812
endloop
endfacet
facet normal -0.960598 0.246084 0.129208
outer loop
vertex -0.014326 -0.021824 -0.015812
vertex -0.014144 -0.018257 -0.021253
vertex -0.018000 -0.030874 -0.025891
endloop
endfacet
facet normal -0.875501 0.149440 0.459527
outer loop
vertex -0.018000 -0.030874 -0.025891
vertex -0.026922 -0.060901 -0.033124
vertex -0.018552 -0.042172 -0.023268
endloop
endfacet
facet normal -0.812745 0.058146 0.579711
outer loop
vertex -0.018552 -0.042172 -0.023268
vertex -0.026922 -0.060901 -0.033124
vertex -0.015741 -0.051113 -0.018430
endloop
endfacet
facet normal -0.771553 -0.038372 0.635007
outer loop
vertex -0.026922 -0.060901 -0.033124
vertex -0.027103 -0.071752 -0.033999
vertex -0.019764 -0.060642 -0.024411
endloop
endfacet
facet normal -0.767961 -0.319852 0.554915
outer loop
vertex -0.027103 -0.071752 -0.033999
vertex -0.022970 -0.079454 -0.032720
vertex -0.022611 -0.076801 -0.030693
endloop
endfacet
facet normal -0.321415 -0.480091 0.816214
outer loop
vertex 0.000209 -0.069539 -0.012423
vertex -0.002580 -0.083579 -0.021780
vertex 0.012926 -0.061750 -0.002834
endloop
endfacet
facet normal -0.144123 -0.562572 0.814090
outer loop
vertex -0.002580 -0.083579 -0.021780
vertex 0.006770 -0.081429 -0.018639
vertex 0.015341 -0.074725 -0.012488
endloop
endfacet
facet normal -0.791063 -0.351789 0.500464
outer loop
vertex -0.010258 -0.041497 -0.008512
vertex -0.004537 -0.035679 0.004621
vertex -0.008947 -0.030981 0.000953
endloop
endfacet
facet normal -0.961086 0.106128 0.255050
outer loop
vertex -0.014326 -0.021824 -0.015812
vertex -0.018000 -0.030874 -0.025891
vertex -0.018552 -0.042172 -0.023268
endloop
endfacet
facet normal -0.914909 0.042923 0.401372
outer loop
vertex -0.018552 -0.042172 -0.023268
vertex -0.014173 -0.034756 -0.014080
vertex -0.014326 -0.021824 -0.015812
endloop
endfacet
facet normal -0.848595 -0.058499 0.525799
outer loop
vertex -0.014173 -0.034756 -0.014080
vertex -0.015741 -0.051113 -0.018430
vertex -0.010258 -0.041497 -0.008512
endloop
endfacet
facet normal -0.666426 -0.478819 0.571497
outer loop
vertex 0.001320 -0.038377 0.009191
vertex -0.004537 -0.035679 0.004621
vertex 0.003774 -0.052247 0.000432
endloop
endfacet
facet normal -0.511979 -0.560226 0.651171
outer loop
vertex 0.006601 -0.039563 0.012323
vertex 0.001320 -0.038377 0.009191
vertex 0.009042 -0.053956 0.001858
endloop
endfacet
facet normal -0.769535 -0.073293 0.634385
outer loop
vertex -0.015741 -0.051113 -0.018430
vertex -0.026922 -0.060901 -0.033124
vertex -0.019764 -0.060642 -0.024411
endloop
endfacet
facet normal -0.704299 -0.139542 0.696054
outer loop
vertex -0.019764 -0.060642 -0.024411
vertex -0.011046 -0.059161 -0.015293
vertex -0.015741 -0.051113 -0.018430
endloop
endfacet
facet normal -0.445921 -0.445605 0.776267
outer loop
vertex -0.006555 -0.067097 -0.014907
vertex 0.000209 -0.069539 -0.012423
vertex -0.001374 -0.050329 -0.002305
endloop
endfacet
facet normal -0.702960 -0.146703 0.695935
outer loop
vertex -0.022611 -0.076801 -0.030693
vertex -0.011046 -0.059161 -0.015293
vertex -0.019764 -0.060642 -0.024411
endloop
endfacet
facet normal -0.577418 -0.289633 0.763349
outer loop
vertex -0.014111 -0.082364 -0.026415
vertex -0.006555 -0.067097 -0.014907
vertex -0.011046 -0.059161 -0.015293
endloop
endfacet
facet normal -0.260083 -0.589881 0.764459
outer loop
vertex 0.009042 -0.053956 0.001858
vertex 0.012926 -0.061750 -0.002834
vertex 0.014181 -0.039575 0.014704
endloop
endfacet
facet normal -0.385403 -0.609303 0.692975
outer loop
vertex 0.009042 -0.053956 0.001858
vertex 0.003774 -0.052247 0.000432
vertex 0.012926 -0.061750 -0.002834
endloop
endfacet
facet normal 0.062335 -0.621291 0.781097
outer loop
vertex 0.012926 -0.061750 -0.002834
vertex 0.020610 -0.037062 0.016190
vertex 0.014181 -0.039575 0.014704
endloop
endfacet
facet normal 0.025134 -0.615081 0.788063
outer loop
vertex 0.012926 -0.061750 -0.002834
vertex 0.025114 -0.060337 -0.002120
vertex 0.020610 -0.037062 0.016190
endloop
endfacet
facet normal 0.312701 -0.549163 0.775009
outer loop
vertex 0.025114 -0.060337 -0.002120
vertex 0.027621 -0.050091 0.004129
vertex 0.020610 -0.037062 0.016190
endloop
endfacet
facet normal 0.021781 -0.594212 0.804013
outer loop
vertex 0.025114 -0.060337 -0.002120
vertex 0.012926 -0.061750 -0.002834
vertex 0.015341 -0.074725 -0.012488
endloop
endfacet
facet normal -0.108798 -0.606376 0.787700
outer loop
vertex -0.002580 -0.083579 -0.021780
vertex 0.015341 -0.074725 -0.012488
vertex 0.012926 -0.061750 -0.002834
endloop
endfacet
facet normal -0.903083 -0.219581 0.369087
outer loop
vertex -0.010258 -0.041497 -0.008512
vertex -0.008947 -0.030981 0.000953
vertex -0.014173 -0.034756 -0.014080
endloop
endfacet
facet normal -0.890893 -0.035046 0.452859
outer loop
vertex -0.014173 -0.034756 -0.014080
vertex -0.018552 -0.042172 -0.023268
vertex -0.015741 -0.051113 -0.018430
endloop
endfacet
facet normal -0.774144 -0.380561 0.505841
outer loop
vertex -0.004537 -0.035679 0.004621
vertex -0.010258 -0.041497 -0.008512
vertex -0.005389 -0.043272 -0.002395
endloop
endfacet
facet normal -0.736803 -0.412399 0.535769
outer loop
vertex -0.004537 -0.035679 0.004621
vertex -0.005389 -0.043272 -0.002395
vertex -0.001374 -0.050329 -0.002305
endloop
endfacet
facet normal -0.794297 -0.186550 0.578179
outer loop
vertex -0.005389 -0.043272 -0.002395
vertex -0.010258 -0.041497 -0.008512
vertex -0.011046 -0.059161 -0.015293
endloop
endfacet
facet normal -0.624220 -0.346259 0.700324
outer loop
vertex -0.011046 -0.059161 -0.015293
vertex -0.001374 -0.050329 -0.002305
vertex -0.005389 -0.043272 -0.002395
endloop
endfacet
facet normal -0.544180 -0.451743 0.706963
outer loop
vertex -0.001374 -0.050329 -0.002305
vertex 0.003774 -0.052247 0.000432
vertex -0.004537 -0.035679 0.004621
endloop
endfacet
facet normal -0.378916 -0.541138 0.750728
outer loop
vertex 0.009042 -0.053956 0.001858
vertex 0.001320 -0.038377 0.009191
vertex 0.003774 -0.052247 0.000432
endloop
endfacet
facet normal -0.241299 -0.597093 0.765019
outer loop
vertex 0.009042 -0.053956 0.001858
vertex 0.014181 -0.039575 0.014704
vertex 0.006601 -0.039563 0.012323
endloop
endfacet
facet normal -0.760278 -0.202996 0.617066
outer loop
vertex -0.015741 -0.051113 -0.018430
vertex -0.011046 -0.059161 -0.015293
vertex -0.010258 -0.041497 -0.008512
endloop
endfacet
facet normal -0.637797 -0.327003 0.697340
outer loop
vertex -0.001374 -0.050329 -0.002305
vertex -0.011046 -0.059161 -0.015293
vertex -0.006555 -0.067097 -0.014907
endloop
endfacet
facet normal -0.691410 -0.152705 0.706140
outer loop
vertex -0.022611 -0.076801 -0.030693
vertex -0.019764 -0.060642 -0.024411
vertex -0.027103 -0.071752 -0.033999
endloop
endfacet
facet normal -0.575090 -0.290606 0.764735
outer loop
vertex -0.011046 -0.059161 -0.015293
vertex -0.022611 -0.076801 -0.030693
vertex -0.014111 -0.082364 -0.026415
endloop
endfacet
facet normal -0.438555 -0.392403 0.808511
outer loop
vertex 0.000209 -0.069539 -0.012423
vertex -0.006555 -0.067097 -0.014907
vertex -0.014111 -0.082364 -0.026415
endloop
endfacet
facet normal -0.543325 -0.425841 0.723504
outer loop
vertex 0.003774 -0.052247 0.000432
vertex -0.001374 -0.050329 -0.002305
vertex 0.000209 -0.069539 -0.012423
endloop
endfacet
facet normal -0.272886 -0.537096 0.798161
outer loop
vertex 0.000209 -0.069539 -0.012423
vertex 0.012926 -0.061750 -0.002834
vertex 0.003774 -0.052247 0.000432
endloop
endfacet
facet normal -0.372241 -0.462366 0.804769
outer loop
vertex -0.014111 -0.082364 -0.026415
vertex -0.002580 -0.083579 -0.021780
vertex 0.000209 -0.069539 -0.012423
endloop
endfacet
facet normal -0.272926 0.404312 -0.872951
outer loop
vertex -0.018000 -0.030874 -0.025891
vertex -0.014144 -0.018257 -0.021253
vertex -0.013776 -0.021279 -0.022768
endloop
endfacet
facet normal -0.822052 0.352050 -0.447539
outer loop
vertex -0.018000 -0.030874 -0.025891
vertex -0.019991 -0.039575 -0.029079
vertex -0.026922 -0.060901 -0.033124
endloop
endfacet
facet normal 0.332438 0.070340 -0.940498
outer loop
vertex -0.027103 -0.071752 -0.033999
vertex -0.026922 -0.060901 -0.033124
vertex -0.019991 -0.039575 -0.029079
endloop
endfacet
facet normal -0.176070 0.373922 -0.910594
outer loop
vertex -0.019991 -0.039575 -0.029079
vertex -0.018000 -0.030874 -0.025891
vertex -0.013776 -0.021279 -0.022768
endloop
endfacet
facet normal 0.431309 0.136283 -0.891852
outer loop
vertex 0.006770 -0.081429 -0.018639
vertex -0.000382 -0.084158 -0.022515
vertex -0.022970 -0.079454 -0.032720
endloop
endfacet
facet normal 0.298577 -0.554834 -0.776538
outer loop
vertex -0.000382 -0.084158 -0.022515
vertex -0.011267 -0.084363 -0.026553
vertex -0.017411 -0.082822 -0.030017
endloop
endfacet
facet normal 0.396684 -0.079215 -0.914531
outer loop
vertex -0.022970 -0.079454 -0.032720
vertex -0.000382 -0.084158 -0.022515
vertex -0.017411 -0.082822 -0.030017
endloop
endfacet
facet normal -0.013883 -0.805408 0.592559
outer loop
vertex 0.006770 -0.081429 -0.018639
vertex -0.002580 -0.083579 -0.021780
vertex -0.000382 -0.084158 -0.022515
endloop
endfacet
facet normal -0.119409 -0.921844 0.368706
outer loop
vertex -0.000382 -0.084158 -0.022515
vertex -0.002580 -0.083579 -0.021780
vertex -0.011267 -0.084363 -0.026553
endloop
endfacet
facet normal -0.613339 -0.425313 0.665525
outer loop
vertex -0.022611 -0.076801 -0.030693
vertex -0.022970 -0.079454 -0.032720
vertex -0.014111 -0.082364 -0.026415
endloop
endfacet
facet normal -0.604790 -0.502409 0.617911
outer loop
vertex -0.022970 -0.079454 -0.032720
vertex -0.017411 -0.082822 -0.030017
vertex -0.014111 -0.082364 -0.026415
endloop
endfacet
facet normal -0.472810 -0.708996 0.523236
outer loop
vertex -0.011267 -0.084363 -0.026553
vertex -0.014111 -0.082364 -0.026415
vertex -0.017411 -0.082822 -0.030017
endloop
endfacet
facet normal -0.358804 -0.562034 0.745236
outer loop
vertex -0.002580 -0.083579 -0.021780
vertex -0.014111 -0.082364 -0.026415
vertex -0.011267 -0.084363 -0.026553
endloop
endfacet
facet normal 0.953196 0.298140 0.050290
outer loop
vertex 0.027379 -0.040826 0.009872
vertex 0.024302 -0.031883 0.015164
vertex 0.024707 -0.033293 0.015849
endloop
endfacet
facet normal 0.469157 -0.440768 0.765256
outer loop
vertex 0.024707 -0.033293 0.015849
vertex 0.020610 -0.037062 0.016190
vertex 0.027379 -0.040826 0.009872
endloop
endfacet
facet normal 0.455206 -0.460492 0.762060
outer loop
vertex 0.027621 -0.050091 0.004129
vertex 0.027379 -0.040826 0.009872
vertex 0.020610 -0.037062 0.016190
endloop
endfacet
facet normal 0.077035 -0.616830 0.783317
outer loop
vertex 0.015341 -0.074725 -0.012488
vertex 0.022144 -0.065915 -0.006220
vertex 0.025114 -0.060337 -0.002120
endloop
endfacet
facet normal 0.665827 0.536073 -0.518942
outer loop
vertex 0.024302 -0.031883 0.015164
vertex 0.027379 -0.040826 0.009872
vertex 0.022629 -0.032222 0.012665
endloop
endfacet
facet normal 0.438377 0.387347 -0.811041
outer loop
vertex 0.018334 -0.046029 0.001049
vertex 0.027621 -0.050091 0.004129
vertex 0.025114 -0.060337 -0.002120
endloop
endfacet
facet normal 0.433709 0.372281 -0.820550
outer loop
vertex 0.025114 -0.060337 -0.002120
vertex 0.022144 -0.065915 -0.006220
vertex 0.012953 -0.058797 -0.007849
endloop
endfacet
facet normal 0.480652 0.113430 -0.869544
outer loop
vertex -0.022970 -0.079454 -0.032720
vertex -0.027103 -0.071752 -0.033999
vertex -0.012498 -0.066058 -0.025184
endloop
endfacet
facet normal 0.595344 -0.008729 -0.803423
outer loop
vertex -0.027103 -0.071752 -0.033999
vertex -0.019991 -0.039575 -0.029079
vertex -0.015587 -0.052132 -0.025679
endloop
endfacet
facet normal 0.674446 0.025425 -0.737886
outer loop
vertex -0.019991 -0.039575 -0.029079
vertex -0.013776 -0.021279 -0.022768
vertex -0.007423 -0.039000 -0.017572
endloop
endfacet
facet normal 0.534584 0.410230 -0.738872
outer loop
vertex 0.012266 -0.034891 0.002843
vertex 0.018334 -0.046029 0.001049
vertex 0.003331 -0.045451 -0.009485
endloop
endfacet
facet normal 0.457515 0.477115 -0.750361
outer loop
vertex 0.027379 -0.040826 0.009872
vertex 0.027621 -0.050091 0.004129
vertex 0.018334 -0.046029 0.001049
endloop
endfacet
facet normal 0.566770 0.214492 -0.795465
outer loop
vertex 0.018334 -0.046029 0.001049
vertex -0.004353 -0.060145 -0.018922
vertex 0.003331 -0.045451 -0.009485
endloop
endfacet
facet normal 0.542328 0.131708 -0.829779
outer loop
vertex -0.004353 -0.060145 -0.018922
vertex -0.012498 -0.066058 -0.025184
vertex -0.007423 -0.039000 -0.017572
endloop
endfacet
facet normal 0.608620 0.107019 -0.786212
outer loop
vertex -0.007423 -0.039000 -0.017572
vertex -0.012498 -0.066058 -0.025184
vertex -0.015587 -0.052132 -0.025679
endloop
endfacet
facet normal 0.432737 0.385534 -0.814925
outer loop
vertex 0.025114 -0.060337 -0.002120
vertex 0.012953 -0.058797 -0.007849
vertex 0.018334 -0.046029 0.001049
endloop
endfacet
facet normal 0.394102 0.311002 -0.864847
outer loop
vertex 0.022144 -0.065915 -0.006220
vertex 0.015341 -0.074725 -0.012488
vertex 0.012953 -0.058797 -0.007849
endloop
endfacet
facet normal 0.433783 0.311322 -0.845524
outer loop
vertex 0.003707 -0.070744 -0.016991
vertex 0.012953 -0.058797 -0.007849
vertex 0.015341 -0.074725 -0.012488
endloop
endfacet
facet normal 0.427489 0.256230 -0.866948
outer loop
vertex -0.022970 -0.079454 -0.032720
vertex 0.003707 -0.070744 -0.016991
vertex 0.006770 -0.081429 -0.018639
endloop
endfacet
facet normal 0.492597 0.078419 -0.866717
outer loop
vertex -0.012498 -0.066058 -0.025184
vertex -0.027103 -0.071752 -0.033999
vertex -0.015587 -0.052132 -0.025679
endloop
endfacet
facet normal 0.453281 0.185919 -0.871763
outer loop
vertex -0.022970 -0.079454 -0.032720
vertex -0.004353 -0.060145 -0.018922
vertex 0.003707 -0.070744 -0.016991
endloop
endfacet
facet normal 0.564218 0.421692 -0.709813
outer loop
vertex 0.022629 -0.032222 0.012665
vertex 0.018334 -0.046029 0.001049
vertex 0.012266 -0.034891 0.002843
endloop
endfacet
facet normal 0.447741 0.490007 -0.747945
outer loop
vertex 0.018334 -0.046029 0.001049
vertex 0.022629 -0.032222 0.012665
vertex 0.027379 -0.040826 0.009872
endloop
endfacet
facet normal 0.669056 0.250675 -0.699662
outer loop
vertex 0.005251 -0.032402 -0.002974
vertex 0.012266 -0.034891 0.002843
vertex 0.003331 -0.045451 -0.009485
endloop
endfacet
facet normal 0.672996 0.248579 -0.696624
outer loop
vertex 0.005251 -0.032402 -0.002974
vertex 0.003331 -0.045451 -0.009485
vertex -0.007423 -0.039000 -0.017572
endloop
endfacet
facet normal 0.484464 0.353484 -0.800215
outer loop
vertex 0.018334 -0.046029 0.001049
vertex 0.012953 -0.058797 -0.007849
vertex -0.004353 -0.060145 -0.018922
endloop
endfacet
facet normal 0.510331 0.237538 -0.826522
outer loop
vertex -0.004353 -0.060145 -0.018922
vertex 0.012953 -0.058797 -0.007849
vertex 0.003707 -0.070744 -0.016991
endloop
endfacet
facet normal 0.647903 0.141842 -0.748400
outer loop
vertex -0.004353 -0.060145 -0.018922
vertex -0.007423 -0.039000 -0.017572
vertex 0.003331 -0.045451 -0.009485
endloop
endfacet
facet normal 0.673934 0.036580 -0.737885
outer loop
vertex -0.007423 -0.039000 -0.017572
vertex -0.015587 -0.052132 -0.025679
vertex -0.019991 -0.039575 -0.029079
endloop
endfacet
facet normal 0.423762 0.255477 -0.868998
outer loop
vertex 0.015341 -0.074725 -0.012488
vertex 0.006770 -0.081429 -0.018639
vertex 0.003707 -0.070744 -0.016991
endloop
endfacet
facet normal 0.638678 -0.068105 -0.766455
outer loop
vertex -0.004353 -0.060145 -0.018922
vertex -0.022970 -0.079454 -0.032720
vertex -0.012498 -0.066058 -0.025184
endloop
endfacet
facet normal -0.118733 0.930727 0.345905
outer loop
vertex -0.025144 0.013062 -0.007792
vertex -0.034756 0.014173 -0.014080
vertex -0.030385 0.009927 -0.001154
endloop
endfacet
facet normal -0.563615 0.449478 0.693042
outer loop
vertex -0.053956 -0.009042 0.001858
vertex -0.039096 -0.008961 0.013891
vertex -0.038956 -0.002744 0.009973
endloop
endfacet
facet normal 0.009683 0.987140 0.159562
outer loop
vertex -0.034756 0.014173 -0.014080
vertex -0.025144 0.013062 -0.007792
vertex -0.021824 0.014326 -0.015812
endloop
endfacet
facet normal 0.234109 0.962008 0.140474
outer loop
vertex -0.021824 0.014326 -0.015812
vertex -0.017116 0.013941 -0.021020
vertex -0.030874 0.018000 -0.025891
endloop
endfacet
facet normal 0.149440 0.875501 0.459527
outer loop
vertex -0.030874 0.018000 -0.025891
vertex -0.060901 0.026922 -0.033124
vertex -0.042172 0.018552 -0.023268
endloop
endfacet
facet normal 0.058146 0.812745 0.579711
outer loop
vertex -0.042172 0.018552 -0.023268
vertex -0.060901 0.026922 -0.033124
vertex -0.051113 0.015741 -0.018430
endloop
endfacet
facet normal -0.038372 0.771553 0.635007
outer loop
vertex -0.060901 0.026922 -0.033124
vertex -0.071752 0.027103 -0.033999
vertex -0.060642 0.019764 -0.024411
endloop
endfacet
facet normal -0.316004 0.766618 0.558961
outer loop
vertex -0.071752 0.027103 -0.033999
vertex -0.079421 0.023014 -0.032727
vertex -0.076801 0.022611 -0.030693
endloop
endfacet
facet normal -0.480298 0.321246 0.816158
outer loop
vertex -0.069539 -0.000209 -0.012423
vertex -0.083576 0.002554 -0.021771
vertex -0.061750 -0.012926 -0.002834
endloop
endfacet
facet normal -0.579236 0.130863 0.804587
outer loop
vertex -0.083576 0.002554 -0.021771
vertex -0.082493 -0.005024 -0.019759
vertex -0.074725 -0.015341 -0.012488
endloop
endfacet
facet normal -0.318733 0.794328 0.517158
outer loop
vertex -0.041497 0.010258 -0.008512
vertex -0.037265 0.004472 0.002984
vertex -0.030385 0.009927 -0.001154
endloop
endfacet
facet normal 0.106128 0.961086 0.255050
outer loop
vertex -0.021824 0.014326 -0.015812
vertex -0.030874 0.018000 -0.025891
vertex -0.042172 0.018552 -0.023268
endloop
endfacet
facet normal 0.042923 0.914909 0.401372
outer loop
vertex -0.042172 0.018552 -0.023268
vertex -0.034756 0.014173 -0.014080
vertex -0.021824 0.014326 -0.015812
endloop
endfacet
facet normal -0.058499 0.848595 0.525799
outer loop
vertex -0.034756 0.014173 -0.014080
vertex -0.051113 0.015741 -0.018430
vertex -0.041497 0.010258 -0.008512
endloop
endfacet
facet normal -0.466840 0.669258 0.578061
outer loop
vertex -0.038956 -0.002744 0.009973
vertex -0.037265 0.004472 0.002984
vertex -0.052247 -0.003774 0.000432
endloop
endfacet
facet normal -0.073293 0.769535 0.634384
outer loop
vertex -0.051113 0.015741 -0.018430
vertex -0.060901 0.026922 -0.033124
vertex -0.060642 0.019764 -0.024411
endloop
endfacet
facet normal -0.172859 0.765477 0.619810
outer loop
vertex -0.047981 0.007588 -0.007487
vertex -0.051113 0.015741 -0.018430
vertex -0.064076 0.012814 -0.018431
endloop
endfacet
facet normal -0.155215 0.687305 0.709592
outer loop
vertex -0.060642 0.019764 -0.024411
vertex -0.064076 0.012814 -0.018431
vertex -0.051113 0.015741 -0.018430
endloop
endfacet
facet normal -0.322276 0.577745 0.749899
outer loop
vertex -0.064076 0.012814 -0.018431
vertex -0.067097 0.006555 -0.014907
vertex -0.047981 0.007588 -0.007487
endloop
endfacet
facet normal -0.445605 0.445921 0.776267
outer loop
vertex -0.067097 0.006555 -0.014907
vertex -0.069539 -0.000209 -0.012423
vertex -0.050329 0.001374 -0.002305
endloop
endfacet
facet normal -0.154837 0.687242 0.709736
outer loop
vertex -0.076801 0.022611 -0.030693
vertex -0.064076 0.012814 -0.018431
vertex -0.060642 0.019764 -0.024411
endloop
endfacet
facet normal -0.293863 0.572693 0.765289
outer loop
vertex -0.082418 0.014039 -0.026391
vertex -0.067097 0.006555 -0.014907
vertex -0.064076 0.012814 -0.018431
endloop
endfacet
facet normal -0.589881 0.260082 0.764459
outer loop
vertex -0.053956 -0.009042 0.001858
vertex -0.061750 -0.012926 -0.002834
vertex -0.039575 -0.014181 0.014704
endloop
endfacet
facet normal -0.609303 0.385403 0.692975
outer loop
vertex -0.053956 -0.009042 0.001858
vertex -0.052247 -0.003774 0.000432
vertex -0.061750 -0.012926 -0.002834
endloop
endfacet
facet normal -0.621291 -0.062334 0.781096
outer loop
vertex -0.061750 -0.012926 -0.002834
vertex -0.037062 -0.020610 0.016190
vertex -0.039575 -0.014181 0.014704
endloop
endfacet
facet normal -0.615081 -0.025134 0.788063
outer loop
vertex -0.061750 -0.012926 -0.002834
vertex -0.060337 -0.025114 -0.002120
vertex -0.037062 -0.020610 0.016190
endloop
endfacet
facet normal -0.549163 -0.312701 0.775008
outer loop
vertex -0.060337 -0.025114 -0.002120
vertex -0.050091 -0.027621 0.004129
vertex -0.037062 -0.020610 0.016190
endloop
endfacet
facet normal -0.594212 -0.021781 0.804013
outer loop
vertex -0.060337 -0.025114 -0.002120
vertex -0.061750 -0.012926 -0.002834
vertex -0.074725 -0.015341 -0.012488
endloop
endfacet
facet normal -0.606370 0.108693 0.787719
outer loop
vertex -0.083576 0.002554 -0.021771
vertex -0.074725 -0.015341 -0.012488
vertex -0.061750 -0.012926 -0.002834
endloop
endfacet
facet normal -0.218337 0.902839 0.370420
outer loop
vertex -0.041497 0.010258 -0.008512
vertex -0.030385 0.009927 -0.001154
vertex -0.034756 0.014173 -0.014080
endloop
endfacet
facet normal -0.035046 0.890893 0.452859
outer loop
vertex -0.034756 0.014173 -0.014080
vertex -0.042172 0.018552 -0.023268
vertex -0.051113 0.015741 -0.018430
endloop
endfacet
facet normal -0.258009 0.821508 0.508483
outer loop
vertex -0.037265 0.004472 0.002984
vertex -0.041497 0.010258 -0.008512
vertex -0.047981 0.007588 -0.007487
endloop
endfacet
facet normal -0.409475 0.670585 0.618584
outer loop
vertex -0.047981 0.007588 -0.007487
vertex -0.050329 0.001374 -0.002305
vertex -0.037265 0.004472 0.002984
endloop
endfacet
facet normal -0.422557 0.543181 0.725534
outer loop
vertex -0.050329 0.001374 -0.002305
vertex -0.052247 -0.003774 0.000432
vertex -0.037265 0.004472 0.002984
endloop
endfacet
facet normal -0.558520 0.380817 0.736908
outer loop
vertex -0.053956 -0.009042 0.001858
vertex -0.038956 -0.002744 0.009973
vertex -0.052247 -0.003774 0.000432
endloop
endfacet
facet normal -0.620052 0.175950 0.764576
outer loop
vertex -0.053956 -0.009042 0.001858
vertex -0.039575 -0.014181 0.014704
vertex -0.039096 -0.008961 0.013891
endloop
endfacet
facet normal -0.212083 0.753597 0.622184
outer loop
vertex -0.051113 0.015741 -0.018430
vertex -0.047981 0.007588 -0.007487
vertex -0.041497 0.010258 -0.008512
endloop
endfacet
facet normal -0.298302 0.675270 0.674556
outer loop
vertex -0.050329 0.001374 -0.002305
vertex -0.047981 0.007588 -0.007487
vertex -0.067097 0.006555 -0.014907
endloop
endfacet
facet normal -0.152706 0.691410 0.706140
outer loop
vertex -0.076801 0.022611 -0.030693
vertex -0.060642 0.019764 -0.024411
vertex -0.071752 0.027103 -0.033999
endloop
endfacet
facet normal -0.292983 0.575306 0.763665
outer loop
vertex -0.064076 0.012814 -0.018431
vertex -0.076801 0.022611 -0.030693
vertex -0.082418 0.014039 -0.026391
endloop
endfacet
facet normal -0.391992 0.438493 0.808743
outer loop
vertex -0.069539 -0.000209 -0.012423
vertex -0.067097 0.006555 -0.014907
vertex -0.082418 0.014039 -0.026391
endloop
endfacet
facet normal -0.425841 0.543324 0.723504
outer loop
vertex -0.052247 -0.003774 0.000432
vertex -0.050329 0.001374 -0.002305
vertex -0.069539 -0.000209 -0.012423
endloop
endfacet
facet normal -0.537096 0.272886 0.798161
outer loop
vertex -0.069539 -0.000209 -0.012423
vertex -0.061750 -0.012926 -0.002834
vertex -0.052247 -0.003774 0.000432
endloop
endfacet
facet normal -0.463219 0.370517 0.805075
outer loop
vertex -0.082418 0.014039 -0.026391
vertex -0.083576 0.002554 -0.021771
vertex -0.069539 -0.000209 -0.012423
endloop
endfacet
facet normal 0.374813 0.178753 -0.909705
outer loop
vertex -0.030874 0.018000 -0.025891
vertex -0.017116 0.013941 -0.021020
vertex -0.021279 0.013776 -0.022768
endloop
endfacet
facet normal 0.352050 0.822050 -0.447543
outer loop
vertex -0.030874 0.018000 -0.025891
vertex -0.039575 0.019991 -0.029079
vertex -0.060901 0.026922 -0.033124
endloop
endfacet
facet normal 0.070340 -0.332436 -0.940499
outer loop
vertex -0.071752 0.027103 -0.033999
vertex -0.060901 0.026922 -0.033124
vertex -0.039575 0.019991 -0.029079
endloop
endfacet
facet normal 0.373921 0.176073 -0.910594
outer loop
vertex -0.039575 0.019991 -0.029079
vertex -0.030874 0.018000 -0.025891
vertex -0.021279 0.013776 -0.022768
endloop
endfacet
facet normal -0.873554 -0.104214 -0.475440
outer loop
vertex -0.084613 0.004044 -0.024090
vertex -0.084159 0.012025 -0.026675
vertex -0.083062 0.016883 -0.029755
endloop
endfacet
facet normal -0.084185 -0.393745 -0.915357
outer loop
vertex -0.079421 0.023014 -0.032727
vertex -0.084613 0.004044 -0.024090
vertex -0.083062 0.016883 -0.029755
endloop
endfacet
facet normal -0.506883 0.787692 -0.350158
outer loop
vertex 0.040687 0.027380 0.009998
vertex 0.032730 0.023788 0.013436
vertex 0.032113 0.024527 0.015993
endloop
endfacet
facet normal -0.509376 0.269153 -0.817369
outer loop
vertex 0.052322 0.027368 0.002743
vertex 0.040687 0.027380 0.009998
vertex 0.046044 0.027706 0.006767
endloop
endfacet
facet normal 0.185296 0.757831 0.625586
outer loop
vertex 0.034738 0.023671 0.016253
vertex 0.040687 0.027380 0.009998
vertex 0.032113 0.024527 0.015993
endloop
endfacet
facet normal 0.397805 0.571855 0.717450
outer loop
vertex 0.046044 0.027706 0.006767
vertex 0.040687 0.027380 0.009998
vertex 0.034738 0.023671 0.016253
endloop
endfacet
facet normal 0.611627 0.115757 0.782632
outer loop
vertex 0.072128 0.017570 -0.010393
vertex 0.066525 0.021709 -0.006627
vertex 0.060268 0.025064 -0.002233
endloop
endfacet
facet normal -0.120544 0.573926 -0.809987
outer loop
vertex 0.076773 0.013115 -0.014241
vertex 0.066525 0.021709 -0.006627
vertex 0.072128 0.017570 -0.010393
endloop
endfacet
facet normal -0.098227 0.432460 -0.896287
outer loop
vertex 0.084613 -0.004037 -0.024086
vertex 0.079531 -0.022903 -0.032632
vertex 0.073631 -0.026559 -0.033749
endloop
endfacet
facet normal 0.002572 0.595781 -0.803143
outer loop
vertex 0.073631 -0.026559 -0.033749
vertex 0.038845 -0.019966 -0.028970
vertex 0.052132 -0.015587 -0.025679
endloop
endfacet
facet normal -0.024330 0.672497 -0.739700
outer loop
vertex 0.038845 -0.019966 -0.028970
vertex 0.021223 -0.013783 -0.022769
vertex 0.039000 -0.007423 -0.017572
endloop
endfacet
facet normal -0.378937 0.574128 -0.725798
outer loop
vertex 0.035157 0.016650 0.006425
vertex 0.051217 0.012838 -0.004975
vertex 0.045451 0.003331 -0.009485
endloop
endfacet
facet normal -0.445167 0.446251 -0.776329
outer loop
vertex 0.035157 0.016650 0.006425
vertex 0.052322 0.027368 0.002743
vertex 0.051217 0.012838 -0.004975
endloop
endfacet
facet normal -0.462249 0.485358 -0.742128
outer loop
vertex 0.040687 0.027380 0.009998
vertex 0.052322 0.027368 0.002743
vertex 0.035157 0.016650 0.006425
endloop
endfacet
facet normal -0.242749 0.532031 -0.811182
outer loop
vertex 0.051217 0.012838 -0.004975
vertex 0.060145 -0.004353 -0.018922
vertex 0.045451 0.003331 -0.009485
endloop
endfacet
facet normal -0.131707 0.542328 -0.829779
outer loop
vertex 0.060145 -0.004353 -0.018922
vertex 0.066058 -0.012498 -0.025184
vertex 0.039000 -0.007423 -0.017572
endloop
endfacet
facet normal -0.107018 0.608619 -0.786212
outer loop
vertex 0.039000 -0.007423 -0.017572
vertex 0.066058 -0.012498 -0.025184
vertex 0.052132 -0.015587 -0.025679
endloop
endfacet
facet normal -0.354205 0.459578 -0.814449
outer loop
vertex 0.052322 0.027368 0.002743
vertex 0.066525 0.021709 -0.006627
vertex 0.051217 0.012838 -0.004975
endloop
endfacet
facet normal -0.456519 0.262057 -0.850245
outer loop
vertex 0.060268 0.025064 -0.002233
vertex 0.066525 0.021709 -0.006627
vertex 0.052322 0.027368 0.002743
endloop
endfacet
facet normal -0.278232 0.429451 -0.859162
outer loop
vertex 0.070744 0.003707 -0.016991
vertex 0.066525 0.021709 -0.006627
vertex 0.076773 0.013115 -0.014241
endloop
endfacet
facet normal -0.253599 0.366113 -0.895348
outer loop
vertex 0.084613 -0.004037 -0.024086
vertex 0.070744 0.003707 -0.016991
vertex 0.082705 0.004394 -0.020098
endloop
endfacet
facet normal -0.077305 0.488005 -0.869410
outer loop
vertex 0.066058 -0.012498 -0.025184
vertex 0.073631 -0.026559 -0.033749
vertex 0.052132 -0.015587 -0.025679
endloop
endfacet
facet normal -0.189329 0.457110 -0.869025
outer loop
vertex 0.084613 -0.004037 -0.024086
vertex 0.060145 -0.004353 -0.018922
vertex 0.070744 0.003707 -0.016991
endloop
endfacet
facet normal -0.523680 0.499656 -0.690002
outer loop
vertex 0.035157 0.016650 0.006425
vertex 0.032730 0.023788 0.013436
vertex 0.040687 0.027380 0.009998
endloop
endfacet
facet normal -0.260099 0.650919 -0.713199
outer loop
vertex 0.032402 0.005251 -0.002974
vertex 0.035157 0.016650 0.006425
vertex 0.045451 0.003331 -0.009485
endloop
endfacet
facet normal -0.248580 0.672996 -0.696624
outer loop
vertex 0.032402 0.005251 -0.002974
vertex 0.045451 0.003331 -0.009485
vertex 0.039000 -0.007423 -0.017572
endloop
endfacet
facet normal -0.252914 0.526932 -0.811405
outer loop
vertex 0.060145 -0.004353 -0.018922
vertex 0.051217 0.012838 -0.004975
vertex 0.070744 0.003707 -0.016991
endloop
endfacet
facet normal -0.141842 0.647903 -0.748400
outer loop
vertex 0.060145 -0.004353 -0.018922
vertex 0.039000 -0.007423 -0.017572
vertex 0.045451 0.003331 -0.009485
endloop
endfacet
facet normal -0.038464 0.672294 -0.739285
outer loop
vertex 0.039000 -0.007423 -0.017572
vertex 0.052132 -0.015587 -0.025679
vertex 0.038845 -0.019966 -0.028970
endloop
endfacet
facet normal -0.330206 0.411656 -0.849414
outer loop
vertex 0.070744 0.003707 -0.016991
vertex 0.051217 0.012838 -0.004975
vertex 0.066525 0.021709 -0.006627
endloop
endfacet
facet normal -0.250918 0.416267 -0.873935
outer loop
vertex 0.076773 0.013115 -0.014241
vertex 0.082705 0.004394 -0.020098
vertex 0.070744 0.003707 -0.016991
endloop
endfacet
facet normal -0.183744 0.511813 -0.839217
outer loop
vertex 0.060145 -0.004353 -0.018922
vertex 0.084613 -0.004037 -0.024086
vertex 0.066058 -0.012498 -0.025184
endloop
endfacet
facet normal -0.154206 0.452135 -0.878518
outer loop
vertex 0.084613 -0.004037 -0.024086
vertex 0.073631 -0.026559 -0.033749
vertex 0.066058 -0.012498 -0.025184
endloop
endfacet
facet normal -0.386006 -0.196142 -0.901403
outer loop
vertex 0.017101 -0.013970 -0.020963
vertex 0.021223 -0.013783 -0.022769
vertex 0.038845 -0.019966 -0.028970
endloop
endfacet
facet normal -0.336650 -0.912962 -0.230580
outer loop
vertex 0.017101 -0.013970 -0.020963
vertex 0.038845 -0.019966 -0.028970
vertex 0.032181 -0.018303 -0.025826
endloop
endfacet
facet normal -0.350343 -0.897533 -0.267760
outer loop
vertex 0.032181 -0.018303 -0.025826
vertex 0.038845 -0.019966 -0.028970
vertex 0.056573 -0.025908 -0.032246
endloop
endfacet
facet normal -0.048227 0.406827 -0.912232
outer loop
vertex 0.073631 -0.026559 -0.033749
vertex 0.066538 -0.027520 -0.033803
vertex 0.038845 -0.019966 -0.028970
endloop
endfacet
facet normal -0.126804 0.161300 -0.978725
outer loop
vertex 0.066538 -0.027520 -0.033803
vertex 0.056573 -0.025908 -0.032246
vertex 0.038845 -0.019966 -0.028970
endloop
endfacet
facet normal 0.127213 -0.933077 0.336430
outer loop
vertex 0.023085 -0.013981 -0.009637
vertex 0.035344 -0.013043 -0.011673
vertex 0.030385 -0.009927 -0.001154
endloop
endfacet
facet normal 0.563615 -0.449478 0.693042
outer loop
vertex 0.053956 0.009042 0.001858
vertex 0.039096 0.008961 0.013891
vertex 0.038956 0.002744 0.009973
endloop
endfacet
facet normal 0.084600 -0.995100 0.051174
outer loop
vertex 0.035344 -0.013043 -0.011673
vertex 0.023085 -0.013981 -0.009637
vertex 0.023275 -0.014170 -0.013638
endloop
endfacet
facet normal -0.223766 -0.961028 0.162339
outer loop
vertex 0.023275 -0.014170 -0.013638
vertex 0.017101 -0.013970 -0.020963
vertex 0.032181 -0.018303 -0.025826
endloop
endfacet
facet normal -0.129285 -0.848215 0.513631
outer loop
vertex 0.032181 -0.018303 -0.025826
vertex 0.056573 -0.025908 -0.032246
vertex 0.046085 -0.019433 -0.024193
endloop
endfacet
facet normal -0.034130 -0.795495 0.604998
outer loop
vertex 0.056573 -0.025908 -0.032246
vertex 0.066538 -0.027520 -0.033803
vertex 0.056424 -0.019329 -0.023603
endloop
endfacet
facet normal 0.093648 -0.728880 0.678206
outer loop
vertex 0.056424 -0.019329 -0.023603
vertex 0.066538 -0.027520 -0.033803
vertex 0.073631 -0.026559 -0.033749
endloop
endfacet
facet normal 0.286032 -0.670808 0.684254
outer loop
vertex 0.079531 -0.022903 -0.032632
vertex 0.080401 -0.018416 -0.028597
vertex 0.073631 -0.026559 -0.033749
endloop
endfacet
facet normal 0.373235 -0.490349 0.787562
outer loop
vertex 0.080401 -0.018416 -0.028597
vertex 0.084049 -0.011880 -0.026256
vertex 0.067097 -0.006555 -0.014907
endloop
endfacet
facet normal 0.508447 -0.254145 0.822735
outer loop
vertex 0.069539 0.000209 -0.012423
vertex 0.083826 -0.005144 -0.022906
vertex 0.080428 0.003106 -0.018257
endloop
endfacet
facet normal 0.514965 0.372228 0.772177
outer loop
vertex 0.052322 0.027368 0.002743
vertex 0.046044 0.027706 0.006767
vertex 0.034738 0.023671 0.016253
endloop
endfacet
facet normal 0.323486 -0.796052 0.511525
outer loop
vertex 0.038097 -0.009304 -0.005063
vertex 0.037265 -0.004472 0.002984
vertex 0.030385 -0.009927 -0.001154
endloop
endfacet
facet normal -0.027050 -0.952542 0.303202
outer loop
vertex 0.023275 -0.014170 -0.013638
vertex 0.032181 -0.018303 -0.025826
vertex 0.037289 -0.016022 -0.018205
endloop
endfacet
facet normal -0.117188 -0.927108 0.356003
outer loop
vertex 0.037289 -0.016022 -0.018205
vertex 0.032181 -0.018303 -0.025826
vertex 0.046085 -0.019433 -0.024193
endloop
endfacet
facet normal 0.092970 -0.895189 0.435882
outer loop
vertex 0.035344 -0.013043 -0.011673
vertex 0.037289 -0.016022 -0.018205
vertex 0.048425 -0.013297 -0.014983
endloop
endfacet
facet normal 0.276754 -0.756507 0.592541
outer loop
vertex 0.048425 -0.013297 -0.014983
vertex 0.047981 -0.007588 -0.007487
vertex 0.038097 -0.009304 -0.005063
endloop
endfacet
facet normal 0.466840 -0.669258 0.578061
outer loop
vertex 0.038956 0.002744 0.009973
vertex 0.037265 -0.004472 0.002984
vertex 0.052247 0.003774 0.000432
endloop
endfacet
facet normal -0.026477 -0.795617 0.605221
outer loop
vertex 0.056573 -0.025908 -0.032246
vertex 0.056424 -0.019329 -0.023603
vertex 0.046085 -0.019433 -0.024193
endloop
endfacet
facet normal 0.157181 -0.781149 0.604236
outer loop
vertex 0.047981 -0.007588 -0.007487
vertex 0.048425 -0.013297 -0.014983
vertex 0.064076 -0.012814 -0.018431
endloop
endfacet
facet normal 0.322276 -0.577745 0.749899
outer loop
vertex 0.064076 -0.012814 -0.018431
vertex 0.067097 -0.006555 -0.014907
vertex 0.047981 -0.007588 -0.007487
endloop
endfacet
facet normal 0.445605 -0.445921 0.776267
outer loop
vertex 0.067097 -0.006555 -0.014907
vertex 0.069539 0.000209 -0.012423
vertex 0.050329 -0.001374 -0.002305
endloop
endfacet
facet normal 0.178615 -0.674360 0.716474
outer loop
vertex 0.073631 -0.026559 -0.033749
vertex 0.064076 -0.012814 -0.018431
vertex 0.048425 -0.013297 -0.014983
endloop
endfacet
facet normal 0.228875 -0.649266 0.725307
outer loop
vertex 0.064076 -0.012814 -0.018431
vertex 0.073631 -0.026559 -0.033749
vertex 0.080401 -0.018416 -0.028597
endloop
endfacet
facet normal 0.283909 -0.570792 0.770449
outer loop
vertex 0.080401 -0.018416 -0.028597
vertex 0.067097 -0.006555 -0.014907
vertex 0.064076 -0.012814 -0.018431
endloop
endfacet
facet normal 0.611048 -0.202715 0.765197
outer loop
vertex 0.053956 0.009042 0.001858
vertex 0.072128 0.017570 -0.010393
vertex 0.039575 0.014180 0.014704
endloop
endfacet
facet normal 0.506258 -0.374641 0.776754
outer loop
vertex 0.053956 0.009042 0.001858
vertex 0.052247 0.003774 0.000432
vertex 0.080428 0.003106 -0.018257
endloop
endfacet
facet normal 0.587855 -0.099193 0.802862
outer loop
vertex 0.072128 0.017570 -0.010393
vertex 0.053956 0.009042 0.001858
vertex 0.080428 0.003106 -0.018257
endloop
endfacet
facet normal 0.609904 0.009750 0.792415
outer loop
vertex 0.072128 0.017570 -0.010393
vertex 0.037578 0.018706 0.016185
vertex 0.039575 0.014180 0.014704
endloop
endfacet
facet normal 0.559368 -0.124590 0.819503
outer loop
vertex 0.080428 0.003106 -0.018257
vertex 0.076773 0.013115 -0.014241
vertex 0.072128 0.017570 -0.010393
endloop
endfacet
facet normal 0.016556 -0.907875 0.418915
outer loop
vertex 0.037289 -0.016022 -0.018205
vertex 0.035344 -0.013043 -0.011673
vertex 0.023275 -0.014170 -0.013638
endloop
endfacet
facet normal 0.267586 -0.882171 0.387520
outer loop
vertex 0.038097 -0.009304 -0.005063
vertex 0.030385 -0.009927 -0.001154
vertex 0.035344 -0.013043 -0.011673
endloop
endfacet
facet normal -0.018175 -0.880006 0.474615
outer loop
vertex 0.037289 -0.016022 -0.018205
vertex 0.046085 -0.019433 -0.024193
vertex 0.056424 -0.019329 -0.023603
endloop
endfacet
facet normal 0.098896 -0.883236 0.458381
outer loop
vertex 0.038097 -0.009304 -0.005063
vertex 0.035344 -0.013043 -0.011673
vertex 0.048425 -0.013297 -0.014983
endloop
endfacet
facet normal 0.267925 -0.813459 0.516237
outer loop
vertex 0.037265 -0.004472 0.002984
vertex 0.038097 -0.009304 -0.005063
vertex 0.047981 -0.007588 -0.007487
endloop
endfacet
facet normal 0.409475 -0.670585 0.618584
outer loop
vertex 0.047981 -0.007588 -0.007487
vertex 0.050329 -0.001374 -0.002305
vertex 0.037265 -0.004472 0.002984
endloop
endfacet
facet normal 0.422557 -0.543181 0.725534
outer loop
vertex 0.050329 -0.001374 -0.002305
vertex 0.052247 0.003774 0.000432
vertex 0.037265 -0.004472 0.002984
endloop
endfacet
facet normal 0.558520 -0.380817 0.736908
outer loop
vertex 0.053956 0.009042 0.001858
vertex 0.038956 0.002744 0.009973
vertex 0.052247 0.003774 0.000432
endloop
endfacet
facet normal 0.620051 -0.175961 0.764575
outer loop
vertex 0.053956 0.009042 0.001858
vertex 0.039575 0.014180 0.014704
vertex 0.039096 0.008961 0.013891
endloop
endfacet
facet normal 0.026906 -0.807129 0.589762
outer loop
vertex 0.048425 -0.013297 -0.014983
vertex 0.037289 -0.016022 -0.018205
vertex 0.056424 -0.019329 -0.023603
endloop
endfacet
facet normal 0.298302 -0.675270 0.674556
outer loop
vertex 0.050329 -0.001374 -0.002305
vertex 0.047981 -0.007588 -0.007487
vertex 0.067097 -0.006555 -0.014907
endloop
endfacet
facet normal -0.013786 -0.825213 0.564654
outer loop
vertex 0.048425 -0.013297 -0.014983
vertex 0.056424 -0.019329 -0.023603
vertex 0.073631 -0.026559 -0.033749
endloop
endfacet
facet normal 0.400177 -0.439725 0.804052
outer loop
vertex 0.069539 0.000209 -0.012423
vertex 0.067097 -0.006555 -0.014907
vertex 0.084049 -0.011880 -0.026256
endloop
endfacet
facet normal 0.425841 -0.543324 0.723504
outer loop
vertex 0.052247 0.003774 0.000432
vertex 0.050329 -0.001374 -0.002305
vertex 0.069539 0.000209 -0.012423
endloop
endfacet
facet normal 0.512968 -0.345452 0.785829
outer loop
vertex 0.069539 0.000209 -0.012423
vertex 0.080428 0.003106 -0.018257
vertex 0.052247 0.003774 0.000432
endloop
endfacet
facet normal 0.541082 0.298826 0.786087
outer loop
vertex 0.037578 0.018706 0.016185
vertex 0.052322 0.027368 0.002743
vertex 0.034738 0.023671 0.016253
endloop
endfacet
facet normal 0.565290 0.255093 0.784458
outer loop
vertex 0.052322 0.027368 0.002743
vertex 0.037578 0.018706 0.016185
vertex 0.060268 0.025064 -0.002233
endloop
endfacet
facet normal 0.608453 0.106647 0.786391
outer loop
vertex 0.072128 0.017570 -0.010393
vertex 0.060268 0.025064 -0.002233
vertex 0.037578 0.018706 0.016185
endloop
endfacet
facet normal 0.447118 -0.386417 0.806702
outer loop
vertex 0.084049 -0.011880 -0.026256
vertex 0.083826 -0.005144 -0.022906
vertex 0.069539 0.000209 -0.012423
endloop
endfacet
facet normal 0.298141 -0.953196 0.050291
outer loop
vertex -0.040826 -0.027379 0.009872
vertex -0.031883 -0.024302 0.015164
vertex -0.033293 -0.024707 0.015849
endloop
endfacet
facet normal -0.440768 -0.469157 0.765255
outer loop
vertex -0.033293 -0.024707 0.015849
vertex -0.037062 -0.020610 0.016190
vertex -0.040826 -0.027379 0.009872
endloop
endfacet
facet normal -0.460492 -0.455206 0.762059
outer loop
vertex -0.050091 -0.027621 0.004129
vertex -0.040826 -0.027379 0.009872
vertex -0.037062 -0.020610 0.016190
endloop
endfacet
facet normal -0.616830 -0.077036 0.783318
outer loop
vertex -0.074725 -0.015341 -0.012488
vertex -0.065915 -0.022144 -0.006220
vertex -0.060337 -0.025114 -0.002120
endloop
endfacet
facet normal 0.649794 -0.066558 0.757191
outer loop
vertex 0.076773 0.013115 -0.014241
vertex 0.080428 0.003106 -0.018257
vertex 0.082705 0.004394 -0.020098
endloop
endfacet
facet normal 0.668384 -0.136684 0.731150
outer loop
vertex 0.080428 0.003106 -0.018257
vertex 0.083826 -0.005144 -0.022906
vertex 0.082705 0.004394 -0.020098
endloop
endfacet
facet normal 0.852797 -0.052732 0.519574
outer loop
vertex 0.082705 0.004394 -0.020098
vertex 0.083826 -0.005144 -0.022906
vertex 0.084613 -0.004037 -0.024086
endloop
endfacet
facet normal 0.888006 -0.180865 0.422769
outer loop
vertex 0.083826 -0.005144 -0.022906
vertex 0.084049 -0.011880 -0.026256
vertex 0.084613 -0.004037 -0.024086
endloop
endfacet
facet normal 0.583997 -0.602491 0.544015
outer loop
vertex 0.079531 -0.022903 -0.032632
vertex 0.083062 -0.016883 -0.029755
vertex 0.080401 -0.018416 -0.028597
endloop
endfacet
facet normal 0.577835 -0.541247 0.610866
outer loop
vertex 0.080401 -0.018416 -0.028597
vertex 0.083062 -0.016883 -0.029755
vertex 0.084049 -0.011880 -0.026256
endloop
endfacet
facet normal 0.958688 0.009657 -0.284295
outer loop
vertex 0.084613 -0.004037 -0.024086
vertex 0.084049 -0.011880 -0.026256
vertex 0.083062 -0.016883 -0.029755
endloop
endfacet
facet normal 0.071969 0.395402 -0.915684
outer loop
vertex 0.079531 -0.022903 -0.032632
vertex 0.084613 -0.004037 -0.024086
vertex 0.083062 -0.016883 -0.029755
endloop
endfacet
facet normal 0.536072 -0.665826 -0.518943
outer loop
vertex -0.040826 -0.027379 0.009872
vertex -0.032222 -0.022629 0.012665
vertex -0.031883 -0.024302 0.015164
endloop
endfacet
facet normal 0.387347 -0.438377 -0.811041
outer loop
vertex -0.046029 -0.018334 0.001049
vertex -0.050091 -0.027621 0.004129
vertex -0.060337 -0.025114 -0.002120
endloop
endfacet
facet normal 0.372281 -0.433709 -0.820551
outer loop
vertex -0.060337 -0.025114 -0.002120
vertex -0.065915 -0.022144 -0.006220
vertex -0.058797 -0.012953 -0.007849
endloop
endfacet
facet normal 0.112242 -0.481070 -0.869467
outer loop
vertex -0.079421 0.023014 -0.032727
vertex -0.071752 0.027103 -0.033999
vertex -0.066058 0.012498 -0.025184
endloop
endfacet
facet normal -0.008729 -0.595344 -0.803423
outer loop
vertex -0.071752 0.027103 -0.033999
vertex -0.039575 0.019991 -0.029079
vertex -0.052132 0.015587 -0.025679
endloop
endfacet
facet normal 0.025425 -0.674446 -0.737886
outer loop
vertex -0.039575 0.019991 -0.029079
vertex -0.021279 0.013776 -0.022768
vertex -0.039000 0.007423 -0.017572
endloop
endfacet
facet normal 0.410230 -0.534584 -0.738872
outer loop
vertex -0.034891 -0.012266 0.002843
vertex -0.046029 -0.018334 0.001049
vertex -0.045451 -0.003331 -0.009485
endloop
endfacet
facet normal 0.477115 -0.457515 -0.750361
outer loop
vertex -0.040826 -0.027379 0.009872
vertex -0.050091 -0.027621 0.004129
vertex -0.046029 -0.018334 0.001049
endloop
endfacet
facet normal 0.214491 -0.566769 -0.795466
outer loop
vertex -0.046029 -0.018334 0.001049
vertex -0.060145 0.004353 -0.018922
vertex -0.045451 -0.003331 -0.009485
endloop
endfacet
facet normal 0.131708 -0.542328 -0.829779
outer loop
vertex -0.060145 0.004353 -0.018922
vertex -0.066058 0.012498 -0.025184
vertex -0.039000 0.007423 -0.017572
endloop
endfacet
facet normal 0.107018 -0.608619 -0.786212
outer loop
vertex -0.039000 0.007423 -0.017572
vertex -0.066058 0.012498 -0.025184
vertex -0.052132 0.015587 -0.025679
endloop
endfacet
facet normal 0.385534 -0.432738 -0.814924
outer loop
vertex -0.060337 -0.025114 -0.002120
vertex -0.058797 -0.012953 -0.007849
vertex -0.046029 -0.018334 0.001049
endloop
endfacet
facet normal 0.311002 -0.394102 -0.864848
outer loop
vertex -0.065915 -0.022144 -0.006220
vertex -0.074725 -0.015341 -0.012488
vertex -0.058797 -0.012953 -0.007849
endloop
endfacet
facet normal 0.311322 -0.433783 -0.845524
outer loop
vertex -0.070744 -0.003707 -0.016991
vertex -0.058797 -0.012953 -0.007849
vertex -0.074725 -0.015341 -0.012488
endloop
endfacet
facet normal 0.252092 -0.368411 -0.894831
outer loop
vertex -0.084613 0.004044 -0.024090
vertex -0.070744 -0.003707 -0.016991
vertex -0.082493 -0.005024 -0.019759
endloop
endfacet
facet normal 0.078419 -0.492597 -0.866717
outer loop
vertex -0.066058 0.012498 -0.025184
vertex -0.071752 0.027103 -0.033999
vertex -0.052132 0.015587 -0.025679
endloop
endfacet
facet normal 0.189320 -0.457100 -0.869032
outer loop
vertex -0.084613 0.004044 -0.024090
vertex -0.060145 0.004353 -0.018922
vertex -0.070744 -0.003707 -0.016991
endloop
endfacet
facet normal 0.421691 -0.564218 -0.709813
outer loop
vertex -0.032222 -0.022629 0.012665
vertex -0.046029 -0.018334 0.001049
vertex -0.034891 -0.012266 0.002843
endloop
endfacet
facet normal 0.490006 -0.447742 -0.747944
outer loop
vertex -0.046029 -0.018334 0.001049
vertex -0.032222 -0.022629 0.012665
vertex -0.040826 -0.027379 0.009872
endloop
endfacet
facet normal 0.250675 -0.669056 -0.699661
outer loop
vertex -0.032402 -0.005251 -0.002974
vertex -0.034891 -0.012266 0.002843
vertex -0.045451 -0.003331 -0.009485
endloop
endfacet
facet normal 0.248579 -0.672996 -0.696624
outer loop
vertex -0.032402 -0.005251 -0.002974
vertex -0.045451 -0.003331 -0.009485
vertex -0.039000 0.007423 -0.017572
endloop
endfacet
facet normal 0.353484 -0.484465 -0.800215
outer loop
vertex -0.046029 -0.018334 0.001049
vertex -0.058797 -0.012953 -0.007849
vertex -0.060145 0.004353 -0.018922
endloop
endfacet
facet normal 0.237539 -0.510331 -0.826522
outer loop
vertex -0.060145 0.004353 -0.018922
vertex -0.058797 -0.012953 -0.007849
vertex -0.070744 -0.003707 -0.016991
endloop
endfacet
facet normal 0.141842 -0.647903 -0.748400
outer loop
vertex -0.060145 0.004353 -0.018922
vertex -0.039000 0.007423 -0.017572
vertex -0.045451 -0.003331 -0.009485
endloop
endfacet
facet normal 0.036580 -0.673934 -0.737885
outer loop
vertex -0.039000 0.007423 -0.017572
vertex -0.052132 0.015587 -0.025679
vertex -0.039575 0.019991 -0.029079
endloop
endfacet
facet normal 0.252427 -0.423174 -0.870175
outer loop
vertex -0.074725 -0.015341 -0.012488
vertex -0.082493 -0.005024 -0.019759
vertex -0.070744 -0.003707 -0.016991
endloop
endfacet
facet normal 0.183711 -0.511833 -0.839212
outer loop
vertex -0.060145 0.004353 -0.018922
vertex -0.084613 0.004044 -0.024090
vertex -0.066058 0.012498 -0.025184
endloop
endfacet
facet normal 0.149914 -0.443402 -0.883697
outer loop
vertex -0.084613 0.004044 -0.024090
vertex -0.079421 0.023014 -0.032727
vertex -0.066058 0.012498 -0.025184
endloop
endfacet
facet normal -0.665827 -0.536073 -0.518942
outer loop
vertex -0.027379 0.040826 0.009872
vertex -0.022629 0.032222 0.012665
vertex -0.024302 0.031883 0.015164
endloop
endfacet
facet normal -0.438377 -0.387347 -0.811041
outer loop
vertex -0.018334 0.046029 0.001049
vertex -0.027621 0.050091 0.004129
vertex -0.025114 0.060337 -0.002120
endloop
endfacet
facet normal -0.433709 -0.372281 -0.820550
outer loop
vertex -0.025114 0.060337 -0.002120
vertex -0.022144 0.065915 -0.006220
vertex -0.012953 0.058797 -0.007849
endloop
endfacet
facet normal -0.480652 -0.113430 -0.869544
outer loop
vertex 0.022970 0.079454 -0.032720
vertex 0.027103 0.071752 -0.033999
vertex 0.012498 0.066058 -0.025184
endloop
endfacet
facet normal -0.595344 0.008729 -0.803423
outer loop
vertex 0.027103 0.071752 -0.033999
vertex 0.019991 0.039575 -0.029079
vertex 0.015587 0.052132 -0.025679
endloop
endfacet
facet normal -0.674446 -0.025425 -0.737886
outer loop
vertex 0.019991 0.039575 -0.029079
vertex 0.013776 0.021279 -0.022768
vertex 0.007423 0.039000 -0.017572
endloop
endfacet
facet normal -0.534584 -0.410230 -0.738872
outer loop
vertex -0.012266 0.034891 0.002843
vertex -0.018334 0.046029 0.001049
vertex -0.003331 0.045451 -0.009485
endloop
endfacet
facet normal -0.457515 -0.477115 -0.750360
outer loop
vertex -0.027379 0.040826 0.009872
vertex -0.027621 0.050091 0.004129
vertex -0.018334 0.046029 0.001049
endloop
endfacet
facet normal -0.566770 -0.214491 -0.795465
outer loop
vertex -0.018334 0.046029 0.001049
vertex 0.004353 0.060145 -0.018922
vertex -0.003331 0.045451 -0.009485
endloop
endfacet
facet normal -0.542328 -0.131708 -0.829779
outer loop
vertex 0.004353 0.060145 -0.018922
vertex 0.012498 0.066058 -0.025184
vertex 0.007423 0.039000 -0.017572
endloop
endfacet
facet normal -0.608620 -0.107019 -0.786212
outer loop
vertex 0.007423 0.039000 -0.017572
vertex 0.012498 0.066058 -0.025184
vertex 0.015587 0.052132 -0.025679
endloop
endfacet
facet normal -0.432737 -0.385534 -0.814925
outer loop
vertex -0.025114 0.060337 -0.002120
vertex -0.012953 0.058797 -0.007849
vertex -0.018334 0.046029 0.001049
endloop
endfacet
facet normal -0.394102 -0.311002 -0.864847
outer loop
vertex -0.022144 0.065915 -0.006220
vertex -0.015341 0.074725 -0.012488
vertex -0.012953 0.058797 -0.007849
endloop
endfacet
facet normal -0.433783 -0.311322 -0.845524
outer loop
vertex -0.003707 0.070744 -0.016991
vertex -0.012953 0.058797 -0.007849
vertex -0.015341 0.074725 -0.012488
endloop
endfacet
facet normal -0.427489 -0.256230 -0.866948
outer loop
vertex 0.022970 0.079454 -0.032720
vertex -0.003707 0.070744 -0.016991
vertex -0.006770 0.081429 -0.018639
endloop
endfacet
facet normal -0.492597 -0.078419 -0.866717
outer loop
vertex 0.012498 0.066058 -0.025184
vertex 0.027103 0.071752 -0.033999
vertex 0.015587 0.052132 -0.025679
endloop
endfacet
facet normal -0.453281 -0.185919 -0.871763
outer loop
vertex 0.022970 0.079454 -0.032720
vertex 0.004353 0.060145 -0.018922
vertex -0.003707 0.070744 -0.016991
endloop
endfacet
facet normal -0.564219 -0.421691 -0.709813
outer loop
vertex -0.022629 0.032222 0.012665
vertex -0.018334 0.046029 0.001049
vertex -0.012266 0.034891 0.002843
endloop
endfacet
facet normal -0.447741 -0.490006 -0.747945
outer loop
vertex -0.018334 0.046029 0.001049
vertex -0.022629 0.032222 0.012665
vertex -0.027379 0.040826 0.009872
endloop
endfacet
facet normal -0.669056 -0.250675 -0.699662
outer loop
vertex -0.005251 0.032402 -0.002974
vertex -0.012266 0.034891 0.002843
vertex -0.003331 0.045451 -0.009485
endloop
endfacet
facet normal -0.672996 -0.248579 -0.696624
outer loop
vertex -0.005251 0.032402 -0.002974
vertex -0.003331 0.045451 -0.009485
vertex 0.007423 0.039000 -0.017572
endloop
endfacet
facet normal -0.484464 -0.353484 -0.800215
outer loop
vertex -0.018334 0.046029 0.001049
vertex -0.012953 0.058797 -0.007849
vertex 0.004353 0.060145 -0.018922
endloop
endfacet
facet normal -0.510331 -0.237538 -0.826522
outer loop
vertex 0.004353 0.060145 -0.018922
vertex -0.012953 0.058797 -0.007849
vertex -0.003707 0.070744 -0.016991
endloop
endfacet
facet normal -0.647903 -0.141842 -0.748400
outer loop
vertex 0.004353 0.060145 -0.018922
vertex 0.007423 0.039000 -0.017572
vertex -0.003331 0.045451 -0.009485
endloop
endfacet
facet normal -0.673934 -0.036580 -0.737885
outer loop
vertex 0.007423 0.039000 -0.017572
vertex 0.015587 0.052132 -0.025679
vertex 0.019991 0.039575 -0.029079
endloop
endfacet
facet normal -0.423762 -0.255477 -0.868998
outer loop
vertex -0.015341 0.074725 -0.012488
vertex -0.006770 0.081429 -0.018639
vertex -0.003707 0.070744 -0.016991
endloop
endfacet
facet normal -0.638678 0.068105 -0.766455
outer loop
vertex 0.004353 0.060145 -0.018922
vertex 0.022970 0.079454 -0.032720
vertex 0.012498 0.066058 -0.025184
endloop
endfacet
facet normal -0.953196 -0.298140 0.050291
outer loop
vertex -0.027379 0.040826 0.009872
vertex -0.024302 0.031883 0.015164
vertex -0.024707 0.033293 0.015849
endloop
endfacet
facet normal -0.469157 0.440768 0.765256
outer loop
vertex -0.024707 0.033293 0.015849
vertex -0.020610 0.037062 0.016190
vertex -0.027379 0.040826 0.009872
endloop
endfacet
facet normal -0.455206 0.460492 0.762060
outer loop
vertex -0.027621 0.050091 0.004129
vertex -0.027379 0.040826 0.009872
vertex -0.020610 0.037062 0.016190
endloop
endfacet
facet normal -0.077035 0.616830 0.783317
outer loop
vertex -0.015341 0.074725 -0.012488
vertex -0.022144 0.065915 -0.006220
vertex -0.025114 0.060337 -0.002120
endloop
endfacet
facet normal 0.013883 0.805408 0.592559
outer loop
vertex -0.006770 0.081429 -0.018639
vertex 0.002580 0.083579 -0.021780
vertex 0.000382 0.084158 -0.022515
endloop
endfacet
facet normal 0.119409 0.921844 0.368706
outer loop
vertex 0.000382 0.084158 -0.022515
vertex 0.002580 0.083579 -0.021780
vertex 0.011267 0.084363 -0.026553
endloop
endfacet
facet normal 0.613339 0.425313 0.665525
outer loop
vertex 0.022611 0.076801 -0.030693
vertex 0.022970 0.079454 -0.032720
vertex 0.014111 0.082364 -0.026415
endloop
endfacet
facet normal 0.604790 0.502409 0.617911
outer loop
vertex 0.022970 0.079454 -0.032720
vertex 0.017411 0.082822 -0.030017
vertex 0.014111 0.082364 -0.026415
endloop
endfacet
facet normal 0.472810 0.708996 0.523236
outer loop
vertex 0.011267 0.084363 -0.026553
vertex 0.014111 0.082364 -0.026415
vertex 0.017411 0.082822 -0.030017
endloop
endfacet
facet normal 0.358804 0.562034 0.745236
outer loop
vertex 0.002580 0.083579 -0.021780
vertex 0.014111 0.082364 -0.026415
vertex 0.011267 0.084363 -0.026553
endloop
endfacet
facet normal -0.431309 -0.136283 -0.891852
outer loop
vertex -0.006770 0.081429 -0.018639
vertex 0.000382 0.084158 -0.022515
vertex 0.022970 0.079454 -0.032720
endloop
endfacet
facet normal -0.298577 0.554834 -0.776538
outer loop
vertex 0.000382 0.084158 -0.022515
vertex 0.011267 0.084363 -0.026553
vertex 0.017411 0.082822 -0.030017
endloop
endfacet
facet normal -0.396684 0.079215 -0.914531
outer loop
vertex 0.022970 0.079454 -0.032720
vertex 0.000382 0.084158 -0.022515
vertex 0.017411 0.082822 -0.030017
endloop
endfacet
facet normal 0.272926 -0.404312 -0.872951
outer loop
vertex 0.018000 0.030874 -0.025891
vertex 0.014144 0.018257 -0.021253
vertex 0.013776 0.021279 -0.022768
endloop
endfacet
facet normal 0.822052 -0.352050 -0.447539
outer loop
vertex 0.018000 0.030874 -0.025891
vertex 0.019991 0.039575 -0.029079
vertex 0.026922 0.060901 -0.033124
endloop
endfacet
facet normal -0.332438 -0.070340 -0.940498
outer loop
vertex 0.027103 0.071752 -0.033999
vertex 0.026922 0.060901 -0.033124
vertex 0.019991 0.039575 -0.029079
endloop
endfacet
facet normal 0.176070 -0.373922 -0.910594
outer loop
vertex 0.019991 0.039575 -0.029079
vertex 0.018000 0.030874 -0.025891
vertex 0.013776 0.021279 -0.022768
endloop
endfacet
facet normal 0.930727 0.118733 0.345905
outer loop
vertex 0.013062 0.025144 -0.007792
vertex 0.014173 0.034756 -0.014080
vertex 0.009927 0.030385 -0.001154
endloop
endfacet
facet normal 0.449478 0.563615 0.693042
outer loop
vertex -0.009042 0.053956 0.001858
vertex -0.008961 0.039096 0.013891
vertex -0.002744 0.038956 0.009973
endloop
endfacet
facet normal 0.987140 -0.009683 0.159562
outer loop
vertex 0.014173 0.034756 -0.014080
vertex 0.013062 0.025144 -0.007792
vertex 0.014326 0.021824 -0.015812
endloop
endfacet
facet normal 0.960598 -0.246084 0.129208
outer loop
vertex 0.014326 0.021824 -0.015812
vertex 0.014144 0.018257 -0.021253
vertex 0.018000 0.030874 -0.025891
endloop
endfacet
facet normal 0.875501 -0.149440 0.459527
outer loop
vertex 0.018000 0.030874 -0.025891
vertex 0.026922 0.060901 -0.033124
vertex 0.018552 0.042172 -0.023268
endloop
endfacet
facet normal 0.812745 -0.058146 0.579711
outer loop
vertex 0.018552 0.042172 -0.023268
vertex 0.026922 0.060901 -0.033124
vertex 0.015741 0.051113 -0.018430
endloop
endfacet
facet normal 0.771553 0.038372 0.635007
outer loop
vertex 0.026922 0.060901 -0.033124
vertex 0.027103 0.071752 -0.033999
vertex 0.019764 0.060642 -0.024411
endloop
endfacet
facet normal 0.767961 0.319852 0.554915
outer loop
vertex 0.027103 0.071752 -0.033999
vertex 0.022970 0.079454 -0.032720
vertex 0.022611 0.076801 -0.030693
endloop
endfacet
facet normal 0.321415 0.480091 0.816214
outer loop
vertex -0.000209 0.069539 -0.012423
vertex 0.002580 0.083579 -0.021780
vertex -0.012926 0.061750 -0.002834
endloop
endfacet
facet normal 0.144123 0.562572 0.814090
outer loop
vertex 0.002580 0.083579 -0.021780
vertex -0.006770 0.081429 -0.018639
vertex -0.015341 0.074725 -0.012488
endloop
endfacet
facet normal 0.794328 0.318733 0.517157
outer loop
vertex 0.010258 0.041497 -0.008512
vertex 0.004472 0.037265 0.002984
vertex 0.009927 0.030385 -0.001154
endloop
endfacet
facet normal 0.961086 -0.106128 0.255050
outer loop
vertex 0.014326 0.021824 -0.015812
vertex 0.018000 0.030874 -0.025891
vertex 0.018552 0.042172 -0.023268
endloop
endfacet
facet normal 0.914909 -0.042923 0.401372
outer loop
vertex 0.018552 0.042172 -0.023268
vertex 0.014173 0.034756 -0.014080
vertex 0.014326 0.021824 -0.015812
endloop
endfacet
facet normal 0.848595 0.058499 0.525799
outer loop
vertex 0.014173 0.034756 -0.014080
vertex 0.015741 0.051113 -0.018430
vertex 0.010258 0.041497 -0.008512
endloop
endfacet
facet normal 0.669258 0.466840 0.578061
outer loop
vertex -0.002744 0.038956 0.009973
vertex 0.004472 0.037265 0.002984
vertex -0.003774 0.052247 0.000432
endloop
endfacet
facet normal 0.769535 0.073293 0.634385
outer loop
vertex 0.015741 0.051113 -0.018430
vertex 0.026922 0.060901 -0.033124
vertex 0.019764 0.060642 -0.024411
endloop
endfacet
facet normal 0.765478 0.172859 0.619809
outer loop
vertex 0.007588 0.047981 -0.007487
vertex 0.015741 0.051113 -0.018430
vertex 0.012814 0.064076 -0.018431
endloop
endfacet
facet normal 0.687305 0.155215 0.709592
outer loop
vertex 0.019764 0.060642 -0.024411
vertex 0.012814 0.064076 -0.018431
vertex 0.015741 0.051113 -0.018430
endloop
endfacet
facet normal 0.577745 0.322276 0.749900
outer loop
vertex 0.012814 0.064076 -0.018431
vertex 0.006555 0.067097 -0.014907
vertex 0.007588 0.047981 -0.007487
endloop
endfacet
facet normal 0.445921 0.445605 0.776267
outer loop
vertex 0.006555 0.067097 -0.014907
vertex -0.000209 0.069539 -0.012423
vertex 0.001374 0.050329 -0.002305
endloop
endfacet
facet normal 0.687242 0.154837 0.709735
outer loop
vertex 0.022611 0.076801 -0.030693
vertex 0.012814 0.064076 -0.018431
vertex 0.019764 0.060642 -0.024411
endloop
endfacet
facet normal 0.572640 0.293575 0.765439
outer loop
vertex 0.014111 0.082364 -0.026415
vertex 0.006555 0.067097 -0.014907
vertex 0.012814 0.064076 -0.018431
endloop
endfacet
facet normal 0.260083 0.589881 0.764459
outer loop
vertex -0.009042 0.053956 0.001858
vertex -0.012926 0.061750 -0.002834
vertex -0.014181 0.039575 0.014704
endloop
endfacet
facet normal 0.385403 0.609303 0.692975
outer loop
vertex -0.009042 0.053956 0.001858
vertex -0.003774 0.052247 0.000432
vertex -0.012926 0.061750 -0.002834
endloop
endfacet
facet normal -0.062335 0.621291 0.781097
outer loop
vertex -0.012926 0.061750 -0.002834
vertex -0.020610 0.037062 0.016190
vertex -0.014181 0.039575 0.014704
endloop
endfacet
facet normal -0.025134 0.615081 0.788063
outer loop
vertex -0.012926 0.061750 -0.002834
vertex -0.025114 0.060337 -0.002120
vertex -0.020610 0.037062 0.016190
endloop
endfacet
facet normal -0.312701 0.549163 0.775009
outer loop
vertex -0.025114 0.060337 -0.002120
vertex -0.027621 0.050091 0.004129
vertex -0.020610 0.037062 0.016190
endloop
endfacet
facet normal -0.021781 0.594212 0.804013
outer loop
vertex -0.025114 0.060337 -0.002120
vertex -0.012926 0.061750 -0.002834
vertex -0.015341 0.074725 -0.012488
endloop
endfacet
facet normal 0.108798 0.606376 0.787700
outer loop
vertex 0.002580 0.083579 -0.021780
vertex -0.015341 0.074725 -0.012488
vertex -0.012926 0.061750 -0.002834
endloop
endfacet
facet normal 0.902838 0.218337 0.370421
outer loop
vertex 0.010258 0.041497 -0.008512
vertex 0.009927 0.030385 -0.001154
vertex 0.014173 0.034756 -0.014080
endloop
endfacet
facet normal 0.890893 0.035046 0.452859
outer loop
vertex 0.014173 0.034756 -0.014080
vertex 0.018552 0.042172 -0.023268
vertex 0.015741 0.051113 -0.018430
endloop
endfacet
facet normal 0.821508 0.258009 0.508483
outer loop
vertex 0.004472 0.037265 0.002984
vertex 0.010258 0.041497 -0.008512
vertex 0.007588 0.047981 -0.007487
endloop
endfacet
facet normal 0.670585 0.409475 0.618583
outer loop
vertex 0.007588 0.047981 -0.007487
vertex 0.001374 0.050329 -0.002305
vertex 0.004472 0.037265 0.002984
endloop
endfacet
facet normal 0.543181 0.422557 0.725535
outer loop
vertex 0.001374 0.050329 -0.002305
vertex -0.003774 0.052247 0.000432
vertex 0.004472 0.037265 0.002984
endloop
endfacet
facet normal 0.380816 0.558520 0.736909
outer loop
vertex -0.009042 0.053956 0.001858
vertex -0.002744 0.038956 0.009973
vertex -0.003774 0.052247 0.000432
endloop
endfacet
facet normal 0.175950 0.620052 0.764576
outer loop
vertex -0.009042 0.053956 0.001858
vertex -0.014181 0.039575 0.014704
vertex -0.008961 0.039096 0.013891
endloop
endfacet
facet normal 0.753597 0.212083 0.622184
outer loop
vertex 0.015741 0.051113 -0.018430
vertex 0.007588 0.047981 -0.007487
vertex 0.010258 0.041497 -0.008512
endloop
endfacet
facet normal 0.675270 0.298302 0.674557
outer loop
vertex 0.001374 0.050329 -0.002305
vertex 0.007588 0.047981 -0.007487
vertex 0.006555 0.067097 -0.014907
endloop
endfacet
facet normal 0.691410 0.152705 0.706140
outer loop
vertex 0.022611 0.076801 -0.030693
vertex 0.019764 0.060642 -0.024411
vertex 0.027103 0.071752 -0.033999
endloop
endfacet
facet normal 0.575732 0.292518 0.763522
outer loop
vertex 0.012814 0.064076 -0.018431
vertex 0.022611 0.076801 -0.030693
vertex 0.014111 0.082364 -0.026415
endloop
endfacet
facet normal 0.438555 0.392403 0.808511
outer loop
vertex -0.000209 0.069539 -0.012423
vertex 0.006555 0.067097 -0.014907
vertex 0.014111 0.082364 -0.026415
endloop
endfacet
facet normal 0.543325 0.425841 0.723504
outer loop
vertex -0.003774 0.052247 0.000432
vertex 0.001374 0.050329 -0.002305
vertex -0.000209 0.069539 -0.012423
endloop
endfacet
facet normal 0.272886 0.537096 0.798161
outer loop
vertex -0.000209 0.069539 -0.012423
vertex -0.012926 0.061750 -0.002834
vertex -0.003774 0.052247 0.000432
endloop
endfacet
facet normal 0.372241 0.462366 0.804769
outer loop
vertex 0.014111 0.082364 -0.026415
vertex 0.002580 0.083579 -0.021780
vertex -0.000209 0.069539 -0.012423
endloop
endfacet
facet normal -0.918832 -0.026798 0.393738
outer loop
vertex -0.082493 -0.005024 -0.019759
vertex -0.083576 0.002554 -0.021771
vertex -0.084613 0.004044 -0.024090
endloop
endfacet
facet normal -0.833775 0.212523 0.509562
outer loop
vertex -0.083576 0.002554 -0.021771
vertex -0.084159 0.012025 -0.026675
vertex -0.084613 0.004044 -0.024090
endloop
endfacet
facet normal -0.423715 0.612577 0.667244
outer loop
vertex -0.076801 0.022611 -0.030693
vertex -0.079421 0.023014 -0.032727
vertex -0.082418 0.014039 -0.026391
endloop
endfacet
facet normal -0.517597 0.602062 0.607959
outer loop
vertex -0.079421 0.023014 -0.032727
vertex -0.083062 0.016883 -0.029755
vertex -0.082418 0.014039 -0.026391
endloop
endfacet
facet normal -0.668327 0.500136 0.550639
outer loop
vertex -0.082418 0.014039 -0.026391
vertex -0.083062 0.016883 -0.029755
vertex -0.084159 0.012025 -0.026675
endloop
endfacet
facet normal -0.540720 0.360268 0.760150
outer loop
vertex -0.083576 0.002554 -0.021771
vertex -0.082418 0.014039 -0.026391
vertex -0.084159 0.012025 -0.026675
endloop
endfacet
facet normal 0.900374 0.255557 -0.352162
outer loop
vertex 0.026293 -0.027734 0.020041
vertex 0.024686 -0.027763 0.015912
vertex 0.021640 -0.025523 0.009750
endloop
endfacet
facet normal 0.829055 0.024281 -0.558640
outer loop
vertex 0.024686 -0.027763 0.015912
vertex 0.024302 -0.031883 0.015164
vertex 0.022629 -0.032222 0.012665
endloop
endfacet
facet normal 0.995824 -0.089427 -0.018339
outer loop
vertex 0.024452 -0.030951 0.018756
vertex 0.024302 -0.031883 0.015164
vertex 0.024686 -0.027763 0.015912
endloop
endfacet
facet normal 0.832718 -0.534421 0.144824
outer loop
vertex 0.022328 -0.033030 0.023297
vertex 0.024452 -0.030951 0.018756
vertex 0.026293 -0.027734 0.020041
endloop
endfacet
facet normal 0.813709 -0.568700 0.120241
outer loop
vertex 0.024452 -0.030951 0.018756
vertex 0.022328 -0.033030 0.023297
vertex 0.022419 -0.034008 0.018058
endloop
endfacet
facet normal 0.660980 -0.554921 0.505142
outer loop
vertex 0.022419 -0.034008 0.018058
vertex 0.024707 -0.033293 0.015849
vertex 0.024452 -0.030951 0.018756
endloop
endfacet
facet normal 0.869129 -0.363196 -0.335713
outer loop
vertex 0.024686 -0.027763 0.015912
vertex 0.026293 -0.027734 0.020041
vertex 0.024452 -0.030951 0.018756
endloop
endfacet
facet normal 0.968168 0.229504 -0.099896
outer loop
vertex 0.024452 -0.030951 0.018756
vertex 0.024707 -0.033293 0.015849
vertex 0.024302 -0.031883 0.015164
endloop
endfacet
facet normal 0.626939 -0.641649 0.441852
outer loop
vertex 0.020610 -0.037062 0.016190
vertex 0.024707 -0.033293 0.015849
vertex 0.022419 -0.034008 0.018058
endloop
endfacet
facet normal 0.079843 -0.770876 -0.631962
outer loop
vertex -0.008560 -0.014839 -0.025950
vertex -0.004550 -0.019817 -0.019370
vertex -0.011242 -0.017337 -0.023241
endloop
endfacet
facet normal 0.192061 -0.641255 -0.742902
outer loop
vertex -0.004550 -0.019817 -0.019370
vertex -0.005029 -0.025483 -0.014604
vertex -0.011242 -0.017337 -0.023241
endloop
endfacet
facet normal 0.474428 -0.589857 -0.653442
outer loop
vertex -0.004550 -0.019817 -0.019370
vertex 0.002223 -0.024194 -0.010502
vertex -0.005029 -0.025483 -0.014604
endloop
endfacet
facet normal 0.505703 -0.415817 -0.755884
outer loop
vertex -0.011242 -0.017337 -0.023241
vertex -0.005029 -0.025483 -0.014604
vertex -0.013776 -0.021279 -0.022768
endloop
endfacet
facet normal 0.292787 -0.685470 -0.666638
outer loop
vertex -0.005029 -0.025483 -0.014604
vertex 0.005251 -0.032402 -0.002974
vertex -0.013776 -0.021279 -0.022768
endloop
endfacet
facet normal 0.738033 0.067729 -0.671357
outer loop
vertex -0.013776 -0.021279 -0.022768
vertex 0.005251 -0.032402 -0.002974
vertex -0.007423 -0.039000 -0.017572
endloop
endfacet
facet normal 0.668874 -0.358040 -0.651471
outer loop
vertex 0.019516 -0.029475 0.009741
vertex 0.011529 -0.026620 -0.000028
vertex 0.021640 -0.025523 0.009750
endloop
endfacet
facet normal 0.753338 -0.403734 -0.519116
outer loop
vertex 0.024686 -0.027763 0.015912
vertex 0.019516 -0.029475 0.009741
vertex 0.021640 -0.025523 0.009750
endloop
endfacet
facet normal 0.740061 0.137862 -0.658258
outer loop
vertex 0.022629 -0.032222 0.012665
vertex 0.019516 -0.029475 0.009741
vertex 0.024686 -0.027763 0.015912
endloop
endfacet
facet normal 0.441339 -0.701199 -0.559947
outer loop
vertex 0.002223 -0.024194 -0.010502
vertex 0.019516 -0.029475 0.009741
vertex -0.005029 -0.025483 -0.014604
endloop
endfacet
facet normal 0.518790 -0.607367 -0.601633
outer loop
vertex 0.002223 -0.024194 -0.010502
vertex 0.011529 -0.026620 -0.000028
vertex 0.019516 -0.029475 0.009741
endloop
endfacet
facet normal 0.674618 -0.194544 -0.712070
outer loop
vertex 0.005251 -0.032402 -0.002974
vertex -0.005029 -0.025483 -0.014604
vertex 0.019516 -0.029475 0.009741
endloop
endfacet
facet normal 0.668767 -0.032799 -0.742748
outer loop
vertex 0.022629 -0.032222 0.012665
vertex 0.005251 -0.032402 -0.002974
vertex 0.019516 -0.029475 0.009741
endloop
endfacet
facet normal 0.661273 0.142764 -0.736435
outer loop
vertex 0.012266 -0.034891 0.002843
vertex 0.005251 -0.032402 -0.002974
vertex 0.022629 -0.032222 0.012665
endloop
endfacet
facet normal -0.873195 0.083641 -0.480140
outer loop
vertex -0.014517 -0.014161 -0.019862
vertex -0.012168 -0.013426 -0.024005
vertex -0.014144 -0.018257 -0.021253
endloop
endfacet
facet normal -0.601869 0.298014 -0.740906
outer loop
vertex -0.011242 -0.017337 -0.023241
vertex -0.013776 -0.021279 -0.022768
vertex -0.014144 -0.018257 -0.021253
endloop
endfacet
facet normal -0.481773 -0.276648 -0.831481
outer loop
vertex -0.014144 -0.018257 -0.021253
vertex -0.012168 -0.013426 -0.024005
vertex -0.011242 -0.017337 -0.023241
endloop
endfacet
facet normal -0.538521 -0.282719 -0.793766
outer loop
vertex -0.011242 -0.017337 -0.023241
vertex -0.012168 -0.013426 -0.024005
vertex -0.008560 -0.014839 -0.025950
endloop
endfacet
facet normal 0.419456 -0.891028 0.173569
outer loop
vertex 0.022328 -0.033030 0.023297
vertex 0.018339 -0.035643 0.019524
vertex 0.022419 -0.034008 0.018058
endloop
endfacet
facet normal -0.995025 -0.064766 -0.075704
outer loop
vertex -0.014517 -0.014161 -0.019862
vertex -0.014144 -0.018257 -0.021253
vertex -0.014326 -0.021824 -0.015812
endloop
endfacet
facet normal -0.058042 -0.986615 0.152386
outer loop
vertex 0.013113 -0.037231 0.022771
vertex 0.006251 -0.037593 0.017809
vertex 0.011296 -0.038010 0.017032
endloop
endfacet
facet normal 0.006624 -0.997943 0.063770
outer loop
vertex 0.013113 -0.037231 0.022771
vertex 0.001955 -0.037551 0.018920
vertex 0.006251 -0.037593 0.017809
endloop
endfacet
facet normal 0.473861 -0.646457 0.597954
outer loop
vertex 0.020610 -0.037062 0.016190
vertex 0.022419 -0.034008 0.018058
vertex 0.018339 -0.035643 0.019524
endloop
endfacet
facet normal 0.131086 -0.876873 0.462505
outer loop
vertex 0.020610 -0.037062 0.016190
vertex 0.018339 -0.035643 0.019524
vertex 0.011296 -0.038010 0.017032
endloop
endfacet
facet normal -0.043222 -0.990655 -0.129361
outer loop
vertex 0.001806 -0.036893 0.013930
vertex 0.006251 -0.037593 0.017809
vertex 0.001955 -0.037551 0.018920
endloop
endfacet
facet normal -0.386321 -0.921338 0.043499
outer loop
vertex -0.003468 -0.034933 0.008593
vertex 0.001806 -0.036893 0.013930
vertex -0.005849 -0.033809 0.011274
endloop
endfacet
facet normal -0.093219 -0.993003 -0.072498
outer loop
vertex 0.006251 -0.037593 0.017809
vertex 0.001806 -0.036893 0.013930
vertex 0.011296 -0.038010 0.017032
endloop
endfacet
facet normal -0.268544 -0.802776 0.532386
outer loop
vertex 0.006601 -0.039563 0.012323
vertex 0.011296 -0.038010 0.017032
vertex 0.001806 -0.036893 0.013930
endloop
endfacet
facet normal -0.380380 -0.870750 0.311616
outer loop
vertex 0.001320 -0.038377 0.009191
vertex 0.006601 -0.039563 0.012323
vertex 0.001806 -0.036893 0.013930
endloop
endfacet
facet normal -0.581469 -0.756819 0.298529
outer loop
vertex -0.004537 -0.035679 0.004621
vertex 0.001320 -0.038377 0.009191
vertex -0.003468 -0.034933 0.008593
endloop
endfacet
facet normal -0.802024 -0.509650 0.311472
outer loop
vertex -0.003468 -0.034933 0.008593
vertex -0.008947 -0.030981 0.000953
vertex -0.004537 -0.035679 0.004621
endloop
endfacet
facet normal -0.981672 -0.107570 -0.157318
outer loop
vertex -0.015309 -0.017960 -0.012320
vertex -0.014517 -0.014161 -0.019862
vertex -0.014326 -0.021824 -0.015812
endloop
endfacet
facet normal 0.396868 -0.895673 0.200665
outer loop
vertex 0.022328 -0.033030 0.023297
vertex 0.013113 -0.037231 0.022771
vertex 0.018339 -0.035643 0.019524
endloop
endfacet
facet normal 0.308431 -0.950727 0.031431
outer loop
vertex 0.011296 -0.038010 0.017032
vertex 0.018339 -0.035643 0.019524
vertex 0.013113 -0.037231 0.022771
endloop
endfacet
facet normal 0.134897 -0.736792 0.662525
outer loop
vertex 0.014181 -0.039575 0.014704
vertex 0.020610 -0.037062 0.016190
vertex 0.011296 -0.038010 0.017032
endloop
endfacet
facet normal -0.136633 -0.892248 0.430378
outer loop
vertex 0.006601 -0.039563 0.012323
vertex 0.014181 -0.039575 0.014704
vertex 0.011296 -0.038010 0.017032
endloop
endfacet
facet normal -0.337299 -0.934571 -0.113166
outer loop
vertex 0.001955 -0.037551 0.018920
vertex -0.005849 -0.033809 0.011274
vertex 0.001806 -0.036893 0.013930
endloop
endfacet
facet normal -0.581652 -0.757386 0.296729
outer loop
vertex 0.001806 -0.036893 0.013930
vertex -0.003468 -0.034933 0.008593
vertex 0.001320 -0.038377 0.009191
endloop
endfacet
facet normal -0.502263 -0.860529 -0.084976
outer loop
vertex -0.008947 -0.030981 0.000953
vertex -0.003468 -0.034933 0.008593
vertex -0.005849 -0.033809 0.011274
endloop
endfacet
facet normal -0.774566 -0.629641 0.059999
outer loop
vertex -0.008947 -0.030981 0.000953
vertex -0.005849 -0.033809 0.011274
vertex -0.014078 -0.024888 -0.001350
endloop
endfacet
facet normal -0.760194 -0.649256 -0.023925
outer loop
vertex -0.012529 -0.026530 -0.006004
vertex -0.008947 -0.030981 0.000953
vertex -0.014078 -0.024888 -0.001350
endloop
endfacet
facet normal -0.900054 -0.406895 -0.156012
outer loop
vertex -0.014078 -0.024888 -0.001350
vertex -0.015309 -0.017960 -0.012320
vertex -0.012529 -0.026530 -0.006004
endloop
endfacet
facet normal -0.958879 -0.280855 0.040891
outer loop
vertex -0.014326 -0.021824 -0.015812
vertex -0.012529 -0.026530 -0.006004
vertex -0.015309 -0.017960 -0.012320
endloop
endfacet
facet normal 0.255505 -0.900387 -0.352166
outer loop
vertex -0.027734 -0.026293 0.020041
vertex -0.027763 -0.024686 0.015912
vertex -0.025523 -0.021640 0.009750
endloop
endfacet
facet normal 0.024281 -0.829055 -0.558639
outer loop
vertex -0.027763 -0.024686 0.015912
vertex -0.031883 -0.024302 0.015164
vertex -0.032222 -0.022629 0.012665
endloop
endfacet
facet normal -0.089428 -0.995825 -0.018339
outer loop
vertex -0.030951 -0.024452 0.018756
vertex -0.031883 -0.024302 0.015164
vertex -0.027763 -0.024686 0.015912
endloop
endfacet
facet normal -0.504570 -0.862954 0.026846
outer loop
vertex -0.031652 -0.023901 0.023276
vertex -0.030951 -0.024452 0.018756
vertex -0.027734 -0.026293 0.020041
endloop
endfacet
facet normal -0.574627 -0.758080 0.308415
outer loop
vertex -0.030951 -0.024452 0.018756
vertex -0.034506 -0.019843 0.023461
vertex -0.034008 -0.022419 0.018058
endloop
endfacet
facet normal -0.554921 -0.660979 0.505143
outer loop
vertex -0.034008 -0.022419 0.018058
vertex -0.033293 -0.024707 0.015849
vertex -0.030951 -0.024452 0.018756
endloop
endfacet
facet normal -0.363196 -0.869129 -0.335713
outer loop
vertex -0.027763 -0.024686 0.015912
vertex -0.027734 -0.026293 0.020041
vertex -0.030951 -0.024452 0.018756
endloop
endfacet
facet normal 0.229505 -0.968168 -0.099895
outer loop
vertex -0.030951 -0.024452 0.018756
vertex -0.033293 -0.024707 0.015849
vertex -0.031883 -0.024302 0.015164
endloop
endfacet
facet normal -0.817870 -0.572557 -0.057159
outer loop
vertex -0.030951 -0.024452 0.018756
vertex -0.031652 -0.023901 0.023276
vertex -0.034506 -0.019843 0.023461
endloop
endfacet
facet normal -0.641649 -0.626940 0.441851
outer loop
vertex -0.037062 -0.020610 0.016190
vertex -0.033293 -0.024707 0.015849
vertex -0.034008 -0.022419 0.018058
endloop
endfacet
facet normal -0.404991 0.847598 -0.342871
outer loop
vertex 0.032113 0.024527 0.015993
vertex 0.032730 0.023788 0.013436
vertex 0.029896 0.021933 0.012197
endloop
endfacet
facet normal -0.107096 0.848848 -0.517676
outer loop
vertex 0.027761 0.025937 0.019205
vertex 0.032113 0.024527 0.015993
vertex 0.029896 0.021933 0.012197
endloop
endfacet
facet normal 0.436839 0.875177 0.207934
outer loop
vertex 0.030961 0.024451 0.018736
vertex 0.032113 0.024527 0.015993
vertex 0.027761 0.025937 0.019205
endloop
endfacet
facet normal 0.436870 0.874912 0.208986
outer loop
vertex 0.033030 0.022328 0.023297
vertex 0.030961 0.024451 0.018736
vertex 0.027761 0.025937 0.019205
endloop
endfacet
facet normal 0.611633 0.786183 0.088439
outer loop
vertex 0.030961 0.024451 0.018736
vertex 0.033030 0.022328 0.023297
vertex 0.033560 0.022401 0.018981
endloop
endfacet
facet normal 0.492388 0.688107 0.532975
outer loop
vertex 0.033560 0.022401 0.018981
vertex 0.034738 0.023671 0.016253
vertex 0.030961 0.024451 0.018736
endloop
endfacet
facet normal 0.227590 0.873725 -0.429893
outer loop
vertex 0.029896 0.021933 0.012197
vertex 0.025841 0.022601 0.011409
vertex 0.027761 0.025937 0.019205
endloop
endfacet
facet normal 0.293146 0.944303 0.149523
outer loop
vertex 0.034738 0.023671 0.016253
vertex 0.032113 0.024527 0.015993
vertex 0.030961 0.024451 0.018736
endloop
endfacet
facet normal 0.770876 0.079843 -0.631961
outer loop
vertex 0.014839 -0.008560 -0.025950
vertex 0.019817 -0.004550 -0.019370
vertex 0.017337 -0.011242 -0.023241
endloop
endfacet
facet normal 0.641255 0.192061 -0.742903
outer loop
vertex 0.019817 -0.004550 -0.019370
vertex 0.025483 -0.005029 -0.014604
vertex 0.017337 -0.011242 -0.023241
endloop
endfacet
facet normal 0.589857 0.474428 -0.653442
outer loop
vertex 0.019817 -0.004550 -0.019370
vertex 0.024194 0.002223 -0.010502
vertex 0.025483 -0.005029 -0.014604
endloop
endfacet
facet normal 0.419724 0.501485 -0.756535
outer loop
vertex 0.017337 -0.011242 -0.023241
vertex 0.025483 -0.005029 -0.014604
vertex 0.021223 -0.013783 -0.022769
endloop
endfacet
facet normal 0.701000 0.273348 -0.658696
outer loop
vertex 0.025483 -0.005029 -0.014604
vertex 0.032402 0.005251 -0.002974
vertex 0.021223 -0.013783 -0.022769
endloop
endfacet
facet normal -0.067757 0.738025 -0.671363
outer loop
vertex 0.021223 -0.013783 -0.022769
vertex 0.032402 0.005251 -0.002974
vertex 0.039000 -0.007423 -0.017572
endloop
endfacet
facet normal 0.245605 0.704773 -0.665562
outer loop
vertex 0.029896 0.021933 0.012197
vertex 0.026620 0.011529 -0.000028
vertex 0.025841 0.022601 0.011409
endloop
endfacet
facet normal 0.701849 0.441099 -0.559320
outer loop
vertex 0.024194 0.002223 -0.010502
vertex 0.029896 0.021933 0.012197
vertex 0.025483 -0.005029 -0.014604
endloop
endfacet
facet normal 0.564989 0.547482 -0.617293
outer loop
vertex 0.024194 0.002223 -0.010502
vertex 0.026620 0.011529 -0.000028
vertex 0.029896 0.021933 0.012197
endloop
endfacet
facet normal 0.191738 0.675945 -0.711573
outer loop
vertex 0.032402 0.005251 -0.002974
vertex 0.025483 -0.005029 -0.014604
vertex 0.029896 0.021933 0.012197
endloop
endfacet
facet normal -0.107184 0.660083 -0.743507
outer loop
vertex 0.032730 0.023788 0.013436
vertex 0.032402 0.005251 -0.002974
vertex 0.029896 0.021933 0.012197
endloop
endfacet
facet normal -0.198448 0.651621 -0.732126
outer loop
vertex 0.035157 0.016650 0.006425
vertex 0.032402 0.005251 -0.002974
vertex 0.032730 0.023788 0.013436
endloop
endfacet
facet normal -0.299384 -0.596054 -0.745043
outer loop
vertex 0.017337 -0.011242 -0.023241
vertex 0.021223 -0.013783 -0.022769
vertex 0.017101 -0.013970 -0.020963
endloop
endfacet
facet normal -0.039297 -0.879842 -0.473639
outer loop
vertex 0.013426 -0.012168 -0.024005
vertex 0.017101 -0.013970 -0.020963
vertex 0.013953 -0.016098 -0.016748
endloop
endfacet
facet normal 0.289930 -0.628052 -0.722144
outer loop
vertex 0.017101 -0.013970 -0.020963
vertex 0.013426 -0.012168 -0.024005
vertex 0.017337 -0.011242 -0.023241
endloop
endfacet
facet normal 0.282718 -0.538522 -0.793767
outer loop
vertex 0.017337 -0.011242 -0.023241
vertex 0.013426 -0.012168 -0.024005
vertex 0.014839 -0.008560 -0.025950
endloop
endfacet
facet normal 0.360802 -0.912767 -0.191516
outer loop
vertex 0.013953 -0.016098 -0.016748
vertex 0.017101 -0.013970 -0.020963
vertex 0.023085 -0.013981 -0.009637
endloop
endfacet
facet normal 0.994473 0.090739 -0.052825
outer loop
vertex 0.037231 0.013113 0.022771
vertex 0.037593 0.006251 0.017809
vertex 0.036820 0.015415 0.018996
endloop
endfacet
facet normal 0.997943 0.006624 0.063771
outer loop
vertex 0.037231 0.013113 0.022771
vertex 0.037551 0.001955 0.018920
vertex 0.037593 0.006251 0.017809
endloop
endfacet
facet normal 0.679210 0.379975 0.627927
outer loop
vertex 0.037578 0.018706 0.016185
vertex 0.034738 0.023671 0.016253
vertex 0.036820 0.015415 0.018996
endloop
endfacet
facet normal 0.808549 -0.162310 0.565601
outer loop
vertex 0.036820 0.015415 0.018996
vertex 0.039096 0.008961 0.013891
vertex 0.039575 0.014180 0.014704
endloop
endfacet
facet normal 0.990655 -0.043222 -0.129361
outer loop
vertex 0.036893 0.001806 0.013930
vertex 0.037593 0.006251 0.017809
vertex 0.037551 0.001955 0.018920
endloop
endfacet
facet normal 0.943435 -0.289587 0.161461
outer loop
vertex 0.037593 0.006251 0.017809
vertex 0.036893 0.001806 0.013930
vertex 0.039096 0.008961 0.013891
endloop
endfacet
facet normal 0.878788 -0.268435 0.394557
outer loop
vertex 0.038956 0.002744 0.009973
vertex 0.039096 0.008961 0.013891
vertex 0.036893 0.001806 0.013930
endloop
endfacet
facet normal 0.784345 -0.554874 0.277342
outer loop
vertex 0.035191 -0.003646 0.007835
vertex 0.038956 0.002744 0.009973
vertex 0.036893 0.001806 0.013930
endloop
endfacet
facet normal 0.775636 -0.628792 -0.054864
outer loop
vertex 0.033811 -0.005629 0.011048
vertex 0.028253 -0.011794 0.003129
vertex 0.035191 -0.003646 0.007835
endloop
endfacet
facet normal 0.737562 -0.671147 0.074595
outer loop
vertex 0.028253 -0.011794 0.003129
vertex 0.030385 -0.009927 -0.001154
vertex 0.035191 -0.003646 0.007835
endloop
endfacet
facet normal 0.453645 -0.825993 0.334575
outer loop
vertex 0.035191 -0.003646 0.007835
vertex 0.030385 -0.009927 -0.001154
vertex 0.037265 -0.004472 0.002984
endloop
endfacet
facet normal 0.556245 -0.826806 -0.083560
outer loop
vertex 0.028253 -0.011794 0.003129
vertex 0.023085 -0.013981 -0.009637
vertex 0.030385 -0.009927 -0.001154
endloop
endfacet
facet normal -0.083552 -0.995567 0.043196
outer loop
vertex 0.023085 -0.013981 -0.009637
vertex 0.017101 -0.013970 -0.020963
vertex 0.023275 -0.014170 -0.013638
endloop
endfacet
facet normal 0.903087 0.403274 0.147666
outer loop
vertex 0.033030 0.022328 0.023297
vertex 0.037231 0.013113 0.022771
vertex 0.036820 0.015415 0.018996
endloop
endfacet
facet normal 0.899803 0.420124 0.117688
outer loop
vertex 0.033030 0.022328 0.023297
vertex 0.036820 0.015415 0.018996
vertex 0.033560 0.022401 0.018981
endloop
endfacet
facet normal 0.780627 0.365389 0.507063
outer loop
vertex 0.033560 0.022401 0.018981
vertex 0.036820 0.015415 0.018996
vertex 0.034738 0.023671 0.016253
endloop
endfacet
facet normal 0.848745 0.216644 0.482388
outer loop
vertex 0.039575 0.014180 0.014704
vertex 0.037578 0.018706 0.016185
vertex 0.036820 0.015415 0.018996
endloop
endfacet
facet normal 0.926304 0.029483 0.375621
outer loop
vertex 0.039096 0.008961 0.013891
vertex 0.036820 0.015415 0.018996
vertex 0.037593 0.006251 0.017809
endloop
endfacet
facet normal 0.932600 -0.342851 -0.112739
outer loop
vertex 0.037551 0.001955 0.018920
vertex 0.033811 -0.005629 0.011048
vertex 0.036893 0.001806 0.013930
endloop
endfacet
facet normal 0.898236 -0.421099 0.125886
outer loop
vertex 0.036893 0.001806 0.013930
vertex 0.033811 -0.005629 0.011048
vertex 0.035191 -0.003646 0.007835
endloop
endfacet
facet normal 0.722412 -0.560898 0.404370
outer loop
vertex 0.035191 -0.003646 0.007835
vertex 0.037265 -0.004472 0.002984
vertex 0.038956 0.002744 0.009973
endloop
endfacet
facet normal 0.574532 -0.813146 -0.093302
outer loop
vertex 0.023085 -0.013981 -0.009637
vertex 0.028253 -0.011794 0.003129
vertex 0.022553 -0.014966 -0.004331
endloop
endfacet
facet normal 0.326372 -0.934701 -0.140769
outer loop
vertex 0.023085 -0.013981 -0.009637
vertex 0.022553 -0.014966 -0.004331
vertex 0.013953 -0.016098 -0.016748
endloop
endfacet
facet normal -0.770863 -0.079856 -0.631976
outer loop
vertex -0.014839 0.008561 -0.025949
vertex -0.019817 0.004550 -0.019370
vertex -0.017337 0.011242 -0.023241
endloop
endfacet
facet normal -0.641255 -0.192061 -0.742902
outer loop
vertex -0.019817 0.004550 -0.019370
vertex -0.025483 0.005029 -0.014604
vertex -0.017337 0.011242 -0.023241
endloop
endfacet
facet normal -0.589857 -0.474428 -0.653442
outer loop
vertex -0.019817 0.004550 -0.019370
vertex -0.024194 -0.002223 -0.010502
vertex -0.025483 0.005029 -0.014604
endloop
endfacet
facet normal -0.415817 -0.505704 -0.755884
outer loop
vertex -0.017337 0.011242 -0.023241
vertex -0.025483 0.005029 -0.014604
vertex -0.021279 0.013776 -0.022768
endloop
endfacet
facet normal -0.685472 -0.292787 -0.666636
outer loop
vertex -0.025483 0.005029 -0.014604
vertex -0.032402 -0.005251 -0.002974
vertex -0.021279 0.013776 -0.022768
endloop
endfacet
facet normal 0.067729 -0.738033 -0.671357
outer loop
vertex -0.021279 0.013776 -0.022768
vertex -0.032402 -0.005251 -0.002974
vertex -0.039000 0.007423 -0.017572
endloop
endfacet
facet normal -0.358046 -0.668871 -0.651471
outer loop
vertex -0.029475 -0.019516 0.009741
vertex -0.026620 -0.011530 -0.000028
vertex -0.025523 -0.021640 0.009750
endloop
endfacet
facet normal -0.403738 -0.753336 -0.519114
outer loop
vertex -0.027763 -0.024686 0.015912
vertex -0.029475 -0.019516 0.009741
vertex -0.025523 -0.021640 0.009750
endloop
endfacet
facet normal 0.137862 -0.740062 -0.658257
outer loop
vertex -0.032222 -0.022629 0.012665
vertex -0.029475 -0.019516 0.009741
vertex -0.027763 -0.024686 0.015912
endloop
endfacet
facet normal -0.701199 -0.441337 -0.559948
outer loop
vertex -0.024194 -0.002223 -0.010502
vertex -0.029475 -0.019516 0.009741
vertex -0.025483 0.005029 -0.014604
endloop
endfacet
facet normal -0.607362 -0.518797 -0.601632
outer loop
vertex -0.024194 -0.002223 -0.010502
vertex -0.026620 -0.011530 -0.000028
vertex -0.029475 -0.019516 0.009741
endloop
endfacet
facet normal -0.194544 -0.674618 -0.712070
outer loop
vertex -0.032402 -0.005251 -0.002974
vertex -0.025483 0.005029 -0.014604
vertex -0.029475 -0.019516 0.009741
endloop
endfacet
facet normal -0.032799 -0.668768 -0.742747
outer loop
vertex -0.032222 -0.022629 0.012665
vertex -0.032402 -0.005251 -0.002974
vertex -0.029475 -0.019516 0.009741
endloop
endfacet
facet normal 0.142765 -0.661271 -0.736437
outer loop
vertex -0.034891 -0.012266 0.002843
vertex -0.032402 -0.005251 -0.002974
vertex -0.032222 -0.022629 0.012665
endloop
endfacet
facet normal 0.291434 0.593389 -0.750304
outer loop
vertex -0.017337 0.011242 -0.023241
vertex -0.021279 0.013776 -0.022768
vertex -0.017116 0.013941 -0.021020
endloop
endfacet
facet normal -0.046284 0.832565 -0.551991
outer loop
vertex -0.013428 0.012166 -0.024007
vertex -0.017116 0.013941 -0.021020
vertex -0.012990 0.015316 -0.019293
endloop
endfacet
facet normal -0.289610 0.622098 -0.727407
outer loop
vertex -0.017116 0.013941 -0.021020
vertex -0.013428 0.012166 -0.024007
vertex -0.017337 0.011242 -0.023241
endloop
endfacet
facet normal -0.282839 0.538375 -0.793823
outer loop
vertex -0.017337 0.011242 -0.023241
vertex -0.013428 0.012166 -0.024007
vertex -0.014839 0.008561 -0.025949
endloop
endfacet
facet normal -0.908723 -0.403105 0.108298
outer loop
vertex -0.034506 -0.019843 0.023461
vertex -0.035643 -0.018339 0.019524
vertex -0.034008 -0.022419 0.018058
endloop
endfacet
facet normal -0.245024 0.953824 -0.173730
outer loop
vertex -0.012990 0.015316 -0.019293
vertex -0.017116 0.013941 -0.021020
vertex -0.017960 0.015309 -0.012320
endloop
endfacet
facet normal -0.999070 -0.031499 0.029449
outer loop
vertex -0.037231 -0.013113 0.022771
vertex -0.037593 -0.006251 0.017809
vertex -0.037345 -0.013893 0.018047
endloop
endfacet
facet normal -0.997942 -0.006620 0.063775
outer loop
vertex -0.037231 -0.013113 0.022771
vertex -0.037551 -0.001955 0.018919
vertex -0.037593 -0.006251 0.017809
endloop
endfacet
facet normal -0.646458 -0.473862 0.597953
outer loop
vertex -0.037062 -0.020610 0.016190
vertex -0.034008 -0.022419 0.018058
vertex -0.035643 -0.018339 0.019524
endloop
endfacet
facet normal -0.859974 -0.169387 0.481407
outer loop
vertex -0.037062 -0.020610 0.016190
vertex -0.035643 -0.018339 0.019524
vertex -0.037345 -0.013893 0.018047
endloop
endfacet
facet normal -0.827541 0.159744 0.538198
outer loop
vertex -0.037345 -0.013893 0.018047
vertex -0.039096 -0.008961 0.013891
vertex -0.039575 -0.014181 0.014704
endloop
endfacet
facet normal -0.990655 0.043223 -0.129360
outer loop
vertex -0.036893 -0.001806 0.013930
vertex -0.037593 -0.006251 0.017809
vertex -0.037551 -0.001955 0.018919
endloop
endfacet
facet normal -0.943435 0.289587 0.161461
outer loop
vertex -0.037593 -0.006251 0.017809
vertex -0.036893 -0.001806 0.013930
vertex -0.039096 -0.008961 0.013891
endloop
endfacet
facet normal -0.878788 0.268435 0.394557
outer loop
vertex -0.038956 -0.002744 0.009973
vertex -0.039096 -0.008961 0.013891
vertex -0.036893 -0.001806 0.013930
endloop
endfacet
facet normal -0.784345 0.554874 0.277342
outer loop
vertex -0.035191 0.003646 0.007835
vertex -0.038956 -0.002744 0.009973
vertex -0.036893 -0.001806 0.013930
endloop
endfacet
facet normal -0.775636 0.628792 -0.054864
outer loop
vertex -0.033811 0.005629 0.011048
vertex -0.028253 0.011794 0.003129
vertex -0.035191 0.003646 0.007835
endloop
endfacet
facet normal -0.737562 0.671147 0.074595
outer loop
vertex -0.028253 0.011794 0.003129
vertex -0.030385 0.009927 -0.001154
vertex -0.035191 0.003646 0.007835
endloop
endfacet
facet normal -0.453645 0.825994 0.334575
outer loop
vertex -0.035191 0.003646 0.007835
vertex -0.030385 0.009927 -0.001154
vertex -0.037265 0.004472 0.002984
endloop
endfacet
facet normal -0.575152 0.815127 -0.069052
outer loop
vertex -0.028253 0.011794 0.003129
vertex -0.025144 0.013062 -0.007792
vertex -0.030385 0.009927 -0.001154
endloop
endfacet
facet normal -0.101319 0.981225 -0.164107
outer loop
vertex -0.017960 0.015309 -0.012320
vertex -0.017116 0.013941 -0.021020
vertex -0.021824 0.014326 -0.015812
endloop
endfacet
facet normal -0.923727 -0.360743 0.128814
outer loop
vertex -0.034506 -0.019843 0.023461
vertex -0.037231 -0.013113 0.022771
vertex -0.035643 -0.018339 0.019524
endloop
endfacet
facet normal -0.939393 -0.333871 0.077910
outer loop
vertex -0.037345 -0.013893 0.018047
vertex -0.035643 -0.018339 0.019524
vertex -0.037231 -0.013113 0.022771
endloop
endfacet
facet normal -0.809544 -0.187924 0.556168
outer loop
vertex -0.039575 -0.014181 0.014704
vertex -0.037062 -0.020610 0.016190
vertex -0.037345 -0.013893 0.018047
endloop
endfacet
facet normal -0.929150 -0.018668 0.369231
outer loop
vertex -0.039096 -0.008961 0.013891
vertex -0.037345 -0.013893 0.018047
vertex -0.037593 -0.006251 0.017809
endloop
endfacet
facet normal -0.932601 0.342849 -0.112740
outer loop
vertex -0.037551 -0.001955 0.018919
vertex -0.033811 0.005629 0.011048
vertex -0.036893 -0.001806 0.013930
endloop
endfacet
facet normal -0.898236 0.421099 0.125886
outer loop
vertex -0.036893 -0.001806 0.013930
vertex -0.033811 0.005629 0.011048
vertex -0.035191 0.003646 0.007835
endloop
endfacet
facet normal -0.722412 0.560898 0.404370
outer loop
vertex -0.035191 0.003646 0.007835
vertex -0.037265 0.004472 0.002984
vertex -0.038956 -0.002744 0.009973
endloop
endfacet
facet normal -0.540867 0.839208 -0.056496
outer loop
vertex -0.025144 0.013062 -0.007792
vertex -0.028253 0.011794 0.003129
vertex -0.022553 0.014966 -0.004331
endloop
endfacet
facet normal -0.401154 0.895632 -0.192140
outer loop
vertex -0.022553 0.014966 -0.004331
vertex -0.017960 0.015309 -0.012320
vertex -0.025144 0.013062 -0.007792
endloop
endfacet
facet normal -0.277215 0.960114 0.036514
outer loop
vertex -0.021824 0.014326 -0.015812
vertex -0.025144 0.013062 -0.007792
vertex -0.017960 0.015309 -0.012320
endloop
endfacet
facet normal -0.419456 0.891028 0.173568
outer loop
vertex -0.022328 0.033030 0.023297
vertex -0.018339 0.035643 0.019524
vertex -0.022419 0.034008 0.018058
endloop
endfacet
facet normal 0.995025 0.064764 -0.075703
outer loop
vertex 0.014517 0.014161 -0.019862
vertex 0.014144 0.018257 -0.021253
vertex 0.014326 0.021824 -0.015812
endloop
endfacet
facet normal -0.031499 0.999070 0.029449
outer loop
vertex -0.013113 0.037231 0.022771
vertex -0.006251 0.037593 0.017809
vertex -0.013893 0.037345 0.018047
endloop
endfacet
facet normal -0.006625 0.997943 0.063772
outer loop
vertex -0.013113 0.037231 0.022771
vertex -0.001955 0.037551 0.018920
vertex -0.006251 0.037593 0.017809
endloop
endfacet
facet normal -0.473861 0.646457 0.597954
outer loop
vertex -0.020610 0.037062 0.016190
vertex -0.022419 0.034008 0.018058
vertex -0.018339 0.035643 0.019524
endloop
endfacet
facet normal -0.169388 0.859974 0.481407
outer loop
vertex -0.020610 0.037062 0.016190
vertex -0.018339 0.035643 0.019524
vertex -0.013893 0.037345 0.018047
endloop
endfacet
facet normal 0.159743 0.827542 0.538198
outer loop
vertex -0.013893 0.037345 0.018047
vertex -0.008961 0.039096 0.013891
vertex -0.014181 0.039575 0.014704
endloop
endfacet
facet normal 0.043221 0.990655 -0.129362
outer loop
vertex -0.001806 0.036893 0.013930
vertex -0.006251 0.037593 0.017809
vertex -0.001955 0.037551 0.018920
endloop
endfacet
facet normal 0.289586 0.943436 0.161460
outer loop
vertex -0.006251 0.037593 0.017809
vertex -0.001806 0.036893 0.013930
vertex -0.008961 0.039096 0.013891
endloop
endfacet
facet normal 0.268434 0.878788 0.394556
outer loop
vertex -0.002744 0.038956 0.009973
vertex -0.008961 0.039096 0.013891
vertex -0.001806 0.036893 0.013930
endloop
endfacet
facet normal 0.554874 0.784344 0.277342
outer loop
vertex 0.003646 0.035191 0.007835
vertex -0.002744 0.038956 0.009973
vertex -0.001806 0.036893 0.013930
endloop
endfacet
facet normal 0.628792 0.775636 -0.054863
outer loop
vertex 0.005629 0.033811 0.011048
vertex 0.011794 0.028253 0.003129
vertex 0.003646 0.035191 0.007835
endloop
endfacet
facet normal 0.671146 0.737562 0.074595
outer loop
vertex 0.011794 0.028253 0.003129
vertex 0.009927 0.030385 -0.001154
vertex 0.003646 0.035191 0.007835
endloop
endfacet
facet normal 0.825994 0.453645 0.334574
outer loop
vertex 0.003646 0.035191 0.007835
vertex 0.009927 0.030385 -0.001154
vertex 0.004472 0.037265 0.002984
endloop
endfacet
facet normal 0.815127 0.575153 -0.069052
outer loop
vertex 0.011794 0.028253 0.003129
vertex 0.013062 0.025144 -0.007792
vertex 0.009927 0.030385 -0.001154
endloop
endfacet
facet normal 0.981616 0.107704 -0.157575
outer loop
vertex 0.015320 0.017960 -0.012260
vertex 0.014517 0.014161 -0.019862
vertex 0.014326 0.021824 -0.015812
endloop
endfacet
facet normal -0.396868 0.895673 0.200664
outer loop
vertex -0.022328 0.033030 0.023297
vertex -0.013113 0.037231 0.022771
vertex -0.018339 0.035643 0.019524
endloop
endfacet
facet normal -0.333871 0.939394 0.077910
outer loop
vertex -0.013893 0.037345 0.018047
vertex -0.018339 0.035643 0.019524
vertex -0.013113 0.037231 0.022771
endloop
endfacet
facet normal -0.187924 0.809546 0.556166
outer loop
vertex -0.014181 0.039575 0.014704
vertex -0.020610 0.037062 0.016190
vertex -0.013893 0.037345 0.018047
endloop
endfacet
facet normal -0.018667 0.929149 0.369233
outer loop
vertex -0.008961 0.039096 0.013891
vertex -0.013893 0.037345 0.018047
vertex -0.006251 0.037593 0.017809
endloop
endfacet
facet normal 0.342850 0.932601 -0.112739
outer loop
vertex -0.001955 0.037551 0.018920
vertex 0.005629 0.033811 0.011048
vertex -0.001806 0.036893 0.013930
endloop
endfacet
facet normal 0.421099 0.898237 0.125885
outer loop
vertex -0.001806 0.036893 0.013930
vertex 0.005629 0.033811 0.011048
vertex 0.003646 0.035191 0.007835
endloop
endfacet
facet normal 0.560897 0.722412 0.404370
outer loop
vertex 0.003646 0.035191 0.007835
vertex 0.004472 0.037265 0.002984
vertex -0.002744 0.038956 0.009973
endloop
endfacet
facet normal 0.837600 0.543264 -0.057365
outer loop
vertex 0.013062 0.025144 -0.007792
vertex 0.011794 0.028253 0.003129
vertex 0.014945 0.022618 -0.004230
endloop
endfacet
facet normal 0.896584 0.399985 -0.190130
outer loop
vertex 0.014945 0.022618 -0.004230
vertex 0.015320 0.017960 -0.012260
vertex 0.013062 0.025144 -0.007792
endloop
endfacet
facet normal 0.959497 0.279476 0.035481
outer loop
vertex 0.014326 0.021824 -0.015812
vertex 0.013062 0.025144 -0.007792
vertex 0.015320 0.017960 -0.012260
endloop
endfacet
facet normal 0.873197 -0.083642 -0.480137
outer loop
vertex 0.014517 0.014161 -0.019862
vertex 0.012168 0.013426 -0.024005
vertex 0.014144 0.018257 -0.021253
endloop
endfacet
facet normal 0.601869 -0.298014 -0.740906
outer loop
vertex 0.011242 0.017337 -0.023241
vertex 0.013776 0.021279 -0.022768
vertex 0.014144 0.018257 -0.021253
endloop
endfacet
facet normal 0.481773 0.276648 -0.831481
outer loop
vertex 0.014144 0.018257 -0.021253
vertex 0.012168 0.013426 -0.024005
vertex 0.011242 0.017337 -0.023241
endloop
endfacet
facet normal 0.538522 0.282719 -0.793766
outer loop
vertex 0.011242 0.017337 -0.023241
vertex 0.012168 0.013426 -0.024005
vertex 0.008560 0.014839 -0.025950
endloop
endfacet
facet normal -0.079843 0.770876 -0.631962
outer loop
vertex 0.008560 0.014839 -0.025950
vertex 0.004550 0.019817 -0.019370
vertex 0.011242 0.017337 -0.023241
endloop
endfacet
facet normal -0.192061 0.641256 -0.742902
outer loop
vertex 0.004550 0.019817 -0.019370
vertex 0.005029 0.025483 -0.014604
vertex 0.011242 0.017337 -0.023241
endloop
endfacet
facet normal -0.474428 0.589857 -0.653442
outer loop
vertex 0.004550 0.019817 -0.019370
vertex -0.002223 0.024194 -0.010502
vertex 0.005029 0.025483 -0.014604
endloop
endfacet
facet normal -0.505703 0.415817 -0.755884
outer loop
vertex 0.011242 0.017337 -0.023241
vertex 0.005029 0.025483 -0.014604
vertex 0.013776 0.021279 -0.022768
endloop
endfacet
facet normal -0.292787 0.685470 -0.666638
outer loop
vertex 0.005029 0.025483 -0.014604
vertex -0.005251 0.032402 -0.002974
vertex 0.013776 0.021279 -0.022768
endloop
endfacet
facet normal -0.738033 -0.067729 -0.671357
outer loop
vertex 0.013776 0.021279 -0.022768
vertex -0.005251 0.032402 -0.002974
vertex 0.007423 0.039000 -0.017572
endloop
endfacet
facet normal -0.668874 0.358040 -0.651471
outer loop
vertex -0.019516 0.029475 0.009741
vertex -0.011529 0.026620 -0.000028
vertex -0.021640 0.025523 0.009750
endloop
endfacet
facet normal -0.753338 0.403733 -0.519117
outer loop
vertex -0.024686 0.027763 0.015912
vertex -0.019516 0.029475 0.009741
vertex -0.021640 0.025523 0.009750
endloop
endfacet
facet normal -0.740061 -0.137862 -0.658258
outer loop
vertex -0.022629 0.032222 0.012665
vertex -0.019516 0.029475 0.009741
vertex -0.024686 0.027763 0.015912
endloop
endfacet
facet normal -0.441339 0.701199 -0.559947
outer loop
vertex -0.002223 0.024194 -0.010502
vertex -0.019516 0.029475 0.009741
vertex 0.005029 0.025483 -0.014604
endloop
endfacet
facet normal -0.518791 0.607366 -0.601633
outer loop
vertex -0.002223 0.024194 -0.010502
vertex -0.011529 0.026620 -0.000028
vertex -0.019516 0.029475 0.009741
endloop
endfacet
facet normal -0.674618 0.194544 -0.712070
outer loop
vertex -0.005251 0.032402 -0.002974
vertex 0.005029 0.025483 -0.014604
vertex -0.019516 0.029475 0.009741
endloop
endfacet
facet normal -0.668767 0.032799 -0.742748
outer loop
vertex -0.022629 0.032222 0.012665
vertex -0.005251 0.032402 -0.002974
vertex -0.019516 0.029475 0.009741
endloop
endfacet
facet normal -0.661272 -0.142765 -0.736436
outer loop
vertex -0.012266 0.034891 0.002843
vertex -0.005251 0.032402 -0.002974
vertex -0.022629 0.032222 0.012665
endloop
endfacet
facet normal -0.900370 -0.255569 -0.352161
outer loop
vertex -0.026293 0.027734 0.020041
vertex -0.024686 0.027763 0.015912
vertex -0.021640 0.025523 0.009750
endloop
endfacet
facet normal -0.829055 -0.024280 -0.558639
outer loop
vertex -0.024686 0.027763 0.015912
vertex -0.024302 0.031883 0.015164
vertex -0.022629 0.032222 0.012665
endloop
endfacet
facet normal -0.995825 0.089427 -0.018339
outer loop
vertex -0.024452 0.030951 0.018756
vertex -0.024302 0.031883 0.015164
vertex -0.024686 0.027763 0.015912
endloop
endfacet
facet normal -0.832718 0.534423 0.144824
outer loop
vertex -0.022328 0.033030 0.023297
vertex -0.024452 0.030951 0.018756
vertex -0.026293 0.027734 0.020041
endloop
endfacet
facet normal -0.813710 0.568699 0.120242
outer loop
vertex -0.024452 0.030951 0.018756
vertex -0.022328 0.033030 0.023297
vertex -0.022419 0.034008 0.018058
endloop
endfacet
facet normal -0.660980 0.554921 0.505142
outer loop
vertex -0.022419 0.034008 0.018058
vertex -0.024707 0.033293 0.015849
vertex -0.024452 0.030951 0.018756
endloop
endfacet
facet normal -0.869129 0.363196 -0.335713
outer loop
vertex -0.024686 0.027763 0.015912
vertex -0.026293 0.027734 0.020041
vertex -0.024452 0.030951 0.018756
endloop
endfacet
facet normal -0.968168 -0.229503 -0.099895
outer loop
vertex -0.024452 0.030951 0.018756
vertex -0.024707 0.033293 0.015849
vertex -0.024302 0.031883 0.015164
endloop
endfacet
facet normal -0.626939 0.641649 0.441852
outer loop
vertex -0.020610 0.037062 0.016190
vertex -0.024707 0.033293 0.015849
vertex -0.022419 0.034008 0.018058
endloop
endfacet
facet normal -0.169719 0.892681 -0.417511
outer loop
vertex -0.001955 0.037551 0.018920
vertex -0.013113 0.037231 0.022771
vertex -0.002915 0.042551 0.030000
endloop
endfacet
facet normal -0.228386 0.909567 -0.347171
outer loop
vertex -0.002915 0.042551 0.030000
vertex -0.013113 0.037231 0.022771
vertex -0.018639 0.038602 0.029998
endloop
endfacet
facet normal -0.391374 0.801939 -0.451353
outer loop
vertex -0.013113 0.037231 0.022771
vertex -0.022328 0.033030 0.023297
vertex -0.018639 0.038602 0.029998
endloop
endfacet
facet normal -0.906980 0.036643 -0.419576
outer loop
vertex -0.024194 -0.002223 -0.010502
vertex -0.019817 0.004550 -0.019370
vertex -0.015118 -0.000863 -0.030001
endloop
endfacet
facet normal -0.852409 0.204814 -0.481092
outer loop
vertex -0.015118 -0.000863 -0.030001
vertex -0.019817 0.004550 -0.019370
vertex -0.012948 0.008164 -0.030003
endloop
endfacet
facet normal -0.837733 0.343569 -0.424457
outer loop
vertex -0.019817 0.004550 -0.019370
vertex -0.014839 0.008561 -0.025949
vertex -0.012948 0.008164 -0.030003
endloop
endfacet
facet normal 0.006930 0.893220 -0.449566
outer loop
vertex 0.005546 0.014317 -0.030005
vertex -0.005121 0.014400 -0.030006
vertex -0.002223 0.024194 -0.010502
endloop
endfacet
facet normal -0.757070 0.513830 -0.403514
outer loop
vertex -0.014839 0.008561 -0.025949
vertex -0.013428 0.012166 -0.024007
vertex -0.012948 0.008164 -0.030003
endloop
endfacet
facet normal -0.581495 0.753609 -0.306492
outer loop
vertex -0.018639 0.038602 0.029998
vertex -0.022328 0.033030 0.023297
vertex -0.031852 0.028407 0.030000
endloop
endfacet
facet normal -0.608438 0.693134 -0.386483
outer loop
vertex -0.022328 0.033030 0.023297
vertex -0.026293 0.027734 0.020041
vertex -0.031852 0.028407 0.030000
endloop
endfacet
facet normal -0.909983 0.102798 -0.401702
outer loop
vertex -0.042551 -0.002915 0.030000
vertex -0.040694 0.013514 0.029998
vertex -0.037551 -0.001955 0.018919
endloop
endfacet
facet normal -0.926824 0.075163 -0.367895
outer loop
vertex -0.037551 -0.001955 0.018919
vertex -0.040694 0.013514 0.029998
vertex -0.033811 0.005629 0.011048
endloop
endfacet
facet normal -0.873079 0.247502 -0.420089
outer loop
vertex -0.033811 0.005629 0.011048
vertex -0.040694 0.013514 0.029998
vertex -0.028253 0.011794 0.003129
endloop
endfacet
facet normal -0.003082 0.831603 -0.555361
outer loop
vertex -0.013428 0.012166 -0.024007
vertex -0.012990 0.015316 -0.019293
vertex -0.012948 0.008164 -0.030003
endloop
endfacet
facet normal -0.230311 0.882922 -0.409153
outer loop
vertex -0.002223 0.024194 -0.010502
vertex -0.005121 0.014400 -0.030006
vertex -0.011529 0.026620 -0.000028
endloop
endfacet
facet normal -0.486543 0.767730 -0.416974
outer loop
vertex -0.011529 0.026620 -0.000028
vertex -0.005121 0.014400 -0.030006
vertex -0.021640 0.025523 0.009750
endloop
endfacet
facet normal -0.789686 0.468891 -0.395648
outer loop
vertex -0.040694 0.013514 0.029998
vertex -0.031852 0.028407 0.030000
vertex -0.028253 0.011794 0.003129
endloop
endfacet
facet normal -0.785137 0.474224 -0.398336
outer loop
vertex -0.028253 0.011794 0.003129
vertex -0.031852 0.028407 0.030000
vertex -0.022553 0.014966 -0.004331
endloop
endfacet
facet normal -0.551874 0.692515 -0.464604
outer loop
vertex -0.012948 0.008164 -0.030003
vertex -0.012990 0.015316 -0.019293
vertex -0.005121 0.014400 -0.030006
endloop
endfacet
facet normal -0.679006 0.602307 -0.419735
outer loop
vertex -0.031852 0.028407 0.030000
vertex -0.026293 0.027734 0.020041
vertex -0.022553 0.014966 -0.004331
endloop
endfacet
facet normal -0.649680 0.627855 -0.428620
outer loop
vertex -0.026293 0.027734 0.020041
vertex -0.021640 0.025523 0.009750
vertex -0.022553 0.014966 -0.004331
endloop
endfacet
facet normal -0.717391 0.578927 -0.387548
outer loop
vertex -0.022553 0.014966 -0.004331
vertex -0.021640 0.025523 0.009750
vertex -0.017960 0.015309 -0.012320
endloop
endfacet
facet normal -0.587959 0.692265 -0.418418
outer loop
vertex -0.017960 0.015309 -0.012320
vertex -0.021640 0.025523 0.009750
vertex -0.012990 0.015316 -0.019293
endloop
endfacet
facet normal -0.473391 0.777387 -0.414211
outer loop
vertex -0.021640 0.025523 0.009750
vertex -0.005121 0.014400 -0.030006
vertex -0.012990 0.015316 -0.019293
endloop
endfacet
facet normal 0.169719 -0.892681 -0.417512
outer loop
vertex 0.001955 -0.037551 0.018920
vertex 0.013113 -0.037231 0.022771
vertex 0.002915 -0.042551 0.030000
endloop
endfacet
facet normal 0.228389 -0.909568 -0.347166
outer loop
vertex 0.002915 -0.042551 0.030000
vertex 0.013113 -0.037231 0.022771
vertex 0.018639 -0.038602 0.029998
endloop
endfacet
facet normal 0.391374 -0.801937 -0.451357
outer loop
vertex 0.013113 -0.037231 0.022771
vertex 0.022328 -0.033030 0.023297
vertex 0.018639 -0.038602 0.029998
endloop
endfacet
facet normal 0.886603 0.031367 -0.461467
outer loop
vertex 0.024194 0.002223 -0.010502
vertex 0.019817 -0.004550 -0.019370
vertex 0.014317 -0.005546 -0.030006
endloop
endfacet
facet normal 0.833342 -0.386903 -0.394775
outer loop
vertex 0.019817 -0.004550 -0.019370
vertex 0.014839 -0.008560 -0.025950
vertex 0.014317 -0.005546 -0.030006
endloop
endfacet
facet normal 0.017669 -0.889135 -0.457303
outer loop
vertex -0.005546 -0.014318 -0.030003
vertex 0.006203 -0.014079 -0.030014
vertex 0.002223 -0.024194 -0.010502
endloop
endfacet
facet normal 0.693213 -0.532906 -0.485250
outer loop
vertex 0.014839 -0.008560 -0.025950
vertex 0.013426 -0.012168 -0.024005
vertex 0.014317 -0.005546 -0.030006
endloop
endfacet
facet normal 0.581497 -0.753610 -0.306486
outer loop
vertex 0.018639 -0.038602 0.029998
vertex 0.022328 -0.033030 0.023297
vertex 0.031852 -0.028407 0.030000
endloop
endfacet
facet normal 0.607156 -0.576821 -0.546480
outer loop
vertex 0.014317 -0.005546 -0.030006
vertex 0.013426 -0.012168 -0.024005
vertex 0.006203 -0.014079 -0.030014
endloop
endfacet
facet normal 0.608439 -0.693134 -0.386481
outer loop
vertex 0.022328 -0.033030 0.023297
vertex 0.026293 -0.027734 0.020041
vertex 0.031852 -0.028407 0.030000
endloop
endfacet
facet normal 0.909983 -0.102794 -0.401703
outer loop
vertex 0.042551 0.002915 0.030000
vertex 0.040694 -0.013514 0.029998
vertex 0.037551 0.001955 0.018920
endloop
endfacet
facet normal 0.926824 -0.075161 -0.367897
outer loop
vertex 0.037551 0.001955 0.018920
vertex 0.040694 -0.013514 0.029998
vertex 0.033811 -0.005629 0.011048
endloop
endfacet
facet normal 0.873080 -0.247501 -0.420090
outer loop
vertex 0.033811 -0.005629 0.011048
vertex 0.040694 -0.013514 0.029998
vertex 0.028253 -0.011794 0.003129
endloop
endfacet
facet normal 0.547016 -0.718835 -0.429009
outer loop
vertex 0.013426 -0.012168 -0.024005
vertex 0.013953 -0.016098 -0.016748
vertex 0.006203 -0.014079 -0.030014
endloop
endfacet
facet normal 0.231542 -0.882173 -0.410073
outer loop
vertex 0.002223 -0.024194 -0.010502
vertex 0.006203 -0.014079 -0.030014
vertex 0.011529 -0.026620 -0.000028
endloop
endfacet
facet normal 0.480325 -0.775539 -0.409667
outer loop
vertex 0.011529 -0.026620 -0.000028
vertex 0.006203 -0.014079 -0.030014
vertex 0.021640 -0.025523 0.009750
endloop
endfacet
facet normal 0.789688 -0.468887 -0.395647
outer loop
vertex 0.040694 -0.013514 0.029998
vertex 0.031852 -0.028407 0.030000
vertex 0.028253 -0.011794 0.003129
endloop
endfacet
facet normal 0.785137 -0.474224 -0.398337
outer loop
vertex 0.028253 -0.011794 0.003129
vertex 0.031852 -0.028407 0.030000
vertex 0.022553 -0.014966 -0.004331
endloop
endfacet
facet normal 0.679005 -0.602307 -0.419736
outer loop
vertex 0.031852 -0.028407 0.030000
vertex 0.026293 -0.027734 0.020041
vertex 0.022553 -0.014966 -0.004331
endloop
endfacet
facet normal 0.649679 -0.627855 -0.428620
outer loop
vertex 0.026293 -0.027734 0.020041
vertex 0.021640 -0.025523 0.009750
vertex 0.022553 -0.014966 -0.004331
endloop
endfacet
facet normal 0.676719 -0.609448 -0.413067
outer loop
vertex 0.022553 -0.014966 -0.004331
vertex 0.021640 -0.025523 0.009750
vertex 0.013953 -0.016098 -0.016748
endloop
endfacet
facet normal 0.517267 -0.747888 -0.416051
outer loop
vertex 0.021640 -0.025523 0.009750
vertex 0.006203 -0.014079 -0.030014
vertex 0.013953 -0.016098 -0.016748
endloop
endfacet
facet normal -0.892681 -0.169720 -0.417512
outer loop
vertex -0.037551 -0.001955 0.018919
vertex -0.037231 -0.013113 0.022771
vertex -0.042551 -0.002915 0.030000
endloop
endfacet
facet normal -0.909567 -0.228391 -0.347166
outer loop
vertex -0.042551 -0.002915 0.030000
vertex -0.037231 -0.013113 0.022771
vertex -0.038602 -0.018639 0.029998
endloop
endfacet
facet normal -0.815059 -0.375200 -0.441479
outer loop
vertex -0.037231 -0.013113 0.022771
vertex -0.034506 -0.019843 0.023461
vertex -0.038602 -0.018639 0.029998
endloop
endfacet
facet normal 0.031399 -0.886592 -0.461486
outer loop
vertex 0.002223 -0.024194 -0.010502
vertex -0.004550 -0.019817 -0.019370
vertex -0.005546 -0.014318 -0.030003
endloop
endfacet
facet normal -0.386926 -0.833339 -0.394759
outer loop
vertex -0.004550 -0.019817 -0.019370
vertex -0.008560 -0.014839 -0.025950
vertex -0.005546 -0.014318 -0.030003
endloop
endfacet
facet normal -0.532920 -0.693154 -0.485318
outer loop
vertex -0.008560 -0.014839 -0.025950
vertex -0.012168 -0.013426 -0.024005
vertex -0.005546 -0.014318 -0.030003
endloop
endfacet
facet normal -0.763804 -0.519711 -0.382758
outer loop
vertex -0.034506 -0.019843 0.023461
vertex -0.031652 -0.023901 0.023276
vertex -0.038602 -0.018639 0.029998
endloop
endfacet
facet normal -0.749517 -0.578349 -0.322083
outer loop
vertex -0.038602 -0.018639 0.029998
vertex -0.031652 -0.023901 0.023276
vertex -0.028407 -0.031852 0.030000
endloop
endfacet
facet normal -0.557097 -0.648581 -0.518638
outer loop
vertex -0.005546 -0.014318 -0.030003
vertex -0.012168 -0.013426 -0.024005
vertex -0.012811 -0.008079 -0.030003
endloop
endfacet
facet normal -0.691672 -0.609712 -0.387092
outer loop
vertex -0.031652 -0.023901 0.023276
vertex -0.027734 -0.026293 0.020041
vertex -0.028407 -0.031852 0.030000
endloop
endfacet
facet normal -0.102793 -0.909983 -0.401702
outer loop
vertex 0.002915 -0.042551 0.030000
vertex -0.013514 -0.040695 0.029999
vertex 0.001955 -0.037551 0.018920
endloop
endfacet
facet normal -0.078728 -0.924767 -0.372300
outer loop
vertex 0.001955 -0.037551 0.018920
vertex -0.013514 -0.040695 0.029999
vertex -0.005849 -0.033809 0.011274
endloop
endfacet
facet normal -0.274803 -0.860523 -0.428933
outer loop
vertex -0.005849 -0.033809 0.011274
vertex -0.013514 -0.040695 0.029999
vertex -0.014078 -0.024888 -0.001350
endloop
endfacet
facet normal -0.641688 -0.605309 -0.470996
outer loop
vertex -0.012168 -0.013426 -0.024005
vertex -0.014517 -0.014161 -0.019862
vertex -0.012811 -0.008079 -0.030003
endloop
endfacet
facet normal -0.871349 -0.248805 -0.422904
outer loop
vertex -0.024194 -0.002223 -0.010502
vertex -0.015118 -0.000863 -0.030001
vertex -0.026620 -0.011530 -0.000028
endloop
endfacet
facet normal -0.860760 -0.275169 -0.428222
outer loop
vertex -0.015118 -0.000863 -0.030001
vertex -0.012811 -0.008079 -0.030003
vertex -0.026620 -0.011530 -0.000028
endloop
endfacet
facet normal -0.773314 -0.482117 -0.411762
outer loop
vertex -0.026620 -0.011530 -0.000028
vertex -0.012811 -0.008079 -0.030003
vertex -0.025523 -0.021640 0.009750
endloop
endfacet
facet normal -0.469981 -0.791533 -0.390633
outer loop
vertex -0.013514 -0.040695 0.029999
vertex -0.028407 -0.031852 0.030000
vertex -0.014078 -0.024888 -0.001350
endloop
endfacet
facet normal -0.591993 -0.686036 -0.422964
outer loop
vertex -0.028407 -0.031852 0.030000
vertex -0.027734 -0.026293 0.020041
vertex -0.014078 -0.024888 -0.001350
endloop
endfacet
facet normal -0.607939 -0.666273 -0.431846
outer loop
vertex -0.027734 -0.026293 0.020041
vertex -0.025523 -0.021640 0.009750
vertex -0.014078 -0.024888 -0.001350
endloop
endfacet
facet normal -0.579491 -0.716843 -0.387719
outer loop
vertex -0.014078 -0.024888 -0.001350
vertex -0.025523 -0.021640 0.009750
vertex -0.015309 -0.017960 -0.012320
endloop
endfacet
facet normal -0.627916 -0.666574 -0.401746
outer loop
vertex -0.015309 -0.017960 -0.012320
vertex -0.025523 -0.021640 0.009750
vertex -0.014517 -0.014161 -0.019862
endloop
endfacet
facet normal -0.787273 -0.461317 -0.409130
outer loop
vertex -0.025523 -0.021640 0.009750
vertex -0.012811 -0.008079 -0.030003
vertex -0.014517 -0.014161 -0.019862
endloop
endfacet
facet normal 0.892681 0.169719 -0.417511
outer loop
vertex 0.037551 0.001955 0.018920
vertex 0.037231 0.013113 0.022771
vertex 0.042551 0.002915 0.030000
endloop
endfacet
facet normal 0.909567 0.228383 -0.347174
outer loop
vertex 0.042551 0.002915 0.030000
vertex 0.037231 0.013113 0.022771
vertex 0.038602 0.018639 0.029999
endloop
endfacet
facet normal 0.801940 0.391376 -0.451350
outer loop
vertex 0.037231 0.013113 0.022771
vertex 0.033030 0.022328 0.023297
vertex 0.038602 0.018639 0.029999
endloop
endfacet
facet normal -0.031380 0.886598 -0.461475
outer loop
vertex -0.002223 0.024194 -0.010502
vertex 0.004550 0.019817 -0.019370
vertex 0.005546 0.014317 -0.030005
endloop
endfacet
facet normal 0.386912 0.833341 -0.394769
outer loop
vertex 0.004550 0.019817 -0.019370
vertex 0.008560 0.014839 -0.025950
vertex 0.005546 0.014317 -0.030005
endloop
endfacet
facet normal 0.889128 0.017734 -0.457315
outer loop
vertex 0.014317 -0.005546 -0.030006
vertex 0.014083 0.006205 -0.030006
vertex 0.024194 0.002223 -0.010502
endloop
endfacet
facet normal 0.532911 0.693190 -0.485277
outer loop
vertex 0.008560 0.014839 -0.025950
vertex 0.012168 0.013426 -0.024005
vertex 0.005546 0.014317 -0.030005
endloop
endfacet
facet normal 0.753594 0.581518 -0.306485
outer loop
vertex 0.038602 0.018639 0.029999
vertex 0.033030 0.022328 0.023297
vertex 0.028407 0.031852 0.030000
endloop
endfacet
facet normal 0.576854 0.607043 -0.546570
outer loop
vertex 0.005546 0.014317 -0.030005
vertex 0.012168 0.013426 -0.024005
vertex 0.014083 0.006205 -0.030006
endloop
endfacet
facet normal 0.703848 0.604372 -0.373273
outer loop
vertex 0.033030 0.022328 0.023297
vertex 0.027761 0.025937 0.019205
vertex 0.028407 0.031852 0.030000
endloop
endfacet
facet normal 0.102794 0.909982 -0.401703
outer loop
vertex -0.002915 0.042551 0.030000
vertex 0.013514 0.040694 0.029998
vertex -0.001955 0.037551 0.018920
endloop
endfacet
facet normal 0.075160 0.926824 -0.367897
outer loop
vertex -0.001955 0.037551 0.018920
vertex 0.013514 0.040694 0.029998
vertex 0.005629 0.033811 0.011048
endloop
endfacet
facet normal 0.247501 0.873079 -0.420090
outer loop
vertex 0.005629 0.033811 0.011048
vertex 0.013514 0.040694 0.029998
vertex 0.011794 0.028253 0.003129
endloop
endfacet
facet normal 0.664730 0.573758 -0.478472
outer loop
vertex 0.012168 0.013426 -0.024005
vertex 0.014517 0.014161 -0.019862
vertex 0.014083 0.006205 -0.030006
endloop
endfacet
facet normal 0.882176 0.231536 -0.410069
outer loop
vertex 0.024194 0.002223 -0.010502
vertex 0.014083 0.006205 -0.030006
vertex 0.026620 0.011529 -0.000028
endloop
endfacet
facet normal 0.776910 0.477975 -0.409818
outer loop
vertex 0.026620 0.011529 -0.000028
vertex 0.014083 0.006205 -0.030006
vertex 0.025841 0.022601 0.011409
endloop
endfacet
facet normal 0.468897 0.789683 -0.395646
outer loop
vertex 0.013514 0.040694 0.029998
vertex 0.028407 0.031852 0.030000
vertex 0.011794 0.028253 0.003129
endloop
endfacet
facet normal 0.474145 0.785208 -0.398290
outer loop
vertex 0.011794 0.028253 0.003129
vertex 0.028407 0.031852 0.030000
vertex 0.014945 0.022618 -0.004230
endloop
endfacet
facet normal 0.582187 0.697847 -0.417215
outer loop
vertex 0.028407 0.031852 0.030000
vertex 0.027761 0.025937 0.019205
vertex 0.014945 0.022618 -0.004230
endloop
endfacet
facet normal 0.621743 0.652982 -0.432493
outer loop
vertex 0.027761 0.025937 0.019205
vertex 0.025841 0.022601 0.011409
vertex 0.014945 0.022618 -0.004230
endloop
endfacet
facet normal 0.566132 0.724238 -0.393667
outer loop
vertex 0.014945 0.022618 -0.004230
vertex 0.025841 0.022601 0.011409
vertex 0.015320 0.017960 -0.012260
endloop
endfacet
facet normal 0.610260 0.680970 -0.404799
outer loop
vertex 0.015320 0.017960 -0.012260
vertex 0.025841 0.022601 0.011409
vertex 0.014517 0.014161 -0.019862
endloop
endfacet
facet normal 0.774771 0.480949 -0.410388
outer loop
vertex 0.025841 0.022601 0.011409
vertex 0.014083 0.006205 -0.030006
vertex 0.014517 0.014161 -0.019862
endloop
endfacet
facet normal 0.000026 -0.000504 1.000000
outer loop
vertex -0.002915 0.042551 0.030000
vertex -0.018639 0.038602 0.029998
vertex 0.013514 0.040694 0.029998
endloop
endfacet
facet normal -0.000019 0.000188 1.000000
outer loop
vertex -0.018639 0.038602 0.029998
vertex -0.031852 0.028407 0.030000
vertex 0.013514 0.040694 0.029998
endloop
endfacet
facet normal -0.000009 0.000151 1.000000
outer loop
vertex 0.013514 0.040694 0.029998
vertex -0.031852 0.028407 0.030000
vertex 0.028407 0.031852 0.030000
endloop
endfacet
facet normal 0.000006 -0.000113 1.000000
outer loop
vertex -0.031852 0.028407 0.030000
vertex -0.040694 0.013514 0.029998
vertex 0.028407 0.031852 0.030000
endloop
endfacet
facet normal -0.000006 -0.000066 1.000000
outer loop
vertex 0.028407 0.031852 0.030000
vertex -0.040694 0.013514 0.029998
vertex 0.038602 0.018639 0.029999
endloop
endfacet
facet normal -0.000017 0.000098 1.000000
outer loop
vertex -0.040694 0.013514 0.029998
vertex -0.042551 -0.002915 0.030000
vertex 0.038602 0.018639 0.029999
endloop
endfacet
facet normal 0.000037 -0.000107 1.000000
outer loop
vertex -0.042551 -0.002915 0.030000
vertex -0.038602 -0.018639 0.029998
vertex 0.038602 0.018639 0.029999
endloop
endfacet
facet normal -0.000056 0.000086 1.000000
outer loop
vertex -0.038602 -0.018639 0.029998
vertex -0.028407 -0.031852 0.030000
vertex 0.038602 0.018639 0.029999
endloop
endfacet
facet normal 0.000017 -0.000010 1.000000
outer loop
vertex -0.028407 -0.031852 0.030000
vertex -0.013514 -0.040695 0.029999
vertex 0.038602 0.018639 0.029999
endloop
endfacet
facet normal -0.000030 0.000031 1.000000
outer loop
vertex 0.038602 0.018639 0.029999
vertex -0.013514 -0.040695 0.029999
vertex 0.042551 0.002915 0.030000
endloop
endfacet
facet normal 0.000081 -0.000111 1.000000
outer loop
vertex 0.042551 0.002915 0.030000
vertex -0.013514 -0.040695 0.029999
vertex 0.040694 -0.013514 0.029998
endloop
endfacet
facet normal -0.000045 0.000140 1.000000
outer loop
vertex 0.040694 -0.013514 0.029998
vertex -0.013514 -0.040695 0.029999
vertex 0.031852 -0.028407 0.030000
endloop
endfacet
facet normal 0.000069 -0.000282 1.000000
outer loop
vertex 0.031852 -0.028407 0.030000
vertex -0.013514 -0.040695 0.029999
vertex 0.018639 -0.038602 0.029998
endloop
endfacet
facet normal 0.000025 0.000394 1.000000
outer loop
vertex 0.018639 -0.038602 0.029998
vertex -0.013514 -0.040695 0.029999
vertex 0.002915 -0.042551 0.030000
endloop
endfacet
facet normal 0.000048 -0.000497 -1.000000
outer loop
vertex -0.005121 0.014400 -0.030006
vertex 0.005546 0.014317 -0.030005
vertex -0.012948 0.008164 -0.030003
endloop
endfacet
facet normal -0.000109 -0.000024 -1.000000
outer loop
vertex 0.005546 0.014317 -0.030005
vertex 0.014083 0.006205 -0.030006
vertex -0.012948 0.008164 -0.030003
endloop
endfacet
facet normal -0.000117 -0.000138 -1.000000
outer loop
vertex -0.012948 0.008164 -0.030003
vertex 0.014083 0.006205 -0.030006
vertex -0.015118 -0.000863 -0.030001
endloop
endfacet
facet normal -0.000195 0.000185 -1.000000
outer loop
vertex -0.015118 -0.000863 -0.030001
vertex 0.014083 0.006205 -0.030006
vertex -0.012811 -0.008079 -0.030003
endloop
endfacet
facet normal -0.000060 -0.000069 -1.000000
outer loop
vertex -0.012811 -0.008079 -0.030003
vertex 0.014083 0.006205 -0.030006
vertex -0.005546 -0.014318 -0.030003
endloop
endfacet
facet normal -0.000176 0.000042 -1.000000
outer loop
vertex 0.014083 0.006205 -0.030006
vertex 0.014317 -0.005546 -0.030006
vertex -0.005546 -0.014318 -0.030003
endloop
endfacet
facet normal -0.000929 0.001747 -0.999998
outer loop
vertex 0.014317 -0.005546 -0.030006
vertex 0.006203 -0.014079 -0.030014
vertex -0.005546 -0.014318 -0.030003
endloop
endfacet
endsolid B4-70-14_17
