solid B4-70-14_12
facet normal 0.457209 0.388500 -0.800017
outer loop
vertex 0.009887 -0.037962 -0.003722
vertex 0.018689 -0.028502 0.005903
vertex 0.019237 -0.036876 0.002149
endloop
endfacet
facet normal 0.460165 0.262370 -0.848180
outer loop
vertex 0.017706 -0.042359 -0.001700
vertex 0.012411 -0.050836 -0.007195
vertex 0.007762 -0.055343 -0.011112
endloop
endfacet
facet normal 0.436719 0.213142 -0.873984
outer loop
vertex 0.002516 -0.058756 -0.014389
vertex -0.016789 -0.055560 -0.023256
vertex -0.001690 -0.049505 -0.014234
endloop
endfacet
facet normal 0.529574 0.035244 -0.847531
outer loop
vertex -0.019118 -0.050340 -0.024019
vertex -0.017821 -0.038563 -0.022718
vertex -0.008852 -0.044251 -0.017351
endloop
endfacet
facet normal 0.580820 -0.038822 -0.813105
outer loop
vertex -0.017821 -0.038563 -0.022718
vertex -0.014669 -0.029883 -0.020881
vertex -0.008811 -0.035636 -0.016422
endloop
endfacet
facet normal 0.509404 0.333203 -0.793400
outer loop
vertex 0.018689 -0.028502 0.005903
vertex 0.009887 -0.037962 -0.003722
vertex 0.006381 -0.030241 -0.002730
endloop
endfacet
facet normal 0.652284 0.069939 -0.754741
outer loop
vertex -0.014669 -0.029883 -0.020881
vertex -0.011704 -0.019686 -0.017373
vertex -0.009287 -0.023382 -0.015627
endloop
endfacet
facet normal 0.652951 0.074244 -0.753752
outer loop
vertex -0.009287 -0.023382 -0.015627
vertex 0.006381 -0.030241 -0.002730
vertex -0.008811 -0.035636 -0.016422
endloop
endfacet
facet normal 0.597770 0.249890 -0.761725
outer loop
vertex -0.008811 -0.035636 -0.016422
vertex 0.006381 -0.030241 -0.002730
vertex -0.000006 -0.037450 -0.010107
endloop
endfacet
facet normal 0.449374 0.272511 -0.850765
outer loop
vertex 0.017706 -0.042359 -0.001700
vertex 0.007762 -0.055343 -0.011112
vertex -0.001690 -0.049505 -0.014234
endloop
endfacet
facet normal 0.418976 0.205250 -0.884495
outer loop
vertex 0.007762 -0.055343 -0.011112
vertex 0.002516 -0.058756 -0.014389
vertex -0.001690 -0.049505 -0.014234
endloop
endfacet
facet normal 0.516455 0.211890 -0.829685
outer loop
vertex -0.008852 -0.044251 -0.017351
vertex -0.000006 -0.037450 -0.010107
vertex -0.001690 -0.049505 -0.014234
endloop
endfacet
facet normal 0.444291 0.428384 -0.786824
outer loop
vertex 0.019237 -0.036876 0.002149
vertex 0.017706 -0.042359 -0.001700
vertex 0.009887 -0.037962 -0.003722
endloop
endfacet
facet normal 0.522707 0.337868 -0.782702
outer loop
vertex 0.006381 -0.030241 -0.002730
vertex 0.009887 -0.037962 -0.003722
vertex -0.000006 -0.037450 -0.010107
endloop
endfacet
facet normal 0.649196 0.074307 -0.756983
outer loop
vertex -0.014669 -0.029883 -0.020881
vertex -0.009287 -0.023382 -0.015627
vertex -0.008811 -0.035636 -0.016422
endloop
endfacet
facet normal 0.592066 0.083578 -0.801544
outer loop
vertex -0.008811 -0.035636 -0.016422
vertex -0.000006 -0.037450 -0.010107
vertex -0.008852 -0.044251 -0.017351
endloop
endfacet
facet normal 0.414043 0.350006 -0.840276
outer loop
vertex -0.001690 -0.049505 -0.014234
vertex 0.009887 -0.037962 -0.003722
vertex 0.017706 -0.042359 -0.001700
endloop
endfacet
facet normal 0.538286 0.204679 -0.817530
outer loop
vertex 0.009887 -0.037962 -0.003722
vertex -0.001690 -0.049505 -0.014234
vertex -0.000006 -0.037450 -0.010107
endloop
endfacet
facet normal 0.551545 0.086794 -0.829617
outer loop
vertex -0.017821 -0.038563 -0.022718
vertex -0.008811 -0.035636 -0.016422
vertex -0.008852 -0.044251 -0.017351
endloop
endfacet
facet normal 0.479607 0.139983 -0.866246
outer loop
vertex -0.001690 -0.049505 -0.014234
vertex -0.019118 -0.050340 -0.024019
vertex -0.008852 -0.044251 -0.017351
endloop
endfacet
facet normal 0.484354 0.088918 -0.870342
outer loop
vertex -0.019118 -0.050340 -0.024019
vertex -0.001690 -0.049505 -0.014234
vertex -0.016789 -0.055560 -0.023256
endloop
endfacet
facet normal 0.471284 -0.570661 0.672486
outer loop
vertex 0.018072 -0.031106 0.007863
vertex 0.013933 -0.033772 0.008501
vertex 0.019237 -0.036876 0.002149
endloop
endfacet
facet normal 0.796919 -0.587897 0.138913
outer loop
vertex 0.012411 -0.050836 -0.007195
vertex 0.017706 -0.042359 -0.001700
vertex 0.016302 -0.044351 -0.002073
endloop
endfacet
facet normal 0.813539 -0.317849 0.486956
outer loop
vertex 0.018072 -0.031106 0.007863
vertex 0.019237 -0.036876 0.002149
vertex 0.019321 -0.029104 0.007083
endloop
endfacet
facet normal 0.902127 0.224240 -0.368623
outer loop
vertex 0.019237 -0.036876 0.002149
vertex 0.018689 -0.028502 0.005903
vertex 0.019321 -0.029104 0.007083
endloop
endfacet
facet normal 0.642438 -0.552344 0.531216
outer loop
vertex 0.019237 -0.036876 0.002149
vertex 0.016302 -0.044351 -0.002073
vertex 0.017706 -0.042359 -0.001700
endloop
endfacet
facet normal -0.081384 -0.855066 0.512092
outer loop
vertex 0.002516 -0.058756 -0.014389
vertex -0.006467 -0.059396 -0.016886
vertex -0.003270 -0.059776 -0.017013
endloop
endfacet
facet normal -0.647054 -0.484610 0.588621
outer loop
vertex -0.011774 -0.058711 -0.020338
vertex -0.014811 -0.052729 -0.018751
vertex -0.016789 -0.055560 -0.023256
endloop
endfacet
facet normal -0.118655 -0.992828 -0.014634
outer loop
vertex -0.006467 -0.059396 -0.016886
vertex -0.011774 -0.058711 -0.020338
vertex -0.003270 -0.059776 -0.017013
endloop
endfacet
facet normal 0.305747 -0.337746 -0.890194
outer loop
vertex -0.003270 -0.059776 -0.017013
vertex -0.011774 -0.058711 -0.020338
vertex -0.016789 -0.055560 -0.023256
endloop
endfacet
facet normal 0.415220 -0.015504 -0.909589
outer loop
vertex -0.003270 -0.059776 -0.017013
vertex -0.016789 -0.055560 -0.023256
vertex 0.002516 -0.058756 -0.014389
endloop
endfacet
facet normal -0.385608 0.398421 -0.832206
outer loop
vertex -0.013179 -0.017747 -0.015762
vertex -0.011704 -0.019686 -0.017373
vertex -0.014669 -0.029883 -0.020881
endloop
endfacet
facet normal -0.730668 0.339579 -0.592292
outer loop
vertex -0.014969 -0.027702 -0.019261
vertex -0.013179 -0.017747 -0.015762
vertex -0.014669 -0.029883 -0.020881
endloop
endfacet
facet normal -0.673611 0.378858 -0.634598
outer loop
vertex -0.017821 -0.038563 -0.022718
vertex -0.014969 -0.027702 -0.019261
vertex -0.014669 -0.029883 -0.020881
endloop
endfacet
facet normal -0.969072 0.244997 0.029578
outer loop
vertex -0.019445 -0.044901 -0.023434
vertex -0.014969 -0.027702 -0.019261
vertex -0.017821 -0.038563 -0.022718
endloop
endfacet
facet normal 0.017445 0.107842 -0.994015
outer loop
vertex -0.019445 -0.044901 -0.023434
vertex -0.017821 -0.038563 -0.022718
vertex -0.019118 -0.050340 -0.024019
endloop
endfacet
facet normal -0.694006 -0.414756 0.588501
outer loop
vertex -0.008733 -0.039845 -0.006324
vertex -0.003567 -0.034987 0.003192
vertex -0.008429 -0.030963 0.000294
endloop
endfacet
facet normal -0.153284 -0.672634 0.723925
outer loop
vertex 0.002516 -0.058756 -0.014389
vertex 0.002973 -0.046971 -0.003342
vertex -0.006467 -0.059396 -0.016886
endloop
endfacet
facet normal -0.801479 -0.280458 0.528180
outer loop
vertex -0.016789 -0.055560 -0.023256
vertex -0.014811 -0.052729 -0.018751
vertex -0.019118 -0.050340 -0.024019
endloop
endfacet
facet normal -0.945309 0.179982 0.272023
outer loop
vertex -0.019445 -0.044901 -0.023434
vertex -0.014506 -0.030973 -0.015486
vertex -0.014969 -0.027702 -0.019261
endloop
endfacet
facet normal -0.972856 0.101917 0.207762
outer loop
vertex -0.014969 -0.027702 -0.019261
vertex -0.014506 -0.030973 -0.015486
vertex -0.013179 -0.017747 -0.015762
endloop
endfacet
facet normal -0.993627 0.100723 0.050600
outer loop
vertex -0.014506 -0.030973 -0.015486
vertex -0.013310 -0.021333 -0.011196
vertex -0.013179 -0.017747 -0.015762
endloop
endfacet
facet normal -0.904990 -0.234007 0.355294
outer loop
vertex -0.012621 -0.029437 -0.009406
vertex -0.009781 -0.030545 -0.002901
vertex -0.012143 -0.025647 -0.005693
endloop
endfacet
facet normal -0.906336 -0.232081 0.353119
outer loop
vertex -0.008429 -0.030963 0.000294
vertex -0.009781 -0.030545 -0.002901
vertex -0.008733 -0.039845 -0.006324
endloop
endfacet
facet normal -0.875039 -0.094326 0.474773
outer loop
vertex -0.012621 -0.029437 -0.009406
vertex -0.015039 -0.038056 -0.015576
vertex -0.013090 -0.040410 -0.012451
endloop
endfacet
facet normal -0.918517 -0.068761 0.389356
outer loop
vertex -0.009781 -0.030545 -0.002901
vertex -0.012621 -0.029437 -0.009406
vertex -0.013090 -0.040410 -0.012451
endloop
endfacet
facet normal -0.765135 -0.296554 0.571510
outer loop
vertex -0.009781 -0.030545 -0.002901
vertex -0.013090 -0.040410 -0.012451
vertex -0.008733 -0.039845 -0.006324
endloop
endfacet
facet normal -0.792459 -0.186322 0.580768
outer loop
vertex -0.014811 -0.052729 -0.018751
vertex -0.008733 -0.039845 -0.006324
vertex -0.013090 -0.040410 -0.012451
endloop
endfacet
facet normal -0.799977 -0.180853 0.572127
outer loop
vertex -0.014811 -0.052729 -0.018751
vertex -0.013090 -0.040410 -0.012451
vertex -0.019118 -0.050340 -0.024019
endloop
endfacet
facet normal -0.616682 -0.376096 0.691559
outer loop
vertex -0.014811 -0.052729 -0.018751
vertex -0.006295 -0.046403 -0.007717
vertex -0.008733 -0.039845 -0.006324
endloop
endfacet
facet normal -0.519216 -0.488185 0.701491
outer loop
vertex -0.006467 -0.059396 -0.016886
vertex -0.006295 -0.046403 -0.007717
vertex -0.011774 -0.058711 -0.020338
endloop
endfacet
facet normal -0.216331 -0.662374 0.717260
outer loop
vertex 0.002973 -0.046971 -0.003342
vertex 0.006433 -0.035913 0.007913
vertex 0.001678 -0.036242 0.006175
endloop
endfacet
facet normal 0.225648 -0.662955 0.713844
outer loop
vertex 0.010170 -0.035350 0.008225
vertex 0.016302 -0.044351 -0.002073
vertex 0.013933 -0.033772 0.008501
endloop
endfacet
facet normal 0.195928 -0.677548 0.708902
outer loop
vertex 0.012411 -0.050836 -0.007195
vertex 0.016302 -0.044351 -0.002073
vertex 0.010170 -0.035350 0.008225
endloop
endfacet
facet normal 0.076800 -0.697917 0.712049
outer loop
vertex 0.007762 -0.055343 -0.011112
vertex 0.012411 -0.050836 -0.007195
vertex 0.010170 -0.035350 0.008225
endloop
endfacet
facet normal 0.003492 -0.695418 0.718597
outer loop
vertex 0.007762 -0.055343 -0.011112
vertex 0.010170 -0.035350 0.008225
vertex 0.002516 -0.058756 -0.014389
endloop
endfacet
facet normal -0.072814 -0.680569 0.729057
outer loop
vertex 0.010170 -0.035350 0.008225
vertex 0.002973 -0.046971 -0.003342
vertex 0.002516 -0.058756 -0.014389
endloop
endfacet
facet normal -0.983866 -0.045479 0.173029
outer loop
vertex -0.012143 -0.025647 -0.005693
vertex -0.013310 -0.021333 -0.011196
vertex -0.012621 -0.029437 -0.009406
endloop
endfacet
facet normal -0.953967 -0.014988 0.299538
outer loop
vertex -0.014506 -0.030973 -0.015486
vertex -0.012621 -0.029437 -0.009406
vertex -0.013310 -0.021333 -0.011196
endloop
endfacet
facet normal -0.957671 0.068578 0.279578
outer loop
vertex -0.012621 -0.029437 -0.009406
vertex -0.014506 -0.030973 -0.015486
vertex -0.015039 -0.038056 -0.015576
endloop
endfacet
facet normal -0.892536 0.061554 0.446756
outer loop
vertex -0.019445 -0.044901 -0.023434
vertex -0.015039 -0.038056 -0.015576
vertex -0.014506 -0.030973 -0.015486
endloop
endfacet
facet normal -0.859096 -0.033412 0.510723
outer loop
vertex -0.019445 -0.044901 -0.023434
vertex -0.013090 -0.040410 -0.012451
vertex -0.015039 -0.038056 -0.015576
endloop
endfacet
facet normal -0.840862 -0.107503 0.530466
outer loop
vertex -0.019118 -0.050340 -0.024019
vertex -0.013090 -0.040410 -0.012451
vertex -0.019445 -0.044901 -0.023434
endloop
endfacet
facet normal -0.552419 -0.464100 0.692419
outer loop
vertex -0.006295 -0.046403 -0.007717
vertex -0.014811 -0.052729 -0.018751
vertex -0.011774 -0.058711 -0.020338
endloop
endfacet
facet normal -0.711818 -0.388811 0.584928
outer loop
vertex -0.006295 -0.046403 -0.007717
vertex -0.003567 -0.034987 0.003192
vertex -0.008733 -0.039845 -0.006324
endloop
endfacet
facet normal -0.508427 -0.550274 0.662345
outer loop
vertex 0.001678 -0.036242 0.006175
vertex -0.003567 -0.034987 0.003192
vertex -0.001080 -0.043466 -0.001943
endloop
endfacet
facet normal -0.324121 -0.649377 0.687935
outer loop
vertex -0.001080 -0.043466 -0.001943
vertex 0.002973 -0.046971 -0.003342
vertex 0.001678 -0.036242 0.006175
endloop
endfacet
facet normal 0.474660 -0.566768 0.673403
outer loop
vertex 0.016302 -0.044351 -0.002073
vertex 0.019237 -0.036876 0.002149
vertex 0.013933 -0.033772 0.008501
endloop
endfacet
facet normal -0.456937 -0.555013 0.695103
outer loop
vertex -0.001080 -0.043466 -0.001943
vertex -0.003567 -0.034987 0.003192
vertex -0.006295 -0.046403 -0.007717
endloop
endfacet
facet normal -0.506047 -0.492835 0.707835
outer loop
vertex -0.001080 -0.043466 -0.001943
vertex -0.006295 -0.046403 -0.007717
vertex -0.006467 -0.059396 -0.016886
endloop
endfacet
facet normal -0.269058 -0.608947 0.746185
outer loop
vertex 0.002973 -0.046971 -0.003342
vertex -0.001080 -0.043466 -0.001943
vertex -0.006467 -0.059396 -0.016886
endloop
endfacet
facet normal 0.050825 -0.720183 0.691920
outer loop
vertex 0.002973 -0.046971 -0.003342
vertex 0.010170 -0.035350 0.008225
vertex 0.006433 -0.035913 0.007913
endloop
endfacet
facet normal 0.097753 0.987910 0.120329
outer loop
vertex -0.026420 0.014632 -0.018739
vertex -0.022540 0.013141 -0.009647
vertex -0.017768 0.013354 -0.015272
endloop
endfacet
facet normal -0.119416 0.975744 0.183475
outer loop
vertex -0.032879 0.011371 -0.006967
vertex -0.026902 0.011704 -0.004849
vertex -0.022540 0.013141 -0.009647
endloop
endfacet
facet normal -0.390324 0.722167 0.571071
outer loop
vertex -0.039396 0.008433 -0.005668
vertex -0.034647 0.003689 0.003577
vertex -0.031851 0.007817 0.000268
endloop
endfacet
facet normal -0.584836 -0.429153 0.688328
outer loop
vertex -0.030442 -0.018388 0.008149
vertex -0.034969 -0.011951 0.008315
vertex -0.036894 -0.019235 0.002139
endloop
endfacet
facet normal -0.708444 -0.008910 0.705710
outer loop
vertex -0.055289 -0.007828 -0.011065
vertex -0.058362 0.000952 -0.014039
vertex -0.058403 -0.003097 -0.014131
endloop
endfacet
facet normal -0.606012 0.287381 0.741729
outer loop
vertex -0.058362 0.000952 -0.014039
vertex -0.046862 0.000457 -0.004451
vertex -0.059387 0.007214 -0.017302
endloop
endfacet
facet normal -0.512001 0.446543 0.733795
outer loop
vertex -0.046862 0.000457 -0.004451
vertex -0.042476 0.005065 -0.004195
vertex -0.059387 0.007214 -0.017302
endloop
endfacet
facet normal -0.367124 0.713879 0.596319
outer loop
vertex -0.057058 0.012629 -0.019181
vertex -0.052451 0.018493 -0.023364
vertex -0.056023 0.016489 -0.023164
endloop
endfacet
facet normal 0.120039 0.936022 0.330838
outer loop
vertex -0.047310 0.019545 -0.023621
vertex -0.030251 0.014101 -0.014408
vertex -0.040406 0.018404 -0.022897
endloop
endfacet
facet normal 0.174830 0.946660 0.270683
outer loop
vertex -0.040406 0.018404 -0.022897
vertex -0.030251 0.014101 -0.014408
vertex -0.026420 0.014632 -0.018739
endloop
endfacet
facet normal 0.031255 0.988376 0.148782
outer loop
vertex -0.022540 0.013141 -0.009647
vertex -0.026420 0.014632 -0.018739
vertex -0.030251 0.014101 -0.014408
endloop
endfacet
facet normal -0.079054 0.944585 0.318606
outer loop
vertex -0.022540 0.013141 -0.009647
vertex -0.030251 0.014101 -0.014408
vertex -0.032879 0.011371 -0.006967
endloop
endfacet
facet normal 0.019741 0.936362 0.350480
outer loop
vertex -0.032879 0.011371 -0.006967
vertex -0.030251 0.014101 -0.014408
vertex -0.038599 0.013982 -0.013620
endloop
endfacet
facet normal -0.289099 0.842322 0.454880
outer loop
vertex -0.031851 0.007817 0.000268
vertex -0.032879 0.011371 -0.006967
vertex -0.039396 0.008433 -0.005668
endloop
endfacet
facet normal 0.031289 0.884806 0.464909
outer loop
vertex -0.047310 0.019545 -0.023621
vertex -0.038599 0.013982 -0.013620
vertex -0.030251 0.014101 -0.014408
endloop
endfacet
facet normal -0.170542 0.858539 0.483556
outer loop
vertex -0.032879 0.011371 -0.006967
vertex -0.038599 0.013982 -0.013620
vertex -0.044261 0.012282 -0.012599
endloop
endfacet
facet normal -0.230627 0.772889 0.591146
outer loop
vertex -0.044261 0.012282 -0.012599
vertex -0.039396 0.008433 -0.005668
vertex -0.032879 0.011371 -0.006967
endloop
endfacet
facet normal -0.139709 0.808641 0.571473
outer loop
vertex -0.047310 0.019545 -0.023621
vertex -0.044261 0.012282 -0.012599
vertex -0.038599 0.013982 -0.013620
endloop
endfacet
facet normal -0.137103 0.809292 0.571182
outer loop
vertex -0.044261 0.012282 -0.012599
vertex -0.047310 0.019545 -0.023621
vertex -0.052451 0.018493 -0.023364
endloop
endfacet
facet normal -0.310787 0.701628 0.641194
outer loop
vertex -0.044261 0.012282 -0.012599
vertex -0.052451 0.018493 -0.023364
vertex -0.057058 0.012629 -0.019181
endloop
endfacet
facet normal -0.368960 0.634422 0.679247
outer loop
vertex -0.057058 0.012629 -0.019181
vertex -0.042476 0.005065 -0.004195
vertex -0.039396 0.008433 -0.005668
endloop
endfacet
facet normal -0.503315 0.468357 0.726165
outer loop
vertex -0.059387 0.007214 -0.017302
vertex -0.042476 0.005065 -0.004195
vertex -0.057058 0.012629 -0.019181
endloop
endfacet
facet normal -0.674795 0.193817 0.712100
outer loop
vertex -0.046862 0.000457 -0.004451
vertex -0.035947 -0.006735 0.007850
vertex -0.036237 -0.001774 0.006224
endloop
endfacet
facet normal -0.680418 -0.209477 0.702247
outer loop
vertex -0.050836 -0.012411 -0.007195
vertex -0.044351 -0.016302 -0.002072
vertex -0.034969 -0.011951 0.008315
endloop
endfacet
facet normal -0.696069 -0.073304 0.714223
outer loop
vertex -0.055289 -0.007828 -0.011065
vertex -0.050836 -0.012411 -0.007195
vertex -0.034969 -0.011951 0.008315
endloop
endfacet
facet normal -0.689765 0.003833 0.724023
outer loop
vertex -0.055289 -0.007828 -0.011065
vertex -0.034969 -0.011951 0.008315
vertex -0.058362 0.000952 -0.014039
endloop
endfacet
facet normal -0.209493 0.865516 0.454967
outer loop
vertex -0.032879 0.011371 -0.006967
vertex -0.031851 0.007817 0.000268
vertex -0.026902 0.011704 -0.004849
endloop
endfacet
facet normal -0.296052 0.731575 0.614127
outer loop
vertex -0.057058 0.012629 -0.019181
vertex -0.039396 0.008433 -0.005668
vertex -0.044261 0.012282 -0.012599
endloop
endfacet
facet normal -0.458201 0.672946 0.580685
outer loop
vertex -0.034647 0.003689 0.003577
vertex -0.039396 0.008433 -0.005668
vertex -0.042476 0.005065 -0.004195
endloop
endfacet
facet normal -0.564097 0.500396 0.656810
outer loop
vertex -0.034647 0.003689 0.003577
vertex -0.042476 0.005065 -0.004195
vertex -0.046862 0.000457 -0.004451
endloop
endfacet
facet normal -0.566028 0.487066 0.665116
outer loop
vertex -0.036237 -0.001774 0.006224
vertex -0.034647 0.003689 0.003577
vertex -0.046862 0.000457 -0.004451
endloop
endfacet
facet normal -0.566559 -0.440711 0.696265
outer loop
vertex -0.044351 -0.016302 -0.002072
vertex -0.036894 -0.019235 0.002139
vertex -0.034969 -0.011951 0.008315
endloop
endfacet
facet normal -0.591824 0.346548 0.727769
outer loop
vertex -0.035947 -0.006735 0.007850
vertex -0.046862 0.000457 -0.004451
vertex -0.058362 0.000952 -0.014039
endloop
endfacet
facet normal -0.709162 -0.070297 0.701532
outer loop
vertex -0.058362 0.000952 -0.014039
vertex -0.034969 -0.011951 0.008315
vertex -0.035947 -0.006735 0.007850
endloop
endfacet
facet normal 0.350290 0.035905 -0.935953
outer loop
vertex -0.018310 0.012551 -0.016664
vertex -0.020632 0.011872 -0.017559
vertex -0.029500 0.014591 -0.020774
endloop
endfacet
facet normal 0.337741 0.752602 -0.565262
outer loop
vertex -0.018310 0.012551 -0.016664
vertex -0.026420 0.014632 -0.018739
vertex -0.017768 0.013354 -0.015272
endloop
endfacet
facet normal 0.360536 0.669613 -0.649332
outer loop
vertex -0.018310 0.012551 -0.016664
vertex -0.029500 0.014591 -0.020774
vertex -0.040406 0.018404 -0.022897
endloop
endfacet
facet normal 0.113208 0.055456 -0.992023
outer loop
vertex -0.040406 0.018404 -0.022897
vertex -0.050634 0.018907 -0.024036
vertex -0.047310 0.019545 -0.023621
endloop
endfacet
facet normal -0.196646 0.977899 0.071025
outer loop
vertex -0.052451 0.018493 -0.023364
vertex -0.047310 0.019545 -0.023621
vertex -0.050634 0.018907 -0.024036
endloop
endfacet
facet normal 0.164911 0.940162 0.298162
outer loop
vertex -0.040406 0.018404 -0.022897
vertex -0.026420 0.014632 -0.018739
vertex -0.018310 0.012551 -0.016664
endloop
endfacet
facet normal -0.391549 0.631060 -0.669666
outer loop
vertex -0.052451 0.018493 -0.023364
vertex -0.050634 0.018907 -0.024036
vertex -0.056023 0.016489 -0.023164
endloop
endfacet
facet normal -0.993589 0.093531 -0.063505
outer loop
vertex -0.059387 0.007214 -0.017302
vertex -0.058777 0.011465 -0.020584
vertex -0.059776 0.003270 -0.017013
endloop
endfacet
facet normal -0.165930 -0.376960 -0.911245
outer loop
vertex -0.059776 0.003270 -0.017013
vertex -0.058777 0.011465 -0.020584
vertex -0.056023 0.016489 -0.023164
endloop
endfacet
facet normal -0.023336 -0.416363 -0.908899
outer loop
vertex -0.059776 0.003270 -0.017013
vertex -0.056023 0.016489 -0.023164
vertex -0.058403 -0.003097 -0.014131
endloop
endfacet
facet normal 0.587516 0.797340 0.138109
outer loop
vertex 0.050836 0.012411 -0.007195
vertex 0.042352 0.017710 -0.001699
vertex 0.044351 0.016302 -0.002073
endloop
endfacet
facet normal 0.322245 0.822823 0.468104
outer loop
vertex 0.030616 0.018390 0.007945
vertex 0.036897 0.019234 0.002138
vertex 0.028528 0.019390 0.007624
endloop
endfacet
facet normal -0.240835 0.887567 -0.392713
outer loop
vertex 0.036897 0.019234 0.002138
vertex 0.029169 0.018746 0.005776
vertex 0.028528 0.019390 0.007624
endloop
endfacet
facet normal 0.552393 0.643548 0.529819
outer loop
vertex 0.036897 0.019234 0.002138
vertex 0.044351 0.016302 -0.002073
vertex 0.042352 0.017710 -0.001699
endloop
endfacet
facet normal -0.403036 0.452497 -0.795492
outer loop
vertex 0.038209 0.009920 -0.003825
vertex 0.029169 0.018746 0.005776
vertex 0.036897 0.019234 0.002138
endloop
endfacet
facet normal -0.260573 0.462066 -0.847701
outer loop
vertex 0.042352 0.017710 -0.001699
vertex 0.050836 0.012411 -0.007195
vertex 0.055323 0.007787 -0.011095
endloop
endfacet
facet normal -0.214997 0.436801 -0.873488
outer loop
vertex 0.058756 0.002516 -0.014389
vertex 0.055559 -0.016789 -0.023256
vertex 0.049875 -0.000452 -0.013687
endloop
endfacet
facet normal 0.003732 0.592809 -0.805334
outer loop
vertex 0.050690 -0.019017 -0.024018
vertex 0.031232 -0.015246 -0.021332
vertex 0.037715 -0.011449 -0.018507
endloop
endfacet
facet normal -0.093793 0.617632 -0.780854
outer loop
vertex 0.020349 -0.012152 -0.017578
vertex 0.023544 -0.006808 -0.013735
vertex 0.031232 -0.015246 -0.021332
endloop
endfacet
facet normal -0.067145 0.633143 -0.771117
outer loop
vertex 0.031232 -0.015246 -0.021332
vertex 0.023544 -0.006808 -0.013735
vertex 0.034559 -0.001376 -0.010233
endloop
endfacet
facet normal -0.094531 0.667627 -0.738470
outer loop
vertex 0.023544 -0.006808 -0.013735
vertex 0.030227 0.006106 -0.002915
vertex 0.034559 -0.001376 -0.010233
endloop
endfacet
facet normal -0.335758 0.514422 -0.789073
outer loop
vertex 0.029169 0.018746 0.005776
vertex 0.038209 0.009920 -0.003825
vertex 0.030227 0.006106 -0.002915
endloop
endfacet
facet normal -0.029754 0.628850 -0.776957
outer loop
vertex 0.034559 -0.001376 -0.010233
vertex 0.037715 -0.011449 -0.018507
vertex 0.031232 -0.015246 -0.021332
endloop
endfacet
facet normal -0.273348 0.448466 -0.850975
outer loop
vertex 0.042352 0.017710 -0.001699
vertex 0.055323 0.007787 -0.011095
vertex 0.049875 -0.000452 -0.013687
endloop
endfacet
facet normal -0.209135 0.416612 -0.884702
outer loop
vertex 0.055323 0.007787 -0.011095
vertex 0.058756 0.002516 -0.014389
vertex 0.049875 -0.000452 -0.013687
endloop
endfacet
facet normal -0.059189 0.519308 -0.852535
outer loop
vertex 0.050690 -0.019017 -0.024018
vertex 0.037715 -0.011449 -0.018507
vertex 0.045157 -0.004086 -0.014539
endloop
endfacet
facet normal -0.429595 0.443185 -0.786788
outer loop
vertex 0.036897 0.019234 0.002138
vertex 0.042352 0.017710 -0.001699
vertex 0.038209 0.009920 -0.003825
endloop
endfacet
facet normal -0.347457 0.545135 -0.762956
outer loop
vertex 0.030227 0.006106 -0.002915
vertex 0.038209 0.009920 -0.003825
vertex 0.034559 -0.001376 -0.010233
endloop
endfacet
facet normal -0.167836 0.593777 -0.786931
outer loop
vertex 0.037715 -0.011449 -0.018507
vertex 0.034559 -0.001376 -0.010233
vertex 0.045157 -0.004086 -0.014539
endloop
endfacet
facet normal -0.344872 0.413391 -0.842716
outer loop
vertex 0.049875 -0.000452 -0.013687
vertex 0.038209 0.009920 -0.003825
vertex 0.042352 0.017710 -0.001699
endloop
endfacet
facet normal -0.198646 0.531395 -0.823504
outer loop
vertex 0.038209 0.009920 -0.003825
vertex 0.045157 -0.004086 -0.014539
vertex 0.034559 -0.001376 -0.010233
endloop
endfacet
facet normal -0.243883 0.510003 -0.824874
outer loop
vertex 0.038209 0.009920 -0.003825
vertex 0.049875 -0.000452 -0.013687
vertex 0.045157 -0.004086 -0.014539
endloop
endfacet
facet normal -0.206081 0.468897 -0.858875
outer loop
vertex 0.050690 -0.019017 -0.024018
vertex 0.045157 -0.004086 -0.014539
vertex 0.049875 -0.000452 -0.013687
endloop
endfacet
facet normal -0.083862 0.481734 -0.872295
outer loop
vertex 0.050690 -0.019017 -0.024018
vertex 0.049875 -0.000452 -0.013687
vertex 0.055559 -0.016789 -0.023256
endloop
endfacet
facet normal -0.368248 -0.488641 -0.790963
outer loop
vertex 0.027702 -0.014969 -0.019261
vertex 0.017609 -0.013247 -0.015626
vertex 0.020349 -0.012152 -0.017578
endloop
endfacet
facet normal -0.402820 -0.696938 -0.593308
outer loop
vertex 0.031232 -0.015246 -0.021332
vertex 0.027702 -0.014969 -0.019261
vertex 0.020349 -0.012152 -0.017578
endloop
endfacet
facet normal -0.350988 -0.796955 -0.491599
outer loop
vertex 0.027702 -0.014969 -0.019261
vertex 0.031232 -0.015246 -0.021332
vertex 0.040285 -0.018544 -0.022449
endloop
endfacet
facet normal -0.101601 0.173386 -0.979599
outer loop
vertex 0.031232 -0.015246 -0.021332
vertex 0.050690 -0.019017 -0.024018
vertex 0.046440 -0.019463 -0.023656
endloop
endfacet
facet normal -0.227383 -0.311756 -0.922553
outer loop
vertex 0.040285 -0.018544 -0.022449
vertex 0.031232 -0.015246 -0.021332
vertex 0.046440 -0.019463 -0.023656
endloop
endfacet
facet normal 0.414756 -0.694005 0.588501
outer loop
vertex 0.039845 -0.008733 -0.006324
vertex 0.034987 -0.003567 0.003192
vertex 0.030963 -0.008429 0.000294
endloop
endfacet
facet normal 0.569782 0.457391 0.682746
outer loop
vertex 0.030616 0.018390 0.007945
vertex 0.034068 0.014497 0.007672
vertex 0.036897 0.019234 0.002138
endloop
endfacet
facet normal 0.672635 -0.153285 0.723924
outer loop
vertex 0.058756 0.002516 -0.014389
vertex 0.046971 0.002973 -0.003342
vertex 0.059396 -0.006467 -0.016886
endloop
endfacet
facet normal 0.283129 -0.799884 0.529173
outer loop
vertex 0.055559 -0.016789 -0.023256
vertex 0.052729 -0.014811 -0.018751
vertex 0.050690 -0.019017 -0.024018
endloop
endfacet
facet normal -0.046759 -0.895449 0.442701
outer loop
vertex 0.046440 -0.019463 -0.023656
vertex 0.038101 -0.015090 -0.015693
vertex 0.040285 -0.018544 -0.022449
endloop
endfacet
facet normal -0.191908 -0.936694 0.292875
outer loop
vertex 0.040285 -0.018544 -0.022449
vertex 0.031277 -0.014566 -0.015628
vertex 0.027702 -0.014969 -0.019261
endloop
endfacet
facet normal -0.094041 -0.975103 0.200824
outer loop
vertex 0.027702 -0.014969 -0.019261
vertex 0.031277 -0.014566 -0.015628
vertex 0.017609 -0.013247 -0.015626
endloop
endfacet
facet normal -0.095809 -0.993202 0.066106
outer loop
vertex 0.031277 -0.014566 -0.015628
vertex 0.021331 -0.013313 -0.011214
vertex 0.017609 -0.013247 -0.015626
endloop
endfacet
facet normal 0.234007 -0.904990 0.355294
outer loop
vertex 0.029437 -0.012621 -0.009406
vertex 0.030545 -0.009781 -0.002901
vertex 0.025647 -0.012143 -0.005693
endloop
endfacet
facet normal 0.232080 -0.906336 0.353119
outer loop
vertex 0.030963 -0.008429 0.000294
vertex 0.030545 -0.009781 -0.002901
vertex 0.039845 -0.008733 -0.006324
endloop
endfacet
facet normal 0.093376 -0.876205 0.472806
outer loop
vertex 0.029437 -0.012621 -0.009406
vertex 0.038101 -0.015090 -0.015693
vertex 0.040532 -0.013164 -0.012604
endloop
endfacet
facet normal 0.067319 -0.918519 0.389603
outer loop
vertex 0.030545 -0.009781 -0.002901
vertex 0.029437 -0.012621 -0.009406
vertex 0.040532 -0.013164 -0.012604
endloop
endfacet
facet normal 0.296697 -0.764686 0.572037
outer loop
vertex 0.030545 -0.009781 -0.002901
vertex 0.040532 -0.013164 -0.012604
vertex 0.039845 -0.008733 -0.006324
endloop
endfacet
facet normal 0.185215 -0.793269 0.580017
outer loop
vertex 0.052729 -0.014811 -0.018751
vertex 0.039845 -0.008733 -0.006324
vertex 0.040532 -0.013164 -0.012604
endloop
endfacet
facet normal 0.179358 -0.801419 0.570577
outer loop
vertex 0.052729 -0.014811 -0.018751
vertex 0.040532 -0.013164 -0.012604
vertex 0.050690 -0.019017 -0.024018
endloop
endfacet
facet normal 0.376096 -0.616683 0.691559
outer loop
vertex 0.052729 -0.014811 -0.018751
vertex 0.046403 -0.006295 -0.007717
vertex 0.039845 -0.008733 -0.006324
endloop
endfacet
facet normal 0.488185 -0.519215 0.701492
outer loop
vertex 0.059396 -0.006467 -0.016886
vertex 0.046403 -0.006295 -0.007717
vertex 0.058711 -0.011774 -0.020338
endloop
endfacet
facet normal 0.662374 -0.216330 0.717260
outer loop
vertex 0.046971 0.002973 -0.003342
vertex 0.035913 0.006433 0.007913
vertex 0.036242 0.001678 0.006175
endloop
endfacet
facet normal 0.634738 0.277435 0.721206
outer loop
vertex 0.035356 0.010118 0.008222
vertex 0.044351 0.016302 -0.002073
vertex 0.034068 0.014497 0.007672
endloop
endfacet
facet normal 0.677420 0.195343 0.709185
outer loop
vertex 0.050836 0.012411 -0.007195
vertex 0.044351 0.016302 -0.002073
vertex 0.035356 0.010118 0.008222
endloop
endfacet
facet normal 0.697890 0.076663 0.712090
outer loop
vertex 0.055323 0.007787 -0.011095
vertex 0.050836 0.012411 -0.007195
vertex 0.035356 0.010118 0.008222
endloop
endfacet
facet normal 0.695567 0.004061 0.718450
outer loop
vertex 0.055323 0.007787 -0.011095
vertex 0.035356 0.010118 0.008222
vertex 0.058756 0.002516 -0.014389
endloop
endfacet
facet normal 0.680502 -0.073762 0.729025
outer loop
vertex 0.035356 0.010118 0.008222
vertex 0.046971 0.002973 -0.003342
vertex 0.058756 0.002516 -0.014389
endloop
endfacet
facet normal 0.045398 -0.983884 0.172948
outer loop
vertex 0.025647 -0.012143 -0.005693
vertex 0.021331 -0.013313 -0.011214
vertex 0.029437 -0.012621 -0.009406
endloop
endfacet
facet normal 0.013961 -0.953176 0.302092
outer loop
vertex 0.031277 -0.014566 -0.015628
vertex 0.029437 -0.012621 -0.009406
vertex 0.021331 -0.013313 -0.011214
endloop
endfacet
facet normal -0.070919 -0.957830 0.278448
outer loop
vertex 0.029437 -0.012621 -0.009406
vertex 0.031277 -0.014566 -0.015628
vertex 0.038101 -0.015090 -0.015693
endloop
endfacet
facet normal -0.064714 -0.896836 0.437605
outer loop
vertex 0.040285 -0.018544 -0.022449
vertex 0.038101 -0.015090 -0.015693
vertex 0.031277 -0.014566 -0.015628
endloop
endfacet
facet normal 0.034882 -0.860165 0.508821
outer loop
vertex 0.046440 -0.019463 -0.023656
vertex 0.040532 -0.013164 -0.012604
vertex 0.038101 -0.015090 -0.015693
endloop
endfacet
facet normal 0.133129 -0.828802 0.543474
outer loop
vertex 0.050690 -0.019017 -0.024018
vertex 0.040532 -0.013164 -0.012604
vertex 0.046440 -0.019463 -0.023656
endloop
endfacet
facet normal 0.464101 -0.552419 0.692418
outer loop
vertex 0.046403 -0.006295 -0.007717
vertex 0.052729 -0.014811 -0.018751
vertex 0.058711 -0.011774 -0.020338
endloop
endfacet
facet normal 0.388811 -0.711819 0.584928
outer loop
vertex 0.046403 -0.006295 -0.007717
vertex 0.034987 -0.003567 0.003192
vertex 0.039845 -0.008733 -0.006324
endloop
endfacet
facet normal 0.550274 -0.508427 0.662345
outer loop
vertex 0.036242 0.001678 0.006175
vertex 0.034987 -0.003567 0.003192
vertex 0.043466 -0.001080 -0.001943
endloop
endfacet
facet normal 0.649377 -0.324121 0.687935
outer loop
vertex 0.043466 -0.001080 -0.001943
vertex 0.046971 0.002973 -0.003342
vertex 0.036242 0.001678 0.006175
endloop
endfacet
facet normal 0.566929 0.459899 0.683436
outer loop
vertex 0.044351 0.016302 -0.002073
vertex 0.036897 0.019234 0.002138
vertex 0.034068 0.014497 0.007672
endloop
endfacet
facet normal 0.555013 -0.456936 0.695104
outer loop
vertex 0.043466 -0.001080 -0.001943
vertex 0.034987 -0.003567 0.003192
vertex 0.046403 -0.006295 -0.007717
endloop
endfacet
facet normal 0.492835 -0.506048 0.707834
outer loop
vertex 0.043466 -0.001080 -0.001943
vertex 0.046403 -0.006295 -0.007717
vertex 0.059396 -0.006467 -0.016886
endloop
endfacet
facet normal 0.608947 -0.269057 0.746185
outer loop
vertex 0.046971 0.002973 -0.003342
vertex 0.043466 -0.001080 -0.001943
vertex 0.059396 -0.006467 -0.016886
endloop
endfacet
facet normal 0.720176 0.050767 0.691931
outer loop
vertex 0.046971 0.002973 -0.003342
vertex 0.035356 0.010118 0.008222
vertex 0.035913 0.006433 0.007913
endloop
endfacet
facet normal -0.588065 -0.796733 0.139270
outer loop
vertex -0.050836 -0.012411 -0.007195
vertex -0.042361 -0.017706 -0.001705
vertex -0.044351 -0.016302 -0.002072
endloop
endfacet
facet normal -0.161996 -0.938087 0.306186
outer loop
vertex -0.030442 -0.018388 0.008149
vertex -0.036894 -0.019235 0.002139
vertex -0.030009 -0.019146 0.006054
endloop
endfacet
facet normal -0.552308 -0.643863 0.529525
outer loop
vertex -0.036894 -0.019235 0.002139
vertex -0.044351 -0.016302 -0.002072
vertex -0.042361 -0.017706 -0.001705
endloop
endfacet
facet normal 0.855061 -0.081381 0.512101
outer loop
vertex 0.058756 0.002516 -0.014389
vertex 0.059396 -0.006467 -0.016886
vertex 0.059776 -0.003270 -0.017013
endloop
endfacet
facet normal 0.484610 -0.647058 0.588616
outer loop
vertex 0.058711 -0.011774 -0.020338
vertex 0.052729 -0.014811 -0.018751
vertex 0.055559 -0.016789 -0.023256
endloop
endfacet
facet normal 0.992828 -0.118654 -0.014636
outer loop
vertex 0.059396 -0.006467 -0.016886
vertex 0.058711 -0.011774 -0.020338
vertex 0.059776 -0.003270 -0.017013
endloop
endfacet
facet normal 0.337730 0.305751 -0.890199
outer loop
vertex 0.059776 -0.003270 -0.017013
vertex 0.058711 -0.011774 -0.020338
vertex 0.055559 -0.016789 -0.023256
endloop
endfacet
facet normal 0.015504 0.415220 -0.909589
outer loop
vertex 0.059776 -0.003270 -0.017013
vertex 0.055559 -0.016789 -0.023256
vertex 0.058756 0.002516 -0.014389
endloop
endfacet
facet normal 0.449253 -0.435735 -0.779940
outer loop
vertex -0.038212 -0.009941 -0.003813
vertex -0.030009 -0.019146 0.006054
vertex -0.036894 -0.019235 0.002139
endloop
endfacet
facet normal 0.259439 -0.463364 -0.847340
outer loop
vertex -0.042361 -0.017706 -0.001705
vertex -0.050836 -0.012411 -0.007195
vertex -0.055289 -0.007828 -0.011065
endloop
endfacet
facet normal 0.223700 -0.430481 -0.874439
outer loop
vertex -0.058403 -0.003097 -0.014131
vertex -0.056023 0.016489 -0.023164
vertex -0.050018 0.000571 -0.013792
endloop
endfacet
facet normal 0.070045 -0.512960 -0.855550
outer loop
vertex -0.050634 0.018907 -0.024036
vertex -0.040406 0.018404 -0.022897
vertex -0.037715 0.011449 -0.018507
endloop
endfacet
facet normal -0.025243 -0.540592 -0.840906
outer loop
vertex -0.040406 0.018404 -0.022897
vertex -0.029500 0.014591 -0.020774
vertex -0.037715 0.011449 -0.018507
endloop
endfacet
facet normal 0.080637 -0.640193 -0.763970
outer loop
vertex -0.029500 0.014591 -0.020774
vertex -0.020632 0.011872 -0.017559
vertex -0.034560 0.001375 -0.010233
endloop
endfacet
facet normal 0.112098 -0.664432 -0.738894
outer loop
vertex -0.020632 0.011872 -0.017559
vertex -0.030126 -0.005634 -0.003258
vertex -0.034560 0.001375 -0.010233
endloop
endfacet
facet normal 0.336892 -0.532310 -0.776627
outer loop
vertex -0.030009 -0.019146 0.006054
vertex -0.038212 -0.009941 -0.003813
vertex -0.030126 -0.005634 -0.003258
endloop
endfacet
facet normal 0.026528 -0.629504 -0.776544
outer loop
vertex -0.034560 0.001375 -0.010233
vertex -0.037715 0.011449 -0.018507
vertex -0.029500 0.014591 -0.020774
endloop
endfacet
facet normal 0.273763 -0.448114 -0.851028
outer loop
vertex -0.042361 -0.017706 -0.001705
vertex -0.055289 -0.007828 -0.011065
vertex -0.050018 0.000571 -0.013792
endloop
endfacet
facet normal 0.220959 -0.423854 -0.878365
outer loop
vertex -0.055289 -0.007828 -0.011065
vertex -0.058403 -0.003097 -0.014131
vertex -0.050018 0.000571 -0.013792
endloop
endfacet
facet normal 0.062778 -0.521933 -0.850673
outer loop
vertex -0.050634 0.018907 -0.024036
vertex -0.037715 0.011449 -0.018507
vertex -0.045157 0.004086 -0.014539
endloop
endfacet
facet normal 0.429315 -0.443082 -0.786998
outer loop
vertex -0.036894 -0.019235 0.002139
vertex -0.042361 -0.017706 -0.001705
vertex -0.038212 -0.009941 -0.003813
endloop
endfacet
facet normal 0.342765 -0.544791 -0.765320
outer loop
vertex -0.030126 -0.005634 -0.003258
vertex -0.038212 -0.009941 -0.003813
vertex -0.034560 0.001375 -0.010233
endloop
endfacet
facet normal 0.167842 -0.593781 -0.786927
outer loop
vertex -0.037715 0.011449 -0.018507
vertex -0.034560 0.001375 -0.010233
vertex -0.045157 0.004086 -0.014539
endloop
endfacet
facet normal 0.344690 -0.413058 -0.842954
outer loop
vertex -0.050018 0.000571 -0.013792
vertex -0.038212 -0.009941 -0.003813
vertex -0.042361 -0.017706 -0.001705
endloop
endfacet
facet normal 0.198702 -0.531324 -0.823536
outer loop
vertex -0.038212 -0.009941 -0.003813
vertex -0.045157 0.004086 -0.014539
vertex -0.034560 0.001375 -0.010233
endloop
endfacet
facet normal 0.242511 -0.510658 -0.824874
outer loop
vertex -0.038212 -0.009941 -0.003813
vertex -0.050018 0.000571 -0.013792
vertex -0.045157 0.004086 -0.014539
endloop
endfacet
facet normal 0.209363 -0.471571 -0.856614
outer loop
vertex -0.050634 0.018907 -0.024036
vertex -0.045157 0.004086 -0.014539
vertex -0.050018 0.000571 -0.013792
endloop
endfacet
facet normal 0.076302 -0.484370 -0.871529
outer loop
vertex -0.050634 0.018907 -0.024036
vertex -0.050018 0.000571 -0.013792
vertex -0.056023 0.016489 -0.023164
endloop
endfacet
facet normal 0.200443 -0.366449 -0.908591
outer loop
vertex 0.014645 0.029956 -0.020886
vertex 0.012639 0.018112 -0.016551
vertex 0.011712 0.019662 -0.017381
endloop
endfacet
facet normal 0.591835 -0.363495 -0.719446
outer loop
vertex 0.012639 0.018112 -0.016551
vertex 0.014645 0.029956 -0.020886
vertex 0.018141 0.039364 -0.022763
endloop
endfacet
facet normal 0.976014 0.203583 0.077136
outer loop
vertex 0.018493 0.052451 -0.023364
vertex 0.019520 0.047623 -0.023621
vertex 0.018950 0.050512 -0.024027
endloop
endfacet
facet normal 0.804135 -0.324126 -0.498306
outer loop
vertex 0.013356 0.017677 -0.015113
vertex 0.012639 0.018112 -0.016551
vertex 0.014632 0.026420 -0.018739
endloop
endfacet
facet normal 0.833949 -0.055413 0.549052
outer loop
vertex 0.018141 0.039364 -0.022763
vertex 0.014632 0.026420 -0.018739
vertex 0.012639 0.018112 -0.016551
endloop
endfacet
facet normal 0.099862 -0.119265 -0.987828
outer loop
vertex 0.019520 0.047623 -0.023621
vertex 0.018141 0.039364 -0.022763
vertex 0.018950 0.050512 -0.024027
endloop
endfacet
facet normal 0.610005 0.381127 -0.694720
outer loop
vertex 0.018493 0.052451 -0.023364
vertex 0.018950 0.050512 -0.024027
vertex 0.016489 0.056023 -0.023164
endloop
endfacet
facet normal -0.456796 -0.388840 -0.800088
outer loop
vertex -0.009898 0.037977 -0.003721
vertex -0.018690 0.028502 0.005904
vertex -0.019236 0.036885 0.002142
endloop
endfacet
facet normal -0.459032 -0.263152 -0.848552
outer loop
vertex -0.017703 0.042368 -0.001706
vertex -0.012422 0.050820 -0.007183
vertex -0.007807 0.055301 -0.011070
endloop
endfacet
facet normal -0.431235 -0.218760 -0.875317
outer loop
vertex -0.002966 0.058483 -0.014194
vertex 0.016489 0.056023 -0.023164
vertex 0.001810 0.049676 -0.014346
endloop
endfacet
facet normal -0.525250 -0.058170 -0.848957
outer loop
vertex 0.018950 0.050512 -0.024027
vertex 0.018141 0.039364 -0.022763
vertex 0.008852 0.044251 -0.017351
endloop
endfacet
facet normal -0.575255 0.050898 -0.816389
outer loop
vertex 0.018141 0.039364 -0.022763
vertex 0.014645 0.029956 -0.020886
vertex 0.008805 0.035633 -0.016417
endloop
endfacet
facet normal -0.509384 -0.333243 -0.793396
outer loop
vertex -0.018690 0.028502 0.005904
vertex -0.009898 0.037977 -0.003721
vertex -0.006384 0.030242 -0.002728
endloop
endfacet
facet normal -0.653336 -0.070480 -0.753780
outer loop
vertex 0.014645 0.029956 -0.020886
vertex 0.011712 0.019662 -0.017381
vertex 0.009287 0.023382 -0.015627
endloop
endfacet
facet normal -0.652951 -0.074276 -0.753749
outer loop
vertex 0.009287 0.023382 -0.015627
vertex -0.006384 0.030242 -0.002728
vertex 0.008805 0.035633 -0.016417
endloop
endfacet
facet normal -0.597818 -0.249824 -0.761709
outer loop
vertex 0.008805 0.035633 -0.016417
vertex -0.006384 0.030242 -0.002728
vertex 0.000006 0.037451 -0.010107
endloop
endfacet
facet normal -0.449215 -0.272361 -0.850897
outer loop
vertex -0.017703 0.042368 -0.001706
vertex -0.007807 0.055301 -0.011070
vertex 0.001810 0.049676 -0.014346
endloop
endfacet
facet normal -0.425559 -0.215621 -0.878867
outer loop
vertex -0.007807 0.055301 -0.011070
vertex -0.002966 0.058483 -0.014194
vertex 0.001810 0.049676 -0.014346
endloop
endfacet
facet normal -0.516779 -0.211397 -0.829609
outer loop
vertex 0.008852 0.044251 -0.017351
vertex 0.000006 0.037451 -0.010107
vertex 0.001810 0.049676 -0.014346
endloop
endfacet
facet normal -0.444061 -0.428087 -0.787116
outer loop
vertex -0.019236 0.036885 0.002142
vertex -0.017703 0.042368 -0.001706
vertex -0.009898 0.037977 -0.003721
endloop
endfacet
facet normal -0.522680 -0.337910 -0.782702
outer loop
vertex -0.006384 0.030242 -0.002728
vertex -0.009898 0.037977 -0.003721
vertex 0.000006 0.037451 -0.010107
endloop
endfacet
facet normal -0.650595 -0.074314 -0.755780
outer loop
vertex 0.014645 0.029956 -0.020886
vertex 0.009287 0.023382 -0.015627
vertex 0.008805 0.035633 -0.016417
endloop
endfacet
facet normal -0.592046 -0.083604 -0.801556
outer loop
vertex 0.008805 0.035633 -0.016417
vertex 0.000006 0.037451 -0.010107
vertex 0.008852 0.044251 -0.017351
endloop
endfacet
facet normal -0.413685 -0.349517 -0.840656
outer loop
vertex 0.001810 0.049676 -0.014346
vertex -0.009898 0.037977 -0.003721
vertex -0.017703 0.042368 -0.001706
endloop
endfacet
facet normal -0.538171 -0.204126 -0.817743
outer loop
vertex -0.009898 0.037977 -0.003721
vertex 0.001810 0.049676 -0.014346
vertex 0.000006 0.037451 -0.010107
endloop
endfacet
facet normal -0.535657 -0.088056 -0.839832
outer loop
vertex 0.018141 0.039364 -0.022763
vertex 0.008805 0.035633 -0.016417
vertex 0.008852 0.044251 -0.017351
endloop
endfacet
facet normal -0.481131 -0.145836 -0.864433
outer loop
vertex 0.001810 0.049676 -0.014346
vertex 0.018950 0.050512 -0.024027
vertex 0.008852 0.044251 -0.017351
endloop
endfacet
facet normal -0.487145 -0.081404 -0.869519
outer loop
vertex 0.018950 0.050512 -0.024027
vertex 0.001810 0.049676 -0.014346
vertex 0.016489 0.056023 -0.023164
endloop
endfacet
facet normal 0.098301 0.993765 -0.052604
outer loop
vertex 0.005889 0.059534 -0.016698
vertex 0.011465 0.058777 -0.020584
vertex 0.003270 0.059776 -0.017013
endloop
endfacet
facet normal -0.376960 0.165941 -0.911243
outer loop
vertex 0.003270 0.059776 -0.017013
vertex 0.011465 0.058777 -0.020584
vertex 0.016489 0.056023 -0.023164
endloop
endfacet
facet normal -0.415960 0.024991 -0.909040
outer loop
vertex 0.003270 0.059776 -0.017013
vertex 0.016489 0.056023 -0.023164
vertex -0.002966 0.058483 -0.014194
endloop
endfacet
facet normal 0.060978 0.824998 0.561836
outer loop
vertex -0.001205 0.057614 -0.013109
vertex 0.005889 0.059534 -0.016698
vertex -0.002966 0.058483 -0.014194
endloop
endfacet
facet normal 0.026234 0.885312 0.464258
outer loop
vertex -0.002966 0.058483 -0.014194
vertex 0.005889 0.059534 -0.016698
vertex 0.003270 0.059776 -0.017013
endloop
endfacet
facet normal 0.587641 0.712000 0.384363
outer loop
vertex 0.016489 0.056023 -0.023164
vertex 0.011465 0.058777 -0.020584
vertex 0.012629 0.057058 -0.019181
endloop
endfacet
facet normal 0.456060 0.727528 0.512554
outer loop
vertex 0.005889 0.059534 -0.016698
vertex 0.012629 0.057058 -0.019181
vertex 0.011465 0.058777 -0.020584
endloop
endfacet
facet normal 0.979856 0.044222 0.194746
outer loop
vertex 0.014632 0.026420 -0.018739
vertex 0.011927 0.026423 -0.005130
vertex 0.013309 0.021344 -0.010932
endloop
endfacet
facet normal 0.722167 0.390324 0.571071
outer loop
vertex 0.008433 0.039396 -0.005668
vertex 0.003689 0.034647 0.003577
vertex 0.007817 0.031851 0.000268
endloop
endfacet
facet normal 0.204345 0.636047 0.744101
outer loop
vertex -0.001205 0.057614 -0.013109
vertex 0.000153 0.045545 -0.003165
vertex 0.005889 0.059534 -0.016698
endloop
endfacet
facet normal 0.713881 0.367132 0.596312
outer loop
vertex 0.012629 0.057058 -0.019181
vertex 0.018493 0.052451 -0.023364
vertex 0.016489 0.056023 -0.023164
endloop
endfacet
facet normal 0.939560 -0.123730 0.319246
outer loop
vertex 0.019520 0.047623 -0.023621
vertex 0.014113 0.030240 -0.014443
vertex 0.018141 0.039364 -0.022763
endloop
endfacet
facet normal 0.947502 -0.173340 0.268687
outer loop
vertex 0.018141 0.039364 -0.022763
vertex 0.014113 0.030240 -0.014443
vertex 0.014632 0.026420 -0.018739
endloop
endfacet
facet normal 0.977210 -0.085590 0.194253
outer loop
vertex 0.011927 0.026423 -0.005130
vertex 0.014632 0.026420 -0.018739
vertex 0.014113 0.030240 -0.014443
endloop
endfacet
facet normal 0.943508 0.163266 0.288336
outer loop
vertex 0.011927 0.026423 -0.005130
vertex 0.014113 0.030240 -0.014443
vertex 0.011371 0.032879 -0.006967
endloop
endfacet
facet normal 0.936398 -0.019876 0.350377
outer loop
vertex 0.011371 0.032879 -0.006967
vertex 0.014113 0.030240 -0.014443
vertex 0.013982 0.038599 -0.013620
endloop
endfacet
facet normal 0.842322 0.289099 0.454880
outer loop
vertex 0.007817 0.031851 0.000268
vertex 0.011371 0.032879 -0.006967
vertex 0.008433 0.039396 -0.005668
endloop
endfacet
facet normal 0.886218 -0.031669 0.462184
outer loop
vertex 0.019520 0.047623 -0.023621
vertex 0.013982 0.038599 -0.013620
vertex 0.014113 0.030240 -0.014443
endloop
endfacet
facet normal 0.858538 0.170541 0.483557
outer loop
vertex 0.011371 0.032879 -0.006967
vertex 0.013982 0.038599 -0.013620
vertex 0.012282 0.044261 -0.012599
endloop
endfacet
facet normal 0.772890 0.230627 0.591145
outer loop
vertex 0.012282 0.044261 -0.012599
vertex 0.008433 0.039396 -0.005668
vertex 0.011371 0.032879 -0.006967
endloop
endfacet
facet normal 0.807735 0.139183 0.572881
outer loop
vertex 0.019520 0.047623 -0.023621
vertex 0.012282 0.044261 -0.012599
vertex 0.013982 0.038599 -0.013620
endloop
endfacet
facet normal 0.807167 0.141317 0.573159
outer loop
vertex 0.012282 0.044261 -0.012599
vertex 0.019520 0.047623 -0.023621
vertex 0.018493 0.052451 -0.023364
endloop
endfacet
facet normal 0.701627 0.310787 0.641195
outer loop
vertex 0.012282 0.044261 -0.012599
vertex 0.018493 0.052451 -0.023364
vertex 0.012629 0.057058 -0.019181
endloop
endfacet
facet normal 0.634420 0.368961 0.679249
outer loop
vertex 0.012629 0.057058 -0.019181
vertex 0.005065 0.042476 -0.004195
vertex 0.008433 0.039396 -0.005668
endloop
endfacet
facet normal 0.456160 0.511641 0.728109
outer loop
vertex 0.005889 0.059534 -0.016698
vertex 0.005065 0.042476 -0.004195
vertex 0.012629 0.057058 -0.019181
endloop
endfacet
facet normal 0.193142 0.676714 0.710460
outer loop
vertex 0.000153 0.045545 -0.003165
vertex -0.006743 0.035946 0.007853
vertex -0.001774 0.036237 0.006224
endloop
endfacet
facet normal -0.227706 0.662378 0.713726
outer loop
vertex -0.010326 0.035322 0.008213
vertex -0.016302 0.044351 -0.002073
vertex -0.013933 0.033772 0.008501
endloop
endfacet
facet normal -0.196169 0.677610 0.708776
outer loop
vertex -0.012422 0.050820 -0.007183
vertex -0.016302 0.044351 -0.002073
vertex -0.010326 0.035322 0.008213
endloop
endfacet
facet normal -0.077116 0.697416 0.712506
outer loop
vertex -0.007807 0.055301 -0.011070
vertex -0.012422 0.050820 -0.007183
vertex -0.010326 0.035322 0.008213
endloop
endfacet
facet normal -0.022030 0.695734 0.717961
outer loop
vertex -0.007807 0.055301 -0.011070
vertex -0.010326 0.035322 0.008213
vertex -0.001205 0.057614 -0.013109
endloop
endfacet
facet normal 0.989588 -0.102616 0.100925
outer loop
vertex 0.013309 0.021344 -0.010932
vertex 0.013356 0.017677 -0.015113
vertex 0.014632 0.026420 -0.018739
endloop
endfacet
facet normal 0.866868 0.204064 0.454860
outer loop
vertex 0.011371 0.032879 -0.006967
vertex 0.007817 0.031851 0.000268
vertex 0.011927 0.026423 -0.005130
endloop
endfacet
facet normal 0.731575 0.296052 0.614127
outer loop
vertex 0.012629 0.057058 -0.019181
vertex 0.008433 0.039396 -0.005668
vertex 0.012282 0.044261 -0.012599
endloop
endfacet
facet normal 0.672945 0.458202 0.580686
outer loop
vertex 0.003689 0.034647 0.003577
vertex 0.008433 0.039396 -0.005668
vertex 0.005065 0.042476 -0.004195
endloop
endfacet
facet normal 0.492979 0.567798 0.659225
outer loop
vertex 0.003689 0.034647 0.003577
vertex 0.005065 0.042476 -0.004195
vertex 0.000153 0.045545 -0.003165
endloop
endfacet
facet normal 0.486857 0.568333 0.663300
outer loop
vertex -0.001774 0.036237 0.006224
vertex 0.003689 0.034647 0.003577
vertex 0.000153 0.045545 -0.003165
endloop
endfacet
facet normal -0.474803 0.566696 0.673363
outer loop
vertex -0.016302 0.044351 -0.002073
vertex -0.019236 0.036885 0.002142
vertex -0.013933 0.033772 0.008501
endloop
endfacet
facet normal 0.468645 0.507392 0.723135
outer loop
vertex 0.000153 0.045545 -0.003165
vertex 0.005065 0.042476 -0.004195
vertex 0.005889 0.059534 -0.016698
endloop
endfacet
facet normal 0.282440 0.628713 0.724532
outer loop
vertex -0.006743 0.035946 0.007853
vertex 0.000153 0.045545 -0.003165
vertex -0.001205 0.057614 -0.013109
endloop
endfacet
facet normal -0.050452 0.701033 0.711342
outer loop
vertex -0.010326 0.035322 0.008213
vertex -0.006743 0.035946 0.007853
vertex -0.001205 0.057614 -0.013109
endloop
endfacet
facet normal -0.050644 0.737832 0.673082
outer loop
vertex -0.007807 0.055301 -0.011070
vertex -0.001205 0.057614 -0.013109
vertex -0.002966 0.058483 -0.014194
endloop
endfacet
facet normal -0.471401 0.570614 0.672444
outer loop
vertex -0.018076 0.031102 0.007862
vertex -0.013933 0.033772 0.008501
vertex -0.019236 0.036885 0.002142
endloop
endfacet
facet normal -0.796250 0.588450 0.140398
outer loop
vertex -0.012422 0.050820 -0.007183
vertex -0.017703 0.042368 -0.001706
vertex -0.016302 0.044351 -0.002073
endloop
endfacet
facet normal -0.815124 0.316425 0.485231
outer loop
vertex -0.018076 0.031102 0.007862
vertex -0.019236 0.036885 0.002142
vertex -0.019322 0.029093 0.007079
endloop
endfacet
facet normal -0.900849 -0.225261 -0.371119
outer loop
vertex -0.019236 0.036885 0.002142
vertex -0.018690 0.028502 0.005904
vertex -0.019322 0.029093 0.007079
endloop
endfacet
facet normal -0.642799 0.552280 0.530845
outer loop
vertex -0.019236 0.036885 0.002142
vertex -0.016302 0.044351 -0.002073
vertex -0.017703 0.042368 -0.001706
endloop
endfacet
facet normal -0.903281 -0.000714 0.429049
outer loop
vertex -0.058403 -0.003097 -0.014131
vertex -0.058362 0.000952 -0.014039
vertex -0.059776 0.003270 -0.017013
endloop
endfacet
facet normal -0.856295 0.121507 0.501991
outer loop
vertex -0.058362 0.000952 -0.014039
vertex -0.059387 0.007214 -0.017302
vertex -0.059776 0.003270 -0.017013
endloop
endfacet
facet normal -0.712000 0.587641 0.384362
outer loop
vertex -0.056023 0.016489 -0.023164
vertex -0.058777 0.011465 -0.020584
vertex -0.057058 0.012629 -0.019181
endloop
endfacet
facet normal -0.726486 0.482233 0.489561
outer loop
vertex -0.059387 0.007214 -0.017302
vertex -0.057058 0.012629 -0.019181
vertex -0.058777 0.011465 -0.020584
endloop
endfacet
facet normal -0.683180 -0.129417 -0.718691
outer loop
vertex -0.013179 -0.017747 -0.015762
vertex -0.014084 -0.014807 -0.015430
vertex -0.011117 -0.016394 -0.017966
endloop
endfacet
facet normal -0.708939 -0.329450 -0.623594
outer loop
vertex -0.010536 -0.014812 -0.019462
vertex -0.011117 -0.016394 -0.017966
vertex -0.014084 -0.014807 -0.015430
endloop
endfacet
facet normal -0.307778 -0.591550 -0.745212
outer loop
vertex -0.008676 -0.016619 -0.018795
vertex -0.011117 -0.016394 -0.017966
vertex -0.010536 -0.014812 -0.019462
endloop
endfacet
facet normal -0.328871 -0.110125 -0.937932
outer loop
vertex -0.011704 -0.019686 -0.017373
vertex -0.011117 -0.016394 -0.017966
vertex -0.008676 -0.016619 -0.018795
endloop
endfacet
facet normal -0.732662 0.008258 -0.680543
outer loop
vertex -0.011704 -0.019686 -0.017373
vertex -0.013179 -0.017747 -0.015762
vertex -0.011117 -0.016394 -0.017966
endloop
endfacet
facet normal -0.935380 -0.261164 -0.238449
outer loop
vertex -0.014084 -0.014807 -0.015430
vertex -0.013179 -0.017747 -0.015762
vertex -0.014526 -0.019542 -0.008512
endloop
endfacet
facet normal -0.931756 -0.272040 -0.240469
outer loop
vertex -0.014526 -0.019542 -0.008512
vertex -0.013179 -0.017747 -0.015762
vertex -0.013310 -0.021333 -0.011196
endloop
endfacet
facet normal 0.319054 -0.838053 0.442575
outer loop
vertex 0.010170 -0.035350 0.008225
vertex 0.013933 -0.033772 0.008501
vertex 0.006333 -0.035067 0.011526
endloop
endfacet
facet normal 0.126262 -0.965109 0.229395
outer loop
vertex 0.006433 -0.035913 0.007913
vertex 0.010170 -0.035350 0.008225
vertex 0.006333 -0.035067 0.011526
endloop
endfacet
facet normal -0.534236 -0.845335 0.000702
outer loop
vertex -0.003941 -0.033409 0.006063
vertex -0.001741 -0.034795 0.010699
vertex -0.007888 -0.030915 0.004896
endloop
endfacet
facet normal -0.436223 -0.853885 0.283885
outer loop
vertex 0.001212 -0.035019 0.009139
vertex -0.003941 -0.033409 0.006063
vertex 0.001678 -0.036242 0.006175
endloop
endfacet
facet normal -0.758699 -0.644357 0.095813
outer loop
vertex -0.008429 -0.030963 0.000294
vertex -0.007888 -0.030915 0.004896
vertex -0.012854 -0.025838 -0.000282
endloop
endfacet
facet normal -0.548014 -0.833273 0.073052
outer loop
vertex -0.008429 -0.030963 0.000294
vertex -0.003941 -0.033409 0.006063
vertex -0.007888 -0.030915 0.004896
endloop
endfacet
facet normal -0.744541 -0.656519 -0.121003
outer loop
vertex -0.012143 -0.025647 -0.005693
vertex -0.008429 -0.030963 0.000294
vertex -0.012854 -0.025838 -0.000282
endloop
endfacet
facet normal -0.900953 -0.413043 -0.132962
outer loop
vertex -0.012854 -0.025838 -0.000282
vertex -0.014526 -0.019542 -0.008512
vertex -0.012143 -0.025647 -0.005693
endloop
endfacet
facet normal -0.901081 -0.412899 -0.132542
outer loop
vertex -0.014526 -0.019542 -0.008512
vertex -0.013310 -0.021333 -0.011196
vertex -0.012143 -0.025647 -0.005693
endloop
endfacet
facet normal 0.435648 -0.872592 0.220895
outer loop
vertex 0.011337 -0.034083 0.012390
vertex 0.013933 -0.033772 0.008501
vertex 0.017121 -0.031269 0.012098
endloop
endfacet
facet normal 0.185297 -0.981650 0.045048
outer loop
vertex 0.011337 -0.034083 0.012390
vertex 0.006333 -0.035067 0.011526
vertex 0.013933 -0.033772 0.008501
endloop
endfacet
facet normal -0.040446 -0.996962 0.066568
outer loop
vertex 0.006333 -0.035067 0.011526
vertex -0.001741 -0.034795 0.010699
vertex 0.001212 -0.035019 0.009139
endloop
endfacet
facet normal -0.179993 -0.962615 -0.202425
outer loop
vertex -0.003941 -0.033409 0.006063
vertex 0.001212 -0.035019 0.009139
vertex -0.001741 -0.034795 0.010699
endloop
endfacet
facet normal -0.113329 -0.968102 0.223463
outer loop
vertex 0.006333 -0.035067 0.011526
vertex 0.001212 -0.035019 0.009139
vertex 0.006433 -0.035913 0.007913
endloop
endfacet
facet normal -0.071514 -0.925936 0.370849
outer loop
vertex 0.006433 -0.035913 0.007913
vertex 0.001212 -0.035019 0.009139
vertex 0.001678 -0.036242 0.006175
endloop
endfacet
facet normal -0.419973 -0.817291 0.394536
outer loop
vertex -0.003567 -0.034987 0.003192
vertex 0.001678 -0.036242 0.006175
vertex -0.003941 -0.033409 0.006063
endloop
endfacet
facet normal -0.704214 -0.656918 0.269335
outer loop
vertex -0.003941 -0.033409 0.006063
vertex -0.008429 -0.030963 0.000294
vertex -0.003567 -0.034987 0.003192
endloop
endfacet
facet normal -0.905635 -0.236020 0.352307
outer loop
vertex -0.008429 -0.030963 0.000294
vertex -0.012143 -0.025647 -0.005693
vertex -0.009781 -0.030545 -0.002901
endloop
endfacet
facet normal 0.670875 -0.737025 -0.081981
outer loop
vertex 0.013933 -0.033772 0.008501
vertex 0.020012 -0.028463 0.010526
vertex 0.017121 -0.031269 0.012098
endloop
endfacet
facet normal 0.955212 -0.210885 -0.207601
outer loop
vertex 0.020012 -0.028463 0.010526
vertex 0.019540 -0.028639 0.008532
vertex 0.019624 -0.025408 0.005636
endloop
endfacet
facet normal 0.866575 -0.471475 -0.163584
outer loop
vertex 0.018072 -0.031106 0.007863
vertex 0.019540 -0.028639 0.008532
vertex 0.020012 -0.028463 0.010526
endloop
endfacet
facet normal 0.544134 -0.759290 0.356928
outer loop
vertex 0.020012 -0.028463 0.010526
vertex 0.013933 -0.033772 0.008501
vertex 0.018072 -0.031106 0.007863
endloop
endfacet
facet normal 0.777786 -0.283374 -0.561025
outer loop
vertex 0.018689 -0.028502 0.005903
vertex 0.019624 -0.025408 0.005636
vertex 0.019321 -0.029104 0.007083
endloop
endfacet
facet normal 0.986281 -0.123659 -0.109358
outer loop
vertex 0.019321 -0.029104 0.007083
vertex 0.019624 -0.025408 0.005636
vertex 0.019540 -0.028639 0.008532
endloop
endfacet
facet normal 0.854233 -0.518564 0.037116
outer loop
vertex 0.018072 -0.031106 0.007863
vertex 0.019321 -0.029104 0.007083
vertex 0.019540 -0.028639 0.008532
endloop
endfacet
facet normal 0.193595 -0.563582 -0.803054
outer loop
vertex -0.011704 -0.019686 -0.017373
vertex -0.008676 -0.016619 -0.018795
vertex -0.006037 -0.019358 -0.016237
endloop
endfacet
facet normal 0.508238 -0.332677 -0.794368
outer loop
vertex 0.006381 -0.030241 -0.002730
vertex -0.009287 -0.023382 -0.015627
vertex -0.006220 -0.023097 -0.013785
endloop
endfacet
facet normal 0.548843 -0.260799 -0.794201
outer loop
vertex 0.006381 -0.030241 -0.002730
vertex -0.006220 -0.023097 -0.013785
vertex 0.010371 -0.026608 -0.001166
endloop
endfacet
facet normal 0.594618 -0.245708 -0.765544
outer loop
vertex 0.018689 -0.028502 0.005903
vertex 0.010371 -0.026608 -0.001166
vertex 0.019624 -0.025408 0.005636
endloop
endfacet
facet normal 0.195031 -0.544645 -0.815675
outer loop
vertex -0.006220 -0.023097 -0.013785
vertex -0.011704 -0.019686 -0.017373
vertex -0.006037 -0.019358 -0.016237
endloop
endfacet
facet normal 0.355011 -0.524908 -0.773589
outer loop
vertex -0.006220 -0.023097 -0.013785
vertex -0.006037 -0.019358 -0.016237
vertex 0.000834 -0.023246 -0.010446
endloop
endfacet
facet normal 0.518335 -0.063964 -0.852782
outer loop
vertex -0.011704 -0.019686 -0.017373
vertex -0.006220 -0.023097 -0.013785
vertex -0.009287 -0.023382 -0.015627
endloop
endfacet
facet normal 0.236938 -0.809722 -0.536852
outer loop
vertex 0.000834 -0.023246 -0.010446
vertex 0.010371 -0.026608 -0.001166
vertex -0.006220 -0.023097 -0.013785
endloop
endfacet
facet normal 0.575375 -0.305164 -0.758827
outer loop
vertex 0.006381 -0.030241 -0.002730
vertex 0.010371 -0.026608 -0.001166
vertex 0.018689 -0.028502 0.005903
endloop
endfacet
facet normal -0.836151 -0.541643 0.086455
outer loop
vertex -0.029674 -0.019233 0.011761
vertex -0.033939 -0.012458 0.012958
vertex -0.031732 -0.016363 0.009836
endloop
endfacet
facet normal 0.090293 -0.870043 -0.484636
outer loop
vertex -0.030009 -0.019146 0.006054
vertex -0.026270 -0.017964 0.004628
vertex -0.027754 -0.019856 0.007750
endloop
endfacet
facet normal -0.154860 -0.810408 -0.565029
outer loop
vertex -0.026584 -0.021304 0.009505
vertex -0.027754 -0.019856 0.007750
vertex -0.026270 -0.017964 0.004628
endloop
endfacet
facet normal -0.638433 -0.745968 -0.189566
outer loop
vertex -0.029674 -0.019233 0.011761
vertex -0.027754 -0.019856 0.007750
vertex -0.026584 -0.021304 0.009505
endloop
endfacet
facet normal -0.488460 -0.866957 -0.098959
outer loop
vertex -0.027754 -0.019856 0.007750
vertex -0.029674 -0.019233 0.011761
vertex -0.030442 -0.018388 0.008149
endloop
endfacet
facet normal -0.825541 -0.562638 0.043818
outer loop
vertex -0.031732 -0.016363 0.009836
vertex -0.030442 -0.018388 0.008149
vertex -0.029674 -0.019233 0.011761
endloop
endfacet
facet normal -0.441659 -0.868924 0.223404
outer loop
vertex -0.027754 -0.019856 0.007750
vertex -0.030442 -0.018388 0.008149
vertex -0.030009 -0.019146 0.006054
endloop
endfacet
facet normal 0.833118 0.543023 0.105078
outer loop
vertex 0.029674 0.019233 0.011761
vertex 0.033939 0.012458 0.012958
vertex 0.033076 0.014368 0.009928
endloop
endfacet
facet normal 0.318865 0.808403 -0.494783
outer loop
vertex 0.025847 0.019206 0.005595
vertex 0.026575 0.021309 0.009500
vertex 0.028528 0.019390 0.007624
endloop
endfacet
facet normal 0.146493 0.948835 -0.279736
outer loop
vertex 0.029169 0.018746 0.005776
vertex 0.025847 0.019206 0.005595
vertex 0.028528 0.019390 0.007624
endloop
endfacet
facet normal 0.620608 0.771055 -0.142547
outer loop
vertex 0.029674 0.019233 0.011761
vertex 0.028528 0.019390 0.007624
vertex 0.026575 0.021309 0.009500
endloop
endfacet
facet normal 0.441459 0.892928 -0.088279
outer loop
vertex 0.028528 0.019390 0.007624
vertex 0.029674 0.019233 0.011761
vertex 0.030616 0.018390 0.007945
endloop
endfacet
facet normal 0.831149 0.549721 0.083658
outer loop
vertex 0.033076 0.014368 0.009928
vertex 0.030616 0.018390 0.007945
vertex 0.029674 0.019233 0.011761
endloop
endfacet
facet normal 0.496838 0.168066 -0.851414
outer loop
vertex 0.019045 -0.010652 -0.017554
vertex 0.016632 -0.009076 -0.018651
vertex 0.019172 -0.005603 -0.016483
endloop
endfacet
facet normal 0.402525 0.363535 -0.840128
outer loop
vertex 0.023544 -0.006808 -0.013735
vertex 0.020349 -0.012152 -0.017578
vertex 0.019045 -0.010652 -0.017554
endloop
endfacet
facet normal 0.251079 0.542013 -0.801986
outer loop
vertex 0.030227 0.006106 -0.002915
vertex 0.023544 -0.006808 -0.013735
vertex 0.026717 0.009781 -0.001530
endloop
endfacet
facet normal 0.126575 0.605588 -0.785647
outer loop
vertex 0.026717 0.009781 -0.001530
vertex 0.025847 0.019206 0.005595
vertex 0.029169 0.018746 0.005776
endloop
endfacet
facet normal 0.740902 0.121454 -0.660541
outer loop
vertex 0.019172 -0.005603 -0.016483
vertex 0.022026 -0.001870 -0.012596
vertex 0.019045 -0.010652 -0.017554
endloop
endfacet
facet normal 0.433447 0.326980 -0.839767
outer loop
vertex 0.023544 -0.006808 -0.013735
vertex 0.019045 -0.010652 -0.017554
vertex 0.022026 -0.001870 -0.012596
endloop
endfacet
facet normal 0.638561 0.353980 -0.683329
outer loop
vertex 0.022026 -0.001870 -0.012596
vertex 0.024945 0.004640 -0.006495
vertex 0.023544 -0.006808 -0.013735
endloop
endfacet
facet normal 0.807407 0.241595 -0.538262
outer loop
vertex 0.026717 0.009781 -0.001530
vertex 0.023544 -0.006808 -0.013735
vertex 0.024945 0.004640 -0.006495
endloop
endfacet
facet normal 0.278271 0.559869 -0.780456
outer loop
vertex 0.030227 0.006106 -0.002915
vertex 0.026717 0.009781 -0.001530
vertex 0.029169 0.018746 0.005776
endloop
endfacet
facet normal 0.163571 -0.727166 -0.666689
outer loop
vertex 0.017609 -0.013247 -0.015626
vertex 0.014814 -0.014149 -0.015328
vertex 0.016403 -0.012147 -0.017122
endloop
endfacet
facet normal -0.114384 -0.083489 -0.989922
outer loop
vertex 0.016403 -0.012147 -0.017122
vertex 0.019045 -0.010652 -0.017554
vertex 0.020349 -0.012152 -0.017578
endloop
endfacet
facet normal 0.148504 -0.722685 -0.675035
outer loop
vertex 0.015266 -0.010863 -0.018747
vertex 0.016403 -0.012147 -0.017122
vertex 0.014814 -0.014149 -0.015328
endloop
endfacet
facet normal 0.259116 -0.661283 -0.703963
outer loop
vertex 0.019045 -0.010652 -0.017554
vertex 0.016403 -0.012147 -0.017122
vertex 0.015266 -0.010863 -0.018747
endloop
endfacet
facet normal 0.305188 -0.183312 -0.934482
outer loop
vertex 0.015266 -0.010863 -0.018747
vertex 0.016632 -0.009076 -0.018651
vertex 0.019045 -0.010652 -0.017554
endloop
endfacet
facet normal -0.065447 -0.828279 -0.556480
outer loop
vertex 0.020349 -0.012152 -0.017578
vertex 0.017609 -0.013247 -0.015626
vertex 0.016403 -0.012147 -0.017122
endloop
endfacet
facet normal 0.274381 -0.930720 -0.241818
outer loop
vertex 0.014814 -0.014149 -0.015328
vertex 0.017609 -0.013247 -0.015626
vertex 0.019542 -0.014526 -0.008512
endloop
endfacet
facet normal 0.268889 -0.932619 -0.240667
outer loop
vertex 0.019542 -0.014526 -0.008512
vertex 0.017609 -0.013247 -0.015626
vertex 0.021331 -0.013313 -0.011214
endloop
endfacet
facet normal 0.967829 0.204305 -0.146857
outer loop
vertex 0.035075 0.006094 0.011591
vertex 0.033076 0.014368 0.009928
vertex 0.033939 0.012458 0.012958
endloop
endfacet
facet normal 0.713305 0.608139 0.348371
outer loop
vertex 0.033076 0.014368 0.009928
vertex 0.034068 0.014497 0.007672
vertex 0.030616 0.018390 0.007945
endloop
endfacet
facet normal 0.865411 0.304655 0.397804
outer loop
vertex 0.033076 0.014368 0.009928
vertex 0.035356 0.010118 0.008222
vertex 0.034068 0.014497 0.007672
endloop
endfacet
facet normal 0.858962 0.292058 0.420578
outer loop
vertex 0.035356 0.010118 0.008222
vertex 0.033076 0.014368 0.009928
vertex 0.035075 0.006094 0.011591
endloop
endfacet
facet normal 0.964608 0.126338 0.231452
outer loop
vertex 0.035913 0.006433 0.007913
vertex 0.035356 0.010118 0.008222
vertex 0.035075 0.006094 0.011591
endloop
endfacet
facet normal 0.845335 -0.534236 0.000705
outer loop
vertex 0.033409 -0.003941 0.006063
vertex 0.034795 -0.001741 0.010699
vertex 0.030915 -0.007888 0.004896
endloop
endfacet
facet normal 0.853885 -0.436223 0.283883
outer loop
vertex 0.035019 0.001212 0.009139
vertex 0.033409 -0.003941 0.006063
vertex 0.036242 0.001678 0.006175
endloop
endfacet
facet normal 0.644358 -0.758698 0.095814
outer loop
vertex 0.030963 -0.008429 0.000294
vertex 0.030915 -0.007888 0.004896
vertex 0.025838 -0.012854 -0.000282
endloop
endfacet
facet normal 0.833274 -0.548013 0.073054
outer loop
vertex 0.030963 -0.008429 0.000294
vertex 0.033409 -0.003941 0.006063
vertex 0.030915 -0.007888 0.004896
endloop
endfacet
facet normal 0.656518 -0.744541 -0.121003
outer loop
vertex 0.025647 -0.012143 -0.005693
vertex 0.030963 -0.008429 0.000294
vertex 0.025838 -0.012854 -0.000282
endloop
endfacet
facet normal 0.413042 -0.900954 -0.132961
outer loop
vertex 0.025838 -0.012854 -0.000282
vertex 0.019542 -0.014526 -0.008512
vertex 0.025647 -0.012143 -0.005693
endloop
endfacet
facet normal 0.412551 -0.901389 -0.131530
outer loop
vertex 0.019542 -0.014526 -0.008512
vertex 0.021331 -0.013313 -0.011214
vertex 0.025647 -0.012143 -0.005693
endloop
endfacet
facet normal 0.997143 -0.042720 0.062291
outer loop
vertex 0.035075 0.006094 0.011591
vertex 0.034795 -0.001741 0.010699
vertex 0.035019 0.001212 0.009139
endloop
endfacet
facet normal 0.962615 -0.179994 -0.202424
outer loop
vertex 0.033409 -0.003941 0.006063
vertex 0.035019 0.001212 0.009139
vertex 0.034795 -0.001741 0.010699
endloop
endfacet
facet normal 0.970607 -0.116819 0.210419
outer loop
vertex 0.035075 0.006094 0.011591
vertex 0.035019 0.001212 0.009139
vertex 0.035913 0.006433 0.007913
endloop
endfacet
facet normal 0.925936 -0.071515 0.370848
outer loop
vertex 0.035913 0.006433 0.007913
vertex 0.035019 0.001212 0.009139
vertex 0.036242 0.001678 0.006175
endloop
endfacet
facet normal 0.817291 -0.419973 0.394536
outer loop
vertex 0.034987 -0.003567 0.003192
vertex 0.036242 0.001678 0.006175
vertex 0.033409 -0.003941 0.006063
endloop
endfacet
facet normal 0.656918 -0.704214 0.269334
outer loop
vertex 0.033409 -0.003941 0.006063
vertex 0.030963 -0.008429 0.000294
vertex 0.034987 -0.003567 0.003192
endloop
endfacet
facet normal 0.236021 -0.905634 0.352308
outer loop
vertex 0.030963 -0.008429 0.000294
vertex 0.025647 -0.012143 -0.005693
vertex 0.030545 -0.009781 -0.002901
endloop
endfacet
facet normal -0.811841 0.037522 -0.582672
outer loop
vertex -0.022026 0.001870 -0.012596
vertex -0.017879 0.009367 -0.017891
vertex -0.017505 0.006724 -0.018582
endloop
endfacet
facet normal -0.561875 -0.179110 -0.807599
outer loop
vertex -0.023362 0.005711 -0.013265
vertex -0.018945 0.010941 -0.017498
vertex -0.017879 0.009367 -0.017891
endloop
endfacet
facet normal -0.766215 -0.102682 -0.634327
outer loop
vertex -0.030126 -0.005634 -0.003258
vertex -0.020632 0.011872 -0.017559
vertex -0.023362 0.005711 -0.013265
endloop
endfacet
facet normal -0.278990 -0.536315 -0.796575
outer loop
vertex -0.030126 -0.005634 -0.003258
vertex -0.023362 0.005711 -0.013265
vertex -0.026509 -0.009854 -0.001683
endloop
endfacet
facet normal -0.483270 -0.310736 -0.818470
outer loop
vertex -0.023362 0.005711 -0.013265
vertex -0.017879 0.009367 -0.017891
vertex -0.022026 0.001870 -0.012596
endloop
endfacet
facet normal -0.649545 -0.344075 -0.678014
outer loop
vertex -0.022026 0.001870 -0.012596
vertex -0.024945 -0.004640 -0.006495
vertex -0.023362 0.005711 -0.013265
endloop
endfacet
facet normal -0.863635 -0.176687 -0.472139
outer loop
vertex -0.026509 -0.009854 -0.001683
vertex -0.023362 0.005711 -0.013265
vertex -0.024945 -0.004640 -0.006495
endloop
endfacet
facet normal -0.235943 -0.483135 -0.843156
outer loop
vertex -0.018945 0.010941 -0.017498
vertex -0.023362 0.005711 -0.013265
vertex -0.020632 0.011872 -0.017559
endloop
endfacet
facet normal -0.358193 -0.579974 -0.731661
outer loop
vertex -0.030126 -0.005634 -0.003258
vertex -0.026509 -0.009854 -0.001683
vertex -0.026270 -0.017964 0.004628
endloop
endfacet
facet normal -0.132947 -0.563195 -0.815559
outer loop
vertex -0.030009 -0.019146 0.006054
vertex -0.030126 -0.005634 -0.003258
vertex -0.026270 -0.017964 0.004628
endloop
endfacet
facet normal -0.244288 0.878342 -0.410900
outer loop
vertex -0.014814 0.014149 -0.015329
vertex -0.018310 0.012551 -0.016664
vertex -0.017768 0.013354 -0.015272
endloop
endfacet
facet normal -0.031362 0.680672 -0.731917
outer loop
vertex -0.018310 0.012551 -0.016664
vertex -0.014814 0.014149 -0.015329
vertex -0.016403 0.012147 -0.017122
endloop
endfacet
facet normal -0.409349 0.176100 -0.895222
outer loop
vertex -0.015243 0.010798 -0.018815
vertex -0.017505 0.006724 -0.018582
vertex -0.017879 0.009367 -0.017891
endloop
endfacet
facet normal 0.095243 0.107303 -0.989654
outer loop
vertex -0.016403 0.012147 -0.017122
vertex -0.018945 0.010941 -0.017498
vertex -0.020632 0.011872 -0.017559
endloop
endfacet
facet normal -0.146715 0.722138 -0.676012
outer loop
vertex -0.015243 0.010798 -0.018815
vertex -0.016403 0.012147 -0.017122
vertex -0.014814 0.014149 -0.015329
endloop
endfacet
facet normal -0.221222 0.683113 -0.696001
outer loop
vertex -0.018945 0.010941 -0.017498
vertex -0.016403 0.012147 -0.017122
vertex -0.015243 0.010798 -0.018815
endloop
endfacet
facet normal -0.334809 0.008412 -0.942249
outer loop
vertex -0.015243 0.010798 -0.018815
vertex -0.017879 0.009367 -0.017891
vertex -0.018945 0.010941 -0.017498
endloop
endfacet
facet normal 0.014334 0.778188 -0.627867
outer loop
vertex -0.020632 0.011872 -0.017559
vertex -0.018310 0.012551 -0.016664
vertex -0.016403 0.012147 -0.017122
endloop
endfacet
facet normal -0.257296 0.939878 -0.224562
outer loop
vertex -0.014814 0.014149 -0.015329
vertex -0.017768 0.013354 -0.015272
vertex -0.019877 0.014490 -0.008100
endloop
endfacet
facet normal -0.324028 0.915034 -0.240247
outer loop
vertex -0.019877 0.014490 -0.008100
vertex -0.017768 0.013354 -0.015272
vertex -0.022540 0.013141 -0.009647
endloop
endfacet
facet normal -0.879259 -0.475597 -0.026657
outer loop
vertex -0.031732 -0.016363 0.009836
vertex -0.033939 -0.012458 0.012958
vertex -0.033841 -0.012465 0.009851
endloop
endfacet
facet normal -0.982818 -0.182016 -0.030656
outer loop
vertex -0.035075 -0.006094 0.011591
vertex -0.033841 -0.012465 0.009851
vertex -0.033939 -0.012458 0.012958
endloop
endfacet
facet normal -0.815307 -0.575175 0.066692
outer loop
vertex -0.031732 -0.016363 0.009836
vertex -0.034969 -0.011951 0.008315
vertex -0.030442 -0.018388 0.008149
endloop
endfacet
facet normal -0.790446 -0.429329 0.436889
outer loop
vertex -0.033841 -0.012465 0.009851
vertex -0.034969 -0.011951 0.008315
vertex -0.031732 -0.016363 0.009836
endloop
endfacet
facet normal -0.814596 -0.294287 0.499828
outer loop
vertex -0.034969 -0.011951 0.008315
vertex -0.033841 -0.012465 0.009851
vertex -0.035075 -0.006094 0.011591
endloop
endfacet
facet normal -0.955602 -0.156825 0.249461
outer loop
vertex -0.035947 -0.006735 0.007850
vertex -0.034969 -0.011951 0.008315
vertex -0.035075 -0.006094 0.011591
endloop
endfacet
facet normal -0.845043 0.534691 0.002626
outer loop
vertex -0.033404 0.003964 0.005923
vertex -0.034795 0.001741 0.010699
vertex -0.030593 0.008412 0.004661
endloop
endfacet
facet normal -0.856579 0.437411 0.273759
outer loop
vertex -0.035019 -0.001212 0.009139
vertex -0.033404 0.003964 0.005923
vertex -0.036237 -0.001774 0.006224
endloop
endfacet
facet normal -0.553297 0.830004 0.070391
outer loop
vertex -0.030593 0.008412 0.004661
vertex -0.024474 0.013100 -0.002514
vertex -0.028492 0.010200 0.000097
endloop
endfacet
facet normal -0.814073 0.559022 0.157414
outer loop
vertex -0.031851 0.007817 0.000268
vertex -0.033404 0.003964 0.005923
vertex -0.030593 0.008412 0.004661
endloop
endfacet
facet normal -0.550654 0.831278 0.075874
outer loop
vertex -0.026902 0.011704 -0.004849
vertex -0.028492 0.010200 0.000097
vertex -0.024474 0.013100 -0.002514
endloop
endfacet
facet normal -0.575319 0.815488 0.063142
outer loop
vertex -0.026902 0.011704 -0.004849
vertex -0.031851 0.007817 0.000268
vertex -0.028492 0.010200 0.000097
endloop
endfacet
facet normal -0.404926 0.909299 -0.095976
outer loop
vertex -0.019877 0.014490 -0.008100
vertex -0.022540 0.013141 -0.009647
vertex -0.026902 0.011704 -0.004849
endloop
endfacet
facet normal -0.997143 0.042720 0.062292
outer loop
vertex -0.035075 -0.006094 0.011591
vertex -0.034795 0.001741 0.010699
vertex -0.035019 -0.001212 0.009139
endloop
endfacet
facet normal -0.963930 0.177790 -0.198065
outer loop
vertex -0.033404 0.003964 0.005923
vertex -0.035019 -0.001212 0.009139
vertex -0.034795 0.001741 0.010699
endloop
endfacet
facet normal -0.971641 0.114937 0.206647
outer loop
vertex -0.035075 -0.006094 0.011591
vertex -0.035019 -0.001212 0.009139
vertex -0.035947 -0.006735 0.007850
endloop
endfacet
facet normal -0.925121 0.068191 0.373499
outer loop
vertex -0.035947 -0.006735 0.007850
vertex -0.035019 -0.001212 0.009139
vertex -0.036237 -0.001774 0.006224
endloop
endfacet
facet normal -0.819475 0.424906 0.384598
outer loop
vertex -0.034647 0.003689 0.003577
vertex -0.036237 -0.001774 0.006224
vertex -0.033404 0.003964 0.005923
endloop
endfacet
facet normal -0.575915 0.815699 0.054379
outer loop
vertex -0.030593 0.008412 0.004661
vertex -0.028492 0.010200 0.000097
vertex -0.031851 0.007817 0.000268
endloop
endfacet
facet normal -0.676455 0.681684 0.278776
outer loop
vertex -0.033404 0.003964 0.005923
vertex -0.031851 0.007817 0.000268
vertex -0.034647 0.003689 0.003577
endloop
endfacet
facet normal -0.411005 0.904584 -0.113150
outer loop
vertex -0.024474 0.013100 -0.002514
vertex -0.019877 0.014490 -0.008100
vertex -0.026902 0.011704 -0.004849
endloop
endfacet
facet normal -0.670875 0.737025 -0.081980
outer loop
vertex -0.013933 0.033772 0.008501
vertex -0.020012 0.028463 0.010526
vertex -0.017121 0.031269 0.012098
endloop
endfacet
facet normal -0.955131 0.211117 -0.207739
outer loop
vertex -0.020012 0.028463 0.010526
vertex -0.019540 0.028640 0.008532
vertex -0.019624 0.025408 0.005636
endloop
endfacet
facet normal -0.866975 0.470644 -0.163855
outer loop
vertex -0.018076 0.031102 0.007862
vertex -0.019540 0.028640 0.008532
vertex -0.020012 0.028463 0.010526
endloop
endfacet
facet normal -0.544251 0.759325 0.356675
outer loop
vertex -0.020012 0.028463 0.010526
vertex -0.013933 0.033772 0.008501
vertex -0.018076 0.031102 0.007862
endloop
endfacet
facet normal -0.777945 0.283352 -0.560816
outer loop
vertex -0.018690 0.028502 0.005904
vertex -0.019624 0.025408 0.005636
vertex -0.019322 0.029093 0.007079
endloop
endfacet
facet normal -0.986317 0.123565 -0.109130
outer loop
vertex -0.019322 0.029093 0.007079
vertex -0.019624 0.025408 0.005636
vertex -0.019540 0.028640 0.008532
endloop
endfacet
facet normal -0.855157 0.517299 0.033290
outer loop
vertex -0.018076 0.031102 0.007862
vertex -0.019322 0.029093 0.007079
vertex -0.019540 0.028640 0.008532
endloop
endfacet
facet normal 0.932342 0.275977 -0.233615
outer loop
vertex 0.014149 0.014814 -0.015328
vertex 0.013356 0.017677 -0.015113
vertex 0.014449 0.019958 -0.008054
endloop
endfacet
facet normal 0.931260 0.278942 -0.234405
outer loop
vertex 0.014449 0.019958 -0.008054
vertex 0.013356 0.017677 -0.015113
vertex 0.013309 0.021344 -0.010932
endloop
endfacet
facet normal -0.321656 0.832217 0.451611
outer loop
vertex -0.010326 0.035322 0.008213
vertex -0.013933 0.033772 0.008501
vertex -0.006333 0.035067 0.011526
endloop
endfacet
facet normal -0.142236 0.959004 0.245111
outer loop
vertex -0.006743 0.035946 0.007853
vertex -0.010326 0.035322 0.008213
vertex -0.006333 0.035067 0.011526
endloop
endfacet
facet normal 0.534692 0.845043 0.002624
outer loop
vertex 0.003964 0.033404 0.005923
vertex 0.001741 0.034795 0.010699
vertex 0.008412 0.030593 0.004661
endloop
endfacet
facet normal 0.437411 0.856579 0.273759
outer loop
vertex -0.001212 0.035019 0.009139
vertex 0.003964 0.033404 0.005923
vertex -0.001774 0.036237 0.006224
endloop
endfacet
facet normal 0.830004 0.553298 0.070390
outer loop
vertex 0.008412 0.030593 0.004661
vertex 0.013100 0.024474 -0.002514
vertex 0.010200 0.028492 0.000097
endloop
endfacet
facet normal 0.559023 0.814072 0.157414
outer loop
vertex 0.007817 0.031851 0.000268
vertex 0.003964 0.033404 0.005923
vertex 0.008412 0.030593 0.004661
endloop
endfacet
facet normal 0.824914 0.563069 0.049697
outer loop
vertex 0.011927 0.026423 -0.005130
vertex 0.010200 0.028492 0.000097
vertex 0.013100 0.024474 -0.002514
endloop
endfacet
facet normal 0.815896 0.576721 0.041313
outer loop
vertex 0.011927 0.026423 -0.005130
vertex 0.007817 0.031851 0.000268
vertex 0.010200 0.028492 0.000097
endloop
endfacet
facet normal 0.895270 0.418436 -0.152978
outer loop
vertex 0.014449 0.019958 -0.008054
vertex 0.013309 0.021344 -0.010932
vertex 0.011927 0.026423 -0.005130
endloop
endfacet
facet normal -0.435648 0.872592 0.220895
outer loop
vertex -0.011337 0.034083 0.012390
vertex -0.013933 0.033772 0.008501
vertex -0.017121 0.031269 0.012098
endloop
endfacet
facet normal -0.185297 0.981649 0.045048
outer loop
vertex -0.011337 0.034083 0.012390
vertex -0.006333 0.035067 0.011526
vertex -0.013933 0.033772 0.008501
endloop
endfacet
facet normal 0.040445 0.996962 0.066564
outer loop
vertex -0.006333 0.035067 0.011526
vertex 0.001741 0.034795 0.010699
vertex -0.001212 0.035019 0.009139
endloop
endfacet
facet normal 0.177789 0.963930 -0.198064
outer loop
vertex 0.003964 0.033404 0.005923
vertex -0.001212 0.035019 0.009139
vertex 0.001741 0.034795 0.010699
endloop
endfacet
facet normal 0.111390 0.969282 0.219282
outer loop
vertex -0.006333 0.035067 0.011526
vertex -0.001212 0.035019 0.009139
vertex -0.006743 0.035946 0.007853
endloop
endfacet
facet normal 0.068132 0.925121 0.373510
outer loop
vertex -0.006743 0.035946 0.007853
vertex -0.001212 0.035019 0.009139
vertex -0.001774 0.036237 0.006224
endloop
endfacet
facet normal 0.424905 0.819475 0.384599
outer loop
vertex 0.003689 0.034647 0.003577
vertex -0.001774 0.036237 0.006224
vertex 0.003964 0.033404 0.005923
endloop
endfacet
facet normal 0.815699 0.575915 0.054379
outer loop
vertex 0.008412 0.030593 0.004661
vertex 0.010200 0.028492 0.000097
vertex 0.007817 0.031851 0.000268
endloop
endfacet
facet normal 0.681683 0.676456 0.278775
outer loop
vertex 0.003964 0.033404 0.005923
vertex 0.007817 0.031851 0.000268
vertex 0.003689 0.034647 0.003577
endloop
endfacet
facet normal 0.908884 0.403037 -0.107194
outer loop
vertex 0.013100 0.024474 -0.002514
vertex 0.014449 0.019958 -0.008054
vertex 0.011927 0.026423 -0.005130
endloop
endfacet
facet normal 0.891441 0.274219 -0.360745
outer loop
vertex 0.014149 0.014814 -0.015328
vertex 0.012639 0.018112 -0.016551
vertex 0.013356 0.017677 -0.015113
endloop
endfacet
facet normal 0.665308 0.027868 -0.746049
outer loop
vertex 0.012639 0.018112 -0.016551
vertex 0.014149 0.014814 -0.015328
vertex 0.011127 0.016391 -0.017964
endloop
endfacet
facet normal 0.712259 0.323874 -0.622730
outer loop
vertex 0.010536 0.014812 -0.019462
vertex 0.011127 0.016391 -0.017964
vertex 0.014149 0.014814 -0.015328
endloop
endfacet
facet normal 0.307706 0.591502 -0.745280
outer loop
vertex 0.008676 0.016619 -0.018795
vertex 0.011127 0.016391 -0.017964
vertex 0.010536 0.014812 -0.019462
endloop
endfacet
facet normal 0.328214 0.108695 -0.938329
outer loop
vertex 0.011712 0.019662 -0.017381
vertex 0.011127 0.016391 -0.017964
vertex 0.008676 0.016619 -0.018795
endloop
endfacet
facet normal 0.676216 0.010550 -0.736628
outer loop
vertex 0.011712 0.019662 -0.017381
vertex 0.012639 0.018112 -0.016551
vertex 0.011127 0.016391 -0.017964
endloop
endfacet
facet normal -0.191998 0.564728 -0.802633
outer loop
vertex 0.011712 0.019662 -0.017381
vertex 0.008676 0.016619 -0.018795
vertex 0.006037 0.019358 -0.016237
endloop
endfacet
facet normal -0.508238 0.332675 -0.794369
outer loop
vertex -0.006384 0.030242 -0.002728
vertex 0.009287 0.023382 -0.015627
vertex 0.006220 0.023097 -0.013785
endloop
endfacet
facet normal -0.548848 0.260783 -0.794202
outer loop
vertex -0.006384 0.030242 -0.002728
vertex 0.006220 0.023097 -0.013785
vertex -0.010371 0.026608 -0.001166
endloop
endfacet
facet normal -0.594616 0.245746 -0.765533
outer loop
vertex -0.018690 0.028502 0.005904
vertex -0.010371 0.026608 -0.001166
vertex -0.019624 0.025408 0.005636
endloop
endfacet
facet normal -0.193612 0.544750 -0.815942
outer loop
vertex 0.006220 0.023097 -0.013785
vertex 0.011712 0.019662 -0.017381
vertex 0.006037 0.019358 -0.016237
endloop
endfacet
facet normal -0.355012 0.524907 -0.773589
outer loop
vertex 0.006220 0.023097 -0.013785
vertex 0.006037 0.019358 -0.016237
vertex -0.000834 0.023246 -0.010446
endloop
endfacet
facet normal -0.518342 0.064167 -0.852763
outer loop
vertex 0.011712 0.019662 -0.017381
vertex 0.006220 0.023097 -0.013785
vertex 0.009287 0.023382 -0.015627
endloop
endfacet
facet normal -0.236938 0.809722 -0.536853
outer loop
vertex -0.000834 0.023246 -0.010446
vertex -0.010371 0.026608 -0.001166
vertex 0.006220 0.023097 -0.013785
endloop
endfacet
facet normal -0.575398 0.305125 -0.758825
outer loop
vertex -0.006384 0.030242 -0.002728
vertex -0.010371 0.026608 -0.001166
vertex -0.018690 0.028502 0.005904
endloop
endfacet
facet normal -0.561458 0.674893 -0.478836
outer loop
vertex -0.014814 0.014149 -0.015329
vertex -0.031593 0.028803 0.025000
vertex -0.007951 0.012992 -0.025006
endloop
endfacet
facet normal -0.019114 0.879064 -0.476320
outer loop
vertex 0.001741 0.034795 0.010699
vertex -0.006333 0.035067 0.011526
vertex 0.001607 0.042541 0.025000
endloop
endfacet
facet normal -0.846476 0.163414 -0.506729
outer loop
vertex -0.022026 0.001870 -0.012596
vertex -0.017505 0.006724 -0.018582
vertex -0.015069 -0.000561 -0.025001
endloop
endfacet
facet normal -0.846666 0.163147 -0.506498
outer loop
vertex -0.015069 -0.000561 -0.025001
vertex -0.017505 0.006724 -0.018582
vertex -0.013683 0.006629 -0.025001
endloop
endfacet
facet normal -0.782060 0.407306 -0.471681
outer loop
vertex -0.017505 0.006724 -0.018582
vertex -0.015243 0.010798 -0.018815
vertex -0.013683 0.006629 -0.025001
endloop
endfacet
facet normal -0.069673 0.889214 -0.452155
outer loop
vertex 0.001607 0.042541 0.025000
vertex -0.006333 0.035067 0.011526
vertex -0.008581 0.041743 0.025000
endloop
endfacet
facet normal -0.247328 0.851182 -0.462945
outer loop
vertex -0.006333 0.035067 0.011526
vertex -0.011337 0.034083 0.012390
vertex -0.008581 0.041743 0.025000
endloop
endfacet
facet normal -0.300211 0.842972 -0.446399
outer loop
vertex -0.008581 0.041743 0.025000
vertex -0.011337 0.034083 0.012390
vertex -0.020293 0.037571 0.024999
endloop
endfacet
facet normal -0.364193 0.798393 -0.479513
outer loop
vertex -0.011337 0.034083 0.012390
vertex -0.017121 0.031269 0.012098
vertex -0.020293 0.037571 0.024999
endloop
endfacet
facet normal -0.463829 0.745727 -0.478282
outer loop
vertex -0.017121 0.031269 0.012098
vertex -0.020012 0.028463 0.010526
vertex -0.020293 0.037571 0.024999
endloop
endfacet
facet normal -0.869897 0.150331 -0.469765
outer loop
vertex -0.042541 0.001607 0.025000
vertex -0.040380 0.014106 0.024999
vertex -0.034795 0.001741 0.010699
endloop
endfacet
facet normal -0.877295 0.136016 -0.460275
outer loop
vertex -0.034795 0.001741 0.010699
vertex -0.040380 0.014106 0.024999
vertex -0.030593 0.008412 0.004661
endloop
endfacet
facet normal -0.626492 0.563946 -0.538028
outer loop
vertex -0.013683 0.006629 -0.025001
vertex -0.015243 0.010798 -0.018815
vertex -0.007951 0.012992 -0.025006
endloop
endfacet
facet normal -0.546342 0.704061 -0.453662
outer loop
vertex -0.020293 0.037571 0.024999
vertex -0.020012 0.028463 0.010526
vertex -0.031593 0.028803 0.025000
endloop
endfacet
facet normal -0.237117 0.845058 -0.479221
outer loop
vertex -0.000561 0.015069 -0.025000
vertex -0.007951 0.012992 -0.025006
vertex -0.000834 0.023246 -0.010446
endloop
endfacet
facet normal -0.190317 0.844039 -0.501375
outer loop
vertex -0.000834 0.023246 -0.010446
vertex -0.007951 0.012992 -0.025006
vertex -0.010371 0.026608 -0.001166
endloop
endfacet
facet normal -0.448767 0.755622 -0.477120
outer loop
vertex -0.010371 0.026608 -0.001166
vertex -0.007951 0.012992 -0.025006
vertex -0.019624 0.025408 0.005636
endloop
endfacet
facet normal -0.813842 0.324012 -0.482367
outer loop
vertex -0.030593 0.008412 0.004661
vertex -0.040380 0.014106 0.024999
vertex -0.024474 0.013100 -0.002514
endloop
endfacet
facet normal -0.763034 0.456259 -0.457828
outer loop
vertex -0.040380 0.014106 0.024999
vertex -0.031593 0.028803 0.025000
vertex -0.024474 0.013100 -0.002514
endloop
endfacet
facet normal -0.612865 0.606038 -0.507064
outer loop
vertex -0.015243 0.010798 -0.018815
vertex -0.014814 0.014149 -0.015329
vertex -0.007951 0.012992 -0.025006
endloop
endfacet
facet normal -0.725757 0.499614 -0.472929
outer loop
vertex -0.024474 0.013100 -0.002514
vertex -0.031593 0.028803 0.025000
vertex -0.019877 0.014490 -0.008100
endloop
endfacet
facet normal -0.650838 0.585361 -0.483489
outer loop
vertex -0.019877 0.014490 -0.008100
vertex -0.031593 0.028803 0.025000
vertex -0.014814 0.014149 -0.015329
endloop
endfacet
facet normal -0.565931 0.678244 -0.468729
outer loop
vertex -0.020012 0.028463 0.010526
vertex -0.019624 0.025408 0.005636
vertex -0.031593 0.028803 0.025000
endloop
endfacet
facet normal -0.608239 0.627580 -0.485993
outer loop
vertex -0.019624 0.025408 0.005636
vertex -0.007951 0.012992 -0.025006
vertex -0.031593 0.028803 0.025000
endloop
endfacet
facet normal 0.559886 -0.676812 -0.477967
outer loop
vertex 0.014814 -0.014149 -0.015328
vertex 0.032023 -0.028393 0.025000
vertex 0.007948 -0.012989 -0.025014
endloop
endfacet
facet normal 0.018180 -0.883236 -0.468576
outer loop
vertex -0.001741 -0.034795 0.010699
vertex 0.006333 -0.035067 0.011526
vertex -0.005580 -0.042460 0.024999
endloop
endfacet
facet normal 0.854118 -0.128016 -0.504079
outer loop
vertex 0.022026 -0.001870 -0.012596
vertex 0.019172 -0.005603 -0.016483
vertex 0.015069 0.000561 -0.025001
endloop
endfacet
facet normal 0.838309 -0.161531 -0.520717
outer loop
vertex 0.015069 0.000561 -0.025001
vertex 0.019172 -0.005603 -0.016483
vertex 0.013683 -0.006628 -0.025001
endloop
endfacet
facet normal 0.819652 -0.291721 -0.493021
outer loop
vertex 0.019172 -0.005603 -0.016483
vertex 0.016632 -0.009076 -0.018651
vertex 0.013683 -0.006628 -0.025001
endloop
endfacet
facet normal 0.693714 -0.502647 -0.515855
outer loop
vertex 0.016632 -0.009076 -0.018651
vertex 0.015266 -0.010863 -0.018747
vertex 0.013683 -0.006628 -0.025001
endloop
endfacet
facet normal 0.045244 -0.892123 -0.449521
outer loop
vertex -0.005580 -0.042460 0.024999
vertex 0.006333 -0.035067 0.011526
vertex 0.008581 -0.041742 0.025000
endloop
endfacet
facet normal 0.247328 -0.851182 -0.462945
outer loop
vertex 0.006333 -0.035067 0.011526
vertex 0.011337 -0.034083 0.012390
vertex 0.008581 -0.041742 0.025000
endloop
endfacet
facet normal 0.300212 -0.842972 -0.446398
outer loop
vertex 0.008581 -0.041742 0.025000
vertex 0.011337 -0.034083 0.012390
vertex 0.020293 -0.037571 0.024999
endloop
endfacet
facet normal 0.364193 -0.798392 -0.479513
outer loop
vertex 0.011337 -0.034083 0.012390
vertex 0.017121 -0.031269 0.012098
vertex 0.020293 -0.037571 0.024999
endloop
endfacet
facet normal 0.463830 -0.745727 -0.478282
outer loop
vertex 0.017121 -0.031269 0.012098
vertex 0.020012 -0.028463 0.010526
vertex 0.020293 -0.037571 0.024999
endloop
endfacet
facet normal 0.868171 -0.086646 -0.488642
outer loop
vertex 0.034795 -0.001741 0.010699
vertex 0.042459 -0.005580 0.024997
vertex 0.030915 -0.007888 0.004896
endloop
endfacet
facet normal 0.625762 -0.563200 -0.539655
outer loop
vertex 0.013683 -0.006628 -0.025001
vertex 0.015266 -0.010863 -0.018747
vertex 0.007948 -0.012989 -0.025014
endloop
endfacet
facet normal 0.847033 -0.275012 -0.454867
outer loop
vertex 0.042459 -0.005580 0.024997
vertex 0.038150 -0.018857 0.025000
vertex 0.030915 -0.007888 0.004896
endloop
endfacet
facet normal 0.549523 -0.702269 -0.452596
outer loop
vertex 0.020293 -0.037571 0.024999
vertex 0.020012 -0.028463 0.010526
vertex 0.032023 -0.028393 0.025000
endloop
endfacet
facet normal 0.237102 -0.845061 -0.479223
outer loop
vertex 0.000561 -0.015069 -0.025001
vertex 0.007948 -0.012989 -0.025014
vertex 0.000834 -0.023246 -0.010446
endloop
endfacet
facet normal 0.190301 -0.844050 -0.501363
outer loop
vertex 0.000834 -0.023246 -0.010446
vertex 0.007948 -0.012989 -0.025014
vertex 0.010371 -0.026608 -0.001166
endloop
endfacet
facet normal 0.448769 -0.755618 -0.477124
outer loop
vertex 0.010371 -0.026608 -0.001166
vertex 0.007948 -0.012989 -0.025014
vertex 0.019624 -0.025408 0.005636
endloop
endfacet
facet normal 0.813173 -0.335428 -0.475644
outer loop
vertex 0.030915 -0.007888 0.004896
vertex 0.038150 -0.018857 0.025000
vertex 0.025838 -0.012854 -0.000282
endloop
endfacet
facet normal 0.740870 -0.476034 -0.473818
outer loop
vertex 0.038150 -0.018857 0.025000
vertex 0.032023 -0.028393 0.025000
vertex 0.025838 -0.012854 -0.000282
endloop
endfacet
facet normal 0.610182 -0.609946 -0.505612
outer loop
vertex 0.015266 -0.010863 -0.018747
vertex 0.014814 -0.014149 -0.015328
vertex 0.007948 -0.012989 -0.025014
endloop
endfacet
facet normal 0.743498 -0.473088 -0.472650
outer loop
vertex 0.025838 -0.012854 -0.000282
vertex 0.032023 -0.028393 0.025000
vertex 0.019542 -0.014526 -0.008512
endloop
endfacet
facet normal 0.651529 -0.583945 -0.484272
outer loop
vertex 0.019542 -0.014526 -0.008512
vertex 0.032023 -0.028393 0.025000
vertex 0.014814 -0.014149 -0.015328
endloop
endfacet
facet normal 0.568031 -0.676937 -0.468077
outer loop
vertex 0.020012 -0.028463 0.010526
vertex 0.019624 -0.025408 0.005636
vertex 0.032023 -0.028393 0.025000
endloop
endfacet
facet normal 0.607809 -0.627992 -0.485998
outer loop
vertex 0.019624 -0.025408 0.005636
vertex 0.007948 -0.012989 -0.025014
vertex 0.032023 -0.028393 0.025000
endloop
endfacet
facet normal -0.677189 -0.559992 -0.477309
outer loop
vertex -0.014084 -0.014807 -0.015430
vertex -0.028256 -0.032130 0.025000
vertex -0.012991 -0.007964 -0.025011
endloop
endfacet
facet normal -0.878982 -0.022766 -0.476311
outer loop
vertex -0.034795 0.001741 0.010699
vertex -0.035075 -0.006094 0.011591
vertex -0.042541 0.001607 0.025000
endloop
endfacet
facet normal -0.081564 -0.869580 -0.487009
outer loop
vertex 0.000834 -0.023246 -0.010446
vertex -0.006037 -0.019358 -0.016237
vertex 0.000561 -0.015069 -0.025001
endloop
endfacet
facet normal -0.160583 -0.833419 -0.528796
outer loop
vertex 0.000561 -0.015069 -0.025001
vertex -0.006037 -0.019358 -0.016237
vertex -0.006628 -0.013682 -0.025002
endloop
endfacet
facet normal -0.349703 -0.796998 -0.492445
outer loop
vertex -0.006037 -0.019358 -0.016237
vertex -0.008676 -0.016619 -0.018795
vertex -0.006628 -0.013682 -0.025002
endloop
endfacet
facet normal -0.504917 -0.703896 -0.499590
outer loop
vertex -0.008676 -0.016619 -0.018795
vertex -0.010536 -0.014812 -0.019462
vertex -0.006628 -0.013682 -0.025002
endloop
endfacet
facet normal -0.888043 -0.069585 -0.454465
outer loop
vertex -0.042541 0.001607 0.025000
vertex -0.035075 -0.006094 0.011591
vertex -0.041742 -0.008581 0.025000
endloop
endfacet
facet normal -0.847163 -0.251736 -0.467915
outer loop
vertex -0.035075 -0.006094 0.011591
vertex -0.033939 -0.012458 0.012958
vertex -0.041742 -0.008581 0.025000
endloop
endfacet
facet normal -0.841600 -0.300999 -0.448451
outer loop
vertex -0.041742 -0.008581 0.025000
vertex -0.033939 -0.012458 0.012958
vertex -0.037524 -0.020374 0.024999
endloop
endfacet
facet normal -0.772970 -0.399562 -0.492817
outer loop
vertex -0.033939 -0.012458 0.012958
vertex -0.029674 -0.019233 0.011761
vertex -0.037524 -0.020374 0.024999
endloop
endfacet
facet normal -0.701340 -0.542290 -0.462649
outer loop
vertex -0.029674 -0.019233 0.011761
vertex -0.026584 -0.021304 0.009505
vertex -0.037524 -0.020374 0.024999
endloop
endfacet
facet normal -0.086648 -0.868172 -0.488641
outer loop
vertex -0.001741 -0.034795 0.010699
vertex -0.005580 -0.042460 0.024999
vertex -0.007888 -0.030915 0.004896
endloop
endfacet
facet normal -0.567046 -0.631632 -0.528678
outer loop
vertex -0.006628 -0.013682 -0.025002
vertex -0.010536 -0.014812 -0.019462
vertex -0.012991 -0.007964 -0.025011
endloop
endfacet
facet normal -0.275014 -0.847031 -0.454868
outer loop
vertex -0.005580 -0.042460 0.024999
vertex -0.018857 -0.038150 0.025000
vertex -0.007888 -0.030915 0.004896
endloop
endfacet
facet normal -0.697484 -0.549914 -0.459468
outer loop
vertex -0.037524 -0.020374 0.024999
vertex -0.026584 -0.021304 0.009505
vertex -0.028256 -0.032130 0.025000
endloop
endfacet
facet normal -0.875512 -0.057026 -0.479820
outer loop
vertex -0.022026 0.001870 -0.012596
vertex -0.015069 -0.000561 -0.025001
vertex -0.024945 -0.004640 -0.006495
endloop
endfacet
facet normal -0.835412 -0.233842 -0.497397
outer loop
vertex -0.015069 -0.000561 -0.025001
vertex -0.012991 -0.007964 -0.025011
vertex -0.024945 -0.004640 -0.006495
endloop
endfacet
facet normal -0.837848 -0.212688 -0.502767
outer loop
vertex -0.024945 -0.004640 -0.006495
vertex -0.012991 -0.007964 -0.025011
vertex -0.026509 -0.009854 -0.001683
endloop
endfacet
facet normal -0.778815 -0.399369 -0.483686
outer loop
vertex -0.026509 -0.009854 -0.001683
vertex -0.012991 -0.007964 -0.025011
vertex -0.026270 -0.017964 0.004628
endloop
endfacet
facet normal -0.335428 -0.813173 -0.475644
outer loop
vertex -0.007888 -0.030915 0.004896
vertex -0.018857 -0.038150 0.025000
vertex -0.012854 -0.025838 -0.000282
endloop
endfacet
facet normal -0.474939 -0.741532 -0.473880
outer loop
vertex -0.018857 -0.038150 0.025000
vertex -0.028256 -0.032130 0.025000
vertex -0.012854 -0.025838 -0.000282
endloop
endfacet
facet normal -0.585359 -0.626660 -0.514443
outer loop
vertex -0.010536 -0.014812 -0.019462
vertex -0.014084 -0.014807 -0.015430
vertex -0.012991 -0.007964 -0.025011
endloop
endfacet
facet normal -0.472490 -0.743702 -0.472928
outer loop
vertex -0.012854 -0.025838 -0.000282
vertex -0.028256 -0.032130 0.025000
vertex -0.014526 -0.019542 -0.008512
endloop
endfacet
facet normal -0.582865 -0.652715 -0.483974
outer loop
vertex -0.014526 -0.019542 -0.008512
vertex -0.028256 -0.032130 0.025000
vertex -0.014084 -0.014807 -0.015430
endloop
endfacet
facet normal -0.588068 -0.649135 -0.482494
outer loop
vertex -0.026270 -0.017964 0.004628
vertex -0.012991 -0.007964 -0.025011
vertex -0.026584 -0.021304 0.009505
endloop
endfacet
facet normal -0.645731 -0.591461 -0.482913
outer loop
vertex -0.026584 -0.021304 0.009505
vertex -0.012991 -0.007964 -0.025011
vertex -0.028256 -0.032130 0.025000
endloop
endfacet
facet normal 0.674245 0.562604 -0.478404
outer loop
vertex 0.014149 0.014814 -0.015328
vertex 0.028666 0.031708 0.025000
vertex 0.012994 0.007962 -0.025014
endloop
endfacet
facet normal 0.883559 0.021636 -0.467820
outer loop
vertex 0.034795 -0.001741 0.010699
vertex 0.035075 0.006094 0.011591
vertex 0.042459 -0.005580 0.024997
endloop
endfacet
facet normal 0.081564 0.869580 -0.487009
outer loop
vertex -0.000834 0.023246 -0.010446
vertex 0.006037 0.019358 -0.016237
vertex -0.000561 0.015069 -0.025000
endloop
endfacet
facet normal 0.160570 0.833423 -0.528794
outer loop
vertex -0.000561 0.015069 -0.025000
vertex 0.006037 0.019358 -0.016237
vertex 0.006628 0.013682 -0.025003
endloop
endfacet
facet normal 0.349704 0.796998 -0.492445
outer loop
vertex 0.006037 0.019358 -0.016237
vertex 0.008676 0.016619 -0.018795
vertex 0.006628 0.013682 -0.025003
endloop
endfacet
facet normal 0.504918 0.703895 -0.499590
outer loop
vertex 0.008676 0.016619 -0.018795
vertex 0.010536 0.014812 -0.019462
vertex 0.006628 0.013682 -0.025003
endloop
endfacet
facet normal 0.891135 0.045190 -0.451482
outer loop
vertex 0.042459 -0.005580 0.024997
vertex 0.035075 0.006094 0.011591
vertex 0.041743 0.008581 0.025000
endloop
endfacet
facet normal 0.847164 0.251736 -0.467912
outer loop
vertex 0.035075 0.006094 0.011591
vertex 0.033939 0.012458 0.012958
vertex 0.041743 0.008581 0.025000
endloop
endfacet
facet normal 0.841603 0.300992 -0.448451
outer loop
vertex 0.041743 0.008581 0.025000
vertex 0.033939 0.012458 0.012958
vertex 0.037525 0.020374 0.024999
endloop
endfacet
facet normal 0.772969 0.399562 -0.492817
outer loop
vertex 0.033939 0.012458 0.012958
vertex 0.029674 0.019233 0.011761
vertex 0.037525 0.020374 0.024999
endloop
endfacet
facet normal 0.150327 0.869898 -0.469764
outer loop
vertex 0.001607 0.042541 0.025000
vertex 0.014106 0.040380 0.024999
vertex 0.001741 0.034795 0.010699
endloop
endfacet
facet normal 0.701090 0.542711 -0.462534
outer loop
vertex 0.029674 0.019233 0.011761
vertex 0.026575 0.021309 0.009500
vertex 0.037525 0.020374 0.024999
endloop
endfacet
facet normal 0.136013 0.877294 -0.460277
outer loop
vertex 0.001741 0.034795 0.010699
vertex 0.014106 0.040380 0.024999
vertex 0.008412 0.030593 0.004661
endloop
endfacet
facet normal 0.566862 0.631868 -0.528592
outer loop
vertex 0.006628 0.013682 -0.025003
vertex 0.010536 0.014812 -0.019462
vertex 0.012994 0.007962 -0.025014
endloop
endfacet
facet normal 0.699199 0.546466 -0.460972
outer loop
vertex 0.037525 0.020374 0.024999
vertex 0.026575 0.021309 0.009500
vertex 0.028666 0.031708 0.025000
endloop
endfacet
facet normal 0.875512 0.057026 -0.479820
outer loop
vertex 0.022026 -0.001870 -0.012596
vertex 0.015069 0.000561 -0.025001
vertex 0.024945 0.004640 -0.006495
endloop
endfacet
facet normal 0.835560 0.233368 -0.497372
outer loop
vertex 0.015069 0.000561 -0.025001
vertex 0.012994 0.007962 -0.025014
vertex 0.024945 0.004640 -0.006495
endloop
endfacet
facet normal 0.839265 0.199323 -0.505870
outer loop
vertex 0.024945 0.004640 -0.006495
vertex 0.012994 0.007962 -0.025014
vertex 0.026717 0.009781 -0.001530
endloop
endfacet
facet normal 0.763274 0.432945 -0.479553
outer loop
vertex 0.026717 0.009781 -0.001530
vertex 0.012994 0.007962 -0.025014
vertex 0.025847 0.019206 0.005595
endloop
endfacet
facet normal 0.324013 0.813842 -0.482367
outer loop
vertex 0.008412 0.030593 0.004661
vertex 0.014106 0.040380 0.024999
vertex 0.013100 0.024474 -0.002514
endloop
endfacet
facet normal 0.454865 0.763675 -0.458147
outer loop
vertex 0.014106 0.040380 0.024999
vertex 0.028666 0.031708 0.025000
vertex 0.013100 0.024474 -0.002514
endloop
endfacet
facet normal 0.586715 0.626463 -0.513137
outer loop
vertex 0.010536 0.014812 -0.019462
vertex 0.014149 0.014814 -0.015328
vertex 0.012994 0.007962 -0.025014
endloop
endfacet
facet normal 0.496744 0.728025 -0.472467
outer loop
vertex 0.013100 0.024474 -0.002514
vertex 0.028666 0.031708 0.025000
vertex 0.014449 0.019958 -0.008054
endloop
endfacet
facet normal 0.587169 0.649294 -0.483373
outer loop
vertex 0.014449 0.019958 -0.008054
vertex 0.028666 0.031708 0.025000
vertex 0.014149 0.014814 -0.015328
endloop
endfacet
facet normal 0.519292 0.708260 -0.478230
outer loop
vertex 0.025847 0.019206 0.005595
vertex 0.012994 0.007962 -0.025014
vertex 0.026575 0.021309 0.009500
endloop
endfacet
facet normal 0.647759 0.589336 -0.482795
outer loop
vertex 0.026575 0.021309 0.009500
vertex 0.012994 0.007962 -0.025014
vertex 0.028666 0.031708 0.025000
endloop
endfacet
facet normal 0.000022 -0.000309 1.000000
outer loop
vertex 0.001607 0.042541 0.025000
vertex -0.008581 0.041743 0.025000
vertex 0.014106 0.040380 0.024999
endloop
endfacet
facet normal 0.000029 -0.000187 1.000000
outer loop
vertex -0.008581 0.041743 0.025000
vertex -0.020293 0.037571 0.024999
vertex 0.014106 0.040380 0.024999
endloop
endfacet
facet normal 0.000005 0.000118 1.000000
outer loop
vertex 0.014106 0.040380 0.024999
vertex -0.020293 0.037571 0.024999
vertex 0.028666 0.031708 0.025000
endloop
endfacet
facet normal 0.000001 0.000085 1.000000
outer loop
vertex -0.020293 0.037571 0.024999
vertex -0.031593 0.028803 0.025000
vertex 0.028666 0.031708 0.025000
endloop
endfacet
facet normal 0.000010 -0.000112 1.000000
outer loop
vertex -0.031593 0.028803 0.025000
vertex -0.040380 0.014106 0.024999
vertex 0.028666 0.031708 0.025000
endloop
endfacet
facet normal -0.000047 0.000113 1.000000
outer loop
vertex -0.040380 0.014106 0.024999
vertex -0.042541 0.001607 0.025000
vertex 0.028666 0.031708 0.025000
endloop
endfacet
facet normal 0.000005 -0.000010 1.000000
outer loop
vertex -0.042541 0.001607 0.025000
vertex -0.041742 -0.008581 0.025000
vertex 0.028666 0.031708 0.025000
endloop
endfacet
facet normal 0.000029 -0.000052 1.000000
outer loop
vertex -0.041742 -0.008581 0.025000
vertex -0.037524 -0.020374 0.024999
vertex 0.028666 0.031708 0.025000
endloop
endfacet
facet normal -0.000031 0.000024 1.000000
outer loop
vertex -0.037524 -0.020374 0.024999
vertex -0.028256 -0.032130 0.025000
vertex 0.028666 0.031708 0.025000
endloop
endfacet
facet normal 0.000019 -0.000021 1.000000
outer loop
vertex 0.028666 0.031708 0.025000
vertex -0.028256 -0.032130 0.025000
vertex 0.037525 0.020374 0.024999
endloop
endfacet
facet normal -0.000018 0.000026 1.000000
outer loop
vertex -0.028256 -0.032130 0.025000
vertex -0.018857 -0.038150 0.025000
vertex 0.037525 0.020374 0.024999
endloop
endfacet
facet normal 0.000056 -0.000045 1.000000
outer loop
vertex -0.018857 -0.038150 0.025000
vertex -0.005580 -0.042460 0.024999
vertex 0.037525 0.020374 0.024999
endloop
endfacet
facet normal -0.000037 0.000018 1.000000
outer loop
vertex 0.037525 0.020374 0.024999
vertex -0.005580 -0.042460 0.024999
vertex 0.041743 0.008581 0.025000
endloop
endfacet
facet normal 0.000185 -0.000187 1.000000
outer loop
vertex 0.041743 0.008581 0.025000
vertex -0.005580 -0.042460 0.024999
vertex 0.042459 -0.005580 0.024997
endloop
endfacet
facet normal -0.000167 0.000272 1.000000
outer loop
vertex 0.042459 -0.005580 0.024997
vertex -0.005580 -0.042460 0.024999
vertex 0.038150 -0.018857 0.025000
endloop
endfacet
facet normal -0.000072 0.000094 1.000000
outer loop
vertex 0.038150 -0.018857 0.025000
vertex -0.005580 -0.042460 0.024999
vertex 0.032023 -0.028393 0.025000
endloop
endfacet
facet normal 0.000043 -0.000212 1.000000
outer loop
vertex 0.032023 -0.028393 0.025000
vertex -0.005580 -0.042460 0.024999
vertex 0.020293 -0.037571 0.024999
endloop
endfacet
facet normal -0.000065 0.000359 1.000000
outer loop
vertex 0.020293 -0.037571 0.024999
vertex -0.005580 -0.042460 0.024999
vertex 0.008581 -0.041742 0.025000
endloop
endfacet
facet normal -0.003114 0.000513 -0.999995
outer loop
vertex -0.015069 -0.000561 -0.025001
vertex -0.013683 0.006629 -0.025001
vertex -0.012991 -0.007964 -0.025011
endloop
endfacet
facet normal -0.001478 0.000591 -0.999999
outer loop
vertex -0.013683 0.006629 -0.025001
vertex -0.007951 0.012992 -0.025006
vertex -0.012991 -0.007964 -0.025011
endloop
endfacet
facet normal 0.001293 -0.000076 -0.999999
outer loop
vertex -0.012991 -0.007964 -0.025011
vertex -0.007951 0.012992 -0.025006
vertex -0.006628 -0.013682 -0.025002
endloop
endfacet
facet normal 0.000227 -0.000129 -1.000000
outer loop
vertex -0.006628 -0.013682 -0.025002
vertex -0.007951 0.012992 -0.025006
vertex 0.000561 -0.015069 -0.025001
endloop
endfacet
facet normal -0.001612 -0.000687 -0.999998
outer loop
vertex 0.000561 -0.015069 -0.025001
vertex -0.007951 0.012992 -0.025006
vertex 0.007948 -0.012989 -0.025014
endloop
endfacet
facet normal 0.001101 0.000973 -0.999999
outer loop
vertex 0.007948 -0.012989 -0.025014
vertex -0.007951 0.012992 -0.025006
vertex 0.013683 -0.006628 -0.025001
endloop
endfacet
facet normal 0.000669 0.000497 -1.000000
outer loop
vertex -0.007951 0.012992 -0.025006
vertex -0.000561 0.015069 -0.025000
vertex 0.013683 -0.006628 -0.025001
endloop
endfacet
facet normal 0.000088 0.000116 -1.000000
outer loop
vertex 0.013683 -0.006628 -0.025001
vertex -0.000561 0.015069 -0.025000
vertex 0.015069 0.000561 -0.025001
endloop
endfacet
facet normal -0.002289 -0.002446 -0.999994
outer loop
vertex 0.015069 0.000561 -0.025001
vertex -0.000561 0.015069 -0.025000
vertex 0.012994 0.007962 -0.025014
endloop
endfacet
facet normal -0.000014 0.001895 -0.999998
outer loop
vertex 0.012994 0.007962 -0.025014
vertex -0.000561 0.015069 -0.025000
vertex 0.006628 0.013682 -0.025003
endloop
endfacet
endsolid B4-70-14_12
