solid Rear_Wing_Applied_Low_Poly
facet normal -0.035584 -0.692860 -0.720193
outer loop
vertex -0.105454 -0.257136 0.220474
vertex -0.097577 -0.257158 0.220106
vertex -0.098000 -0.258314 0.221239
endloop
endfacet
facet normal -0.042970 -0.720989 -0.691613
outer loop
vertex -0.105454 -0.257136 0.220474
vertex -0.098000 -0.258314 0.221239
vertex -0.105769 -0.257851 0.221239
endloop
endfacet
facet normal 0.023881 -0.495394 0.868340
outer loop
vertex -0.082923 -0.257195 0.221781
vertex -0.089727 -0.257204 0.221963
vertex -0.089643 -0.258469 0.221239
endloop
endfacet
facet normal 0.019862 -0.478289 0.877978
outer loop
vertex -0.082923 -0.257195 0.221781
vertex -0.089643 -0.258469 0.221239
vertex -0.084899 -0.258272 0.221239
endloop
endfacet
facet normal -0.085516 0.000000 0.996337
outer loop
vertex -0.073054 -0.076424 0.221239
vertex -0.056498 -0.076424 0.222660
vertex -0.056498 0.000000 0.222660
endloop
endfacet
facet normal -0.085516 0.000000 0.996337
outer loop
vertex -0.073054 -0.076424 0.221239
vertex -0.056498 0.000000 0.222660
vertex -0.073054 0.000000 0.221239
endloop
endfacet
facet normal -0.074117 -0.561030 0.824471
outer loop
vertex -0.112740 -0.257178 0.221294
vertex -0.113451 -0.257165 0.221239
vertex -0.112724 -0.257261 0.221239
endloop
endfacet
facet normal 0.028228 -0.679885 -0.732775
outer loop
vertex -0.084899 -0.258272 0.221239
vertex -0.089643 -0.258469 0.221239
vertex -0.089557 -0.257171 0.220038
endloop
endfacet
facet normal 0.037551 -0.659817 -0.750488
outer loop
vertex -0.084899 -0.258272 0.221239
vertex -0.089557 -0.257171 0.220038
vertex -0.084416 -0.257181 0.220304
endloop
endfacet
facet normal -0.089737 0.022487 -0.995712
outer loop
vertex -0.039798 -0.096374 0.217438
vertex -0.104731 -0.255423 0.219698
vertex -0.112232 -0.255423 0.220374
endloop
endfacet
facet normal -0.086569 0.021039 -0.996024
outer loop
vertex -0.039798 -0.096374 0.217438
vertex -0.112232 -0.255423 0.220374
vertex -0.058990 -0.096378 0.219106
endloop
endfacet
facet normal 0.079408 -0.476226 0.875730
outer loop
vertex -0.084899 -0.258272 0.221239
vertex -0.080551 -0.257547 0.221239
vertex -0.080053 -0.257234 0.221364
endloop
endfacet
facet normal 0.107379 -0.597054 0.794982
outer loop
vertex -0.084899 -0.258272 0.221239
vertex -0.080053 -0.257234 0.221364
vertex -0.082923 -0.257195 0.221781
endloop
endfacet
facet normal 0.351142 0.000000 -0.936322
outer loop
vertex 0.036946 -0.076424 0.221239
vertex 0.031493 -0.076424 0.219194
vertex 0.031493 0.000000 0.219194
endloop
endfacet
facet normal 0.351142 0.000000 -0.936322
outer loop
vertex 0.036946 -0.076424 0.221239
vertex 0.031493 0.000000 0.219194
vertex 0.036946 0.000000 0.221239
endloop
endfacet
facet normal -0.007741 -0.505199 0.862968
outer loop
vertex -0.089727 -0.257204 0.221963
vertex -0.098406 -0.257206 0.221884
vertex -0.098000 -0.258314 0.221239
endloop
endfacet
facet normal -0.009220 -0.497161 0.867609
outer loop
vertex -0.089727 -0.257204 0.221963
vertex -0.098000 -0.258314 0.221239
vertex -0.089643 -0.258469 0.221239
endloop
endfacet
facet normal -0.030460 -0.511161 0.858945
outer loop
vertex -0.105769 -0.257851 0.221239
vertex -0.098000 -0.258314 0.221239
vertex -0.098406 -0.257206 0.221884
endloop
endfacet
facet normal -0.026532 -0.538938 0.841927
outer loop
vertex -0.105769 -0.257851 0.221239
vertex -0.098406 -0.257206 0.221884
vertex -0.106060 -0.257190 0.221653
endloop
endfacet
facet normal -0.046215 -0.544766 0.837314
outer loop
vertex -0.112724 -0.257261 0.221239
vertex -0.105769 -0.257851 0.221239
vertex -0.106060 -0.257190 0.221653
endloop
endfacet
facet normal -0.045525 -0.557804 0.828723
outer loop
vertex -0.112724 -0.257261 0.221239
vertex -0.106060 -0.257190 0.221653
vertex -0.112740 -0.257178 0.221294
endloop
endfacet
facet normal -0.088806 0.024031 0.995759
outer loop
vertex -0.075748 -0.096380 0.221239
vertex -0.118783 -0.255423 0.221239
vertex -0.112549 -0.255423 0.221795
endloop
endfacet
facet normal -0.085564 0.023281 0.996061
outer loop
vertex -0.075748 -0.096380 0.221239
vertex -0.112549 -0.255423 0.221795
vertex -0.059799 -0.096378 0.222609
endloop
endfacet
facet normal -0.092739 -0.702147 -0.705967
outer loop
vertex -0.113451 -0.257165 0.221239
vertex -0.112704 -0.257154 0.221130
vertex -0.112724 -0.257261 0.221239
endloop
endfacet
facet normal -0.086518 0.000000 -0.996250
outer loop
vertex -0.055657 -0.076424 0.219027
vertex -0.055657 0.000000 0.219027
vertex -0.035736 0.000000 0.217297
endloop
endfacet
facet normal -0.086516 0.000000 -0.996251
outer loop
vertex -0.055657 -0.076424 0.219027
vertex -0.035736 0.000000 0.217297
vertex -0.035736 -0.076424 0.217297
endloop
endfacet
facet normal -0.040194 0.000000 -0.999192
outer loop
vertex -0.035736 -0.076424 0.217297
vertex -0.035736 0.000000 0.217297
vertex -0.014730 0.000000 0.216452
endloop
endfacet
facet normal -0.040194 0.000000 -0.999192
outer loop
vertex -0.035736 -0.076424 0.217297
vertex -0.014730 0.000000 0.216452
vertex -0.014730 -0.076424 0.216452
endloop
endfacet
facet normal -0.004781 0.000000 -0.999989
outer loop
vertex -0.014730 -0.076424 0.216452
vertex -0.014730 0.000000 0.216452
vertex 0.006190 0.000000 0.216352
endloop
endfacet
facet normal -0.004779 0.000000 -0.999989
outer loop
vertex -0.014730 -0.076424 0.216452
vertex 0.006190 0.000000 0.216352
vertex 0.006190 -0.076424 0.216352
endloop
endfacet
facet normal 0.054612 0.000000 -0.998508
outer loop
vertex 0.006190 -0.076424 0.216352
vertex 0.006190 0.000000 0.216352
vertex 0.020743 0.000000 0.217148
endloop
endfacet
facet normal 0.054615 0.000000 -0.998508
outer loop
vertex 0.006190 -0.076424 0.216352
vertex 0.020743 0.000000 0.217148
vertex 0.020743 -0.076424 0.217148
endloop
endfacet
facet normal 0.186972 0.000000 -0.982365
outer loop
vertex 0.020743 -0.076424 0.217148
vertex 0.020743 0.000000 0.217148
vertex 0.031493 0.000000 0.219194
endloop
endfacet
facet normal 0.186967 0.000000 -0.982366
outer loop
vertex 0.020743 -0.076424 0.217148
vertex 0.031493 0.000000 0.219194
vertex 0.031493 -0.076424 0.219194
endloop
endfacet
facet normal 0.510206 0.000000 0.860052
outer loop
vertex 0.036946 -0.076424 0.221239
vertex 0.036946 0.000000 0.221239
vertex 0.034999 0.000000 0.222394
endloop
endfacet
facet normal 0.510206 0.000000 0.860052
outer loop
vertex 0.036946 -0.076424 0.221239
vertex 0.034999 0.000000 0.222394
vertex 0.034999 -0.076424 0.222394
endloop
endfacet
facet normal 0.343070 -0.764113 0.546292
outer loop
vertex -0.080053 -0.257234 0.221364
vertex -0.080551 -0.257547 0.221239
vertex -0.079845 -0.257230 0.221239
endloop
endfacet
facet normal 0.166594 0.000000 0.986026
outer loop
vertex 0.027642 -0.076424 0.223637
vertex 0.034999 -0.076424 0.222394
vertex 0.034999 0.000000 0.222394
endloop
endfacet
facet normal 0.166594 0.000000 0.986026
outer loop
vertex 0.027642 -0.076424 0.223637
vertex 0.034999 0.000000 0.222394
vertex 0.027642 0.000000 0.223637
endloop
endfacet
facet normal 0.027987 0.000000 0.999608
outer loop
vertex 0.005463 -0.076424 0.224258
vertex 0.027642 -0.076424 0.223637
vertex 0.027642 0.000000 0.223637
endloop
endfacet
facet normal 0.027991 0.000000 0.999608
outer loop
vertex 0.005463 -0.076424 0.224258
vertex 0.027642 0.000000 0.223637
vertex 0.005463 0.000000 0.224258
endloop
endfacet
facet normal -0.007404 0.000000 0.999973
outer loop
vertex -0.018447 -0.076424 0.224081
vertex 0.005463 -0.076424 0.224258
vertex 0.005463 0.000000 0.224258
endloop
endfacet
facet normal -0.007402 0.000000 0.999973
outer loop
vertex -0.018447 -0.076424 0.224081
vertex 0.005463 0.000000 0.224258
vertex -0.018447 0.000000 0.224081
endloop
endfacet
facet normal -0.025783 0.000000 0.999667
outer loop
vertex -0.039112 0.000000 0.223548
vertex -0.039112 -0.076424 0.223548
vertex -0.018447 -0.076424 0.224081
endloop
endfacet
facet normal -0.025785 0.000000 0.999667
outer loop
vertex -0.039112 0.000000 0.223548
vertex -0.018447 -0.076424 0.224081
vertex -0.018447 0.000000 0.224081
endloop
endfacet
facet normal -0.051008 0.000000 0.998698
outer loop
vertex -0.056498 0.000000 0.222660
vertex -0.056498 -0.076424 0.222660
vertex -0.039112 -0.076424 0.223548
endloop
endfacet
facet normal -0.051008 0.000000 0.998698
outer loop
vertex -0.056498 0.000000 0.222660
vertex -0.039112 -0.076424 0.223548
vertex -0.039112 0.000000 0.223548
endloop
endfacet
facet normal -0.126136 0.000000 -0.992013
outer loop
vertex -0.073054 0.000000 0.221239
vertex -0.055657 0.000000 0.219027
vertex -0.055657 -0.076424 0.219027
endloop
endfacet
facet normal -0.126130 0.000000 -0.992014
outer loop
vertex -0.073054 0.000000 0.221239
vertex -0.055657 -0.076424 0.219027
vertex -0.073054 -0.076424 0.221239
endloop
endfacet
facet normal 0.482564 -0.326437 0.812755
outer loop
vertex -0.077383 -0.255432 0.221239
vertex 0.030268 -0.096296 0.221239
vertex 0.028387 -0.096303 0.222353
endloop
endfacet
facet normal 0.500923 -0.338549 0.796531
outer loop
vertex -0.077383 -0.255432 0.221239
vertex 0.028387 -0.096303 0.222353
vertex -0.078101 -0.255431 0.221691
endloop
endfacet
facet normal 0.171600 -0.118614 0.978000
outer loop
vertex 0.021282 -0.096328 0.223551
vertex -0.080869 -0.255428 0.222177
vertex -0.078101 -0.255431 0.221691
endloop
endfacet
facet normal 0.165560 -0.114867 0.979487
outer loop
vertex 0.021282 -0.096328 0.223551
vertex -0.078101 -0.255431 0.221691
vertex 0.028387 -0.096303 0.222353
endloop
endfacet
facet normal 0.056594 -0.049601 -0.997164
outer loop
vertex 0.014633 -0.096333 0.217294
vertex -0.083467 -0.255428 0.219640
vertex -0.088945 -0.255426 0.219329
endloop
endfacet
facet normal 0.054581 -0.048292 -0.997341
outer loop
vertex 0.014633 -0.096333 0.217294
vertex -0.088945 -0.255426 0.219329
vertex 0.000601 -0.096352 0.216527
endloop
endfacet
facet normal -0.004955 -0.014824 -0.999878
outer loop
vertex 0.000601 -0.096352 0.216527
vertex -0.088945 -0.255426 0.219329
vertex -0.096822 -0.255424 0.219368
endloop
endfacet
facet normal -0.004750 -0.014948 -0.999877
outer loop
vertex 0.000601 -0.096352 0.216527
vertex -0.096822 -0.255424 0.219368
vertex -0.019559 -0.096365 0.216623
endloop
endfacet
facet normal -0.026720 0.002263 0.999640
outer loop
vertex -0.043049 -0.096372 0.223465
vertex -0.106002 -0.255423 0.222142
vertex -0.098222 -0.255425 0.222350
endloop
endfacet
facet normal -0.025808 0.001945 0.999665
outer loop
vertex -0.043049 -0.096372 0.223465
vertex -0.098222 -0.255425 0.222350
vertex -0.023139 -0.096363 0.223979
endloop
endfacet
facet normal -0.052921 0.012442 0.998521
outer loop
vertex -0.059799 -0.096378 0.222609
vertex -0.112549 -0.255423 0.221795
vertex -0.106002 -0.255423 0.222142
endloop
endfacet
facet normal -0.051040 0.011895 0.998626
outer loop
vertex -0.059799 -0.096378 0.222609
vertex -0.106002 -0.255423 0.222142
vertex -0.043049 -0.096372 0.223465
endloop
endfacet
facet normal 0.132123 -0.607036 -0.783614
outer loop
vertex -0.084416 -0.257181 0.220304
vertex -0.080418 -0.257234 0.221019
vertex -0.080551 -0.257547 0.221239
endloop
endfacet
facet normal 0.112529 -0.674853 -0.729322
outer loop
vertex -0.084416 -0.257181 0.220304
vertex -0.080551 -0.257547 0.221239
vertex -0.084899 -0.258272 0.221239
endloop
endfacet
facet normal -0.041691 0.003007 -0.999126
outer loop
vertex -0.019559 -0.096365 0.216623
vertex -0.096822 -0.255424 0.219368
vertex -0.104731 -0.255423 0.219698
endloop
endfacet
facet normal -0.040236 0.002229 -0.999188
outer loop
vertex -0.019559 -0.096365 0.216623
vertex -0.104731 -0.255423 0.219698
vertex -0.039798 -0.096374 0.217438
endloop
endfacet
facet normal -0.012932 -0.697497 -0.716471
outer loop
vertex -0.089643 -0.258469 0.221239
vertex -0.098000 -0.258314 0.221239
vertex -0.097577 -0.257158 0.220106
endloop
endfacet
facet normal -0.007326 -0.678864 -0.734228
outer loop
vertex -0.089643 -0.258469 0.221239
vertex -0.097577 -0.257158 0.220106
vertex -0.089557 -0.257171 0.220038
endloop
endfacet
facet normal -0.007774 -0.006570 0.999948
outer loop
vertex -0.023139 -0.096363 0.223979
vertex -0.098222 -0.255425 0.222350
vertex -0.089219 -0.255426 0.222420
endloop
endfacet
facet normal -0.007419 -0.006719 0.999950
outer loop
vertex -0.023139 -0.096363 0.223979
vertex -0.089219 -0.255426 0.222420
vertex -0.000097 -0.096349 0.224150
endloop
endfacet
facet normal 0.029074 -0.027155 0.999208
outer loop
vertex -0.000097 -0.096349 0.224150
vertex -0.089219 -0.255426 0.222420
vertex -0.080869 -0.255428 0.222177
endloop
endfacet
facet normal 0.028021 -0.026622 0.999253
outer loop
vertex -0.000097 -0.096349 0.224150
vertex -0.080869 -0.255428 0.222177
vertex 0.021282 -0.096328 0.223551
endloop
endfacet
facet normal 0.192135 -0.133256 -0.972279
outer loop
vertex 0.025004 -0.096312 0.219267
vertex -0.079420 -0.255430 0.220440
vertex -0.083467 -0.255428 0.219640
endloop
endfacet
facet normal 0.185586 -0.128799 -0.974150
outer loop
vertex 0.025004 -0.096312 0.219267
vertex -0.083467 -0.255428 0.219640
vertex 0.014633 -0.096333 0.217294
endloop
endfacet
facet normal -0.061093 -0.716521 -0.694885
outer loop
vertex -0.112704 -0.257154 0.221130
vertex -0.105454 -0.257136 0.220474
vertex -0.105769 -0.257851 0.221239
endloop
endfacet
facet normal -0.059958 -0.706708 -0.704960
outer loop
vertex -0.112704 -0.257154 0.221130
vertex -0.105769 -0.257851 0.221239
vertex -0.112724 -0.257261 0.221239
endloop
endfacet
facet normal -0.130821 0.035894 -0.990756
outer loop
vertex -0.058990 -0.096378 0.219106
vertex -0.112232 -0.255423 0.220374
vertex -0.118783 -0.255423 0.221239
endloop
endfacet
facet normal -0.126195 0.034146 -0.991418
outer loop
vertex -0.058990 -0.096378 0.219106
vertex -0.118783 -0.255423 0.221239
vertex -0.075748 -0.096380 0.221239
endloop
endfacet
facet normal 0.186012 -0.107533 -0.976645
outer loop
vertex 0.025004 -0.096312 0.219267
vertex 0.014633 -0.096333 0.217294
vertex 0.016971 -0.091780 0.217238
endloop
endfacet
facet normal 0.185956 -0.107646 -0.976644
outer loop
vertex 0.025004 -0.096312 0.219267
vertex 0.016971 -0.091780 0.217238
vertex 0.027488 -0.091767 0.219239
endloop
endfacet
facet normal 0.186443 -0.077234 -0.979425
outer loop
vertex 0.018954 -0.086397 0.217191
vertex 0.027488 -0.091767 0.219239
vertex 0.016971 -0.091780 0.217238
endloop
endfacet
facet normal 0.186376 -0.077346 -0.979429
outer loop
vertex 0.018954 -0.086397 0.217191
vertex 0.029593 -0.086391 0.219215
vertex 0.027488 -0.091767 0.219239
endloop
endfacet
facet normal 0.186671 -0.051658 -0.981063
outer loop
vertex 0.020278 -0.081005 0.217159
vertex 0.029593 -0.086391 0.219215
vertex 0.018954 -0.086397 0.217191
endloop
endfacet
facet normal 0.186685 -0.051630 -0.981062
outer loop
vertex 0.020278 -0.081005 0.217159
vertex 0.030999 -0.081003 0.219199
vertex 0.029593 -0.086391 0.219215
endloop
endfacet
facet normal 0.186886 -0.021328 -0.982150
outer loop
vertex 0.030999 -0.081003 0.219199
vertex 0.020278 -0.081005 0.217159
vertex 0.020743 -0.076424 0.217148
endloop
endfacet
facet normal 0.186927 -0.021240 -0.982144
outer loop
vertex 0.030999 -0.081003 0.219199
vertex 0.020743 -0.076424 0.217148
vertex 0.031493 -0.076424 0.219194
endloop
endfacet
facet normal -0.007402 -0.001169 0.999972
outer loop
vertex 0.005463 -0.076424 0.224258
vertex -0.018447 -0.076424 0.224081
vertex -0.018804 -0.081007 0.224073
endloop
endfacet
facet normal -0.007426 -0.001059 0.999972
outer loop
vertex 0.005463 -0.076424 0.224258
vertex -0.018804 -0.081007 0.224073
vertex 0.005039 -0.081006 0.224250
endloop
endfacet
facet normal -0.007425 -0.002675 0.999969
outer loop
vertex 0.005039 -0.081006 0.224250
vertex -0.018804 -0.081007 0.224073
vertex -0.019821 -0.086406 0.224051
endloop
endfacet
facet normal -0.007439 -0.002602 0.999969
outer loop
vertex 0.005039 -0.081006 0.224250
vertex -0.019821 -0.086406 0.224051
vertex 0.003834 -0.086402 0.224227
endloop
endfacet
facet normal -0.007441 -0.004021 0.999964
outer loop
vertex 0.003834 -0.086402 0.224227
vertex -0.019821 -0.086406 0.224051
vertex -0.021343 -0.091798 0.224018
endloop
endfacet
facet normal -0.007442 -0.004005 0.999964
outer loop
vertex 0.003834 -0.086402 0.224227
vertex -0.021343 -0.091798 0.224018
vertex 0.002030 -0.091789 0.224192
endloop
endfacet
facet normal -0.007444 -0.005614 0.999957
outer loop
vertex 0.002030 -0.091789 0.224192
vertex -0.021343 -0.091798 0.224018
vertex -0.023139 -0.096363 0.223979
endloop
endfacet
facet normal -0.007416 -0.005748 0.999956
outer loop
vertex 0.002030 -0.091789 0.224192
vertex -0.023139 -0.096363 0.223979
vertex -0.000097 -0.096349 0.224150
endloop
endfacet
facet normal 0.027991 -0.004336 0.999599
outer loop
vertex 0.027642 -0.076424 0.223637
vertex 0.005463 -0.076424 0.224258
vertex 0.005039 -0.081006 0.224250
endloop
endfacet
facet normal 0.028019 -0.004489 0.999597
outer loop
vertex 0.027642 -0.076424 0.223637
vertex 0.005039 -0.081006 0.224250
vertex 0.027158 -0.081005 0.223630
endloop
endfacet
facet normal 0.028020 -0.010519 0.999552
outer loop
vertex 0.027158 -0.081005 0.223630
vertex 0.005039 -0.081006 0.224250
vertex 0.003834 -0.086402 0.224227
endloop
endfacet
facet normal 0.028014 -0.010504 0.999552
outer loop
vertex 0.027158 -0.081005 0.223630
vertex 0.003834 -0.086402 0.224227
vertex 0.025779 -0.086396 0.223612
endloop
endfacet
facet normal 0.028014 -0.015876 0.999481
outer loop
vertex 0.025779 -0.086396 0.223612
vertex 0.003834 -0.086402 0.224227
vertex 0.002030 -0.091789 0.224192
endloop
endfacet
facet normal 0.028029 -0.015947 0.999480
outer loop
vertex 0.025779 -0.086396 0.223612
vertex 0.002030 -0.091789 0.224192
vertex 0.023716 -0.091777 0.223584
endloop
endfacet
facet normal 0.028031 -0.022278 0.999359
outer loop
vertex 0.023716 -0.091777 0.223584
vertex 0.002030 -0.091789 0.224192
vertex -0.000097 -0.096349 0.224150
endloop
endfacet
facet normal 0.028021 -0.022232 0.999360
outer loop
vertex 0.023716 -0.091777 0.223584
vertex -0.000097 -0.096349 0.224150
vertex 0.021282 -0.096328 0.223551
endloop
endfacet
facet normal 0.166561 -0.019105 0.985846
outer loop
vertex 0.034999 -0.076424 0.222394
vertex 0.027642 -0.076424 0.223637
vertex 0.027158 -0.081005 0.223630
endloop
endfacet
facet normal 0.166487 -0.018973 0.985861
outer loop
vertex 0.034999 -0.076424 0.222394
vertex 0.027158 -0.081005 0.223630
vertex 0.034495 -0.081003 0.222391
endloop
endfacet
facet normal 0.166349 -0.045841 0.985001
outer loop
vertex 0.034495 -0.081003 0.222391
vertex 0.027158 -0.081005 0.223630
vertex 0.025779 -0.086396 0.223612
endloop
endfacet
facet normal 0.166396 -0.045917 0.984989
outer loop
vertex 0.034495 -0.081003 0.222391
vertex 0.025779 -0.086396 0.223612
vertex 0.033062 -0.086389 0.222382
endloop
endfacet
facet normal 0.166194 -0.068836 0.983688
outer loop
vertex 0.033062 -0.086389 0.222382
vertex 0.025779 -0.086396 0.223612
vertex 0.023716 -0.091777 0.223584
endloop
endfacet
facet normal 0.166262 -0.068949 0.983668
outer loop
vertex 0.033062 -0.086389 0.222382
vertex 0.023716 -0.091777 0.223584
vertex 0.030917 -0.091761 0.222368
endloop
endfacet
facet normal 0.165950 -0.095868 0.981463
outer loop
vertex 0.030917 -0.091761 0.222368
vertex 0.023716 -0.091777 0.223584
vertex 0.021282 -0.096328 0.223551
endloop
endfacet
facet normal 0.165838 -0.095615 0.981507
outer loop
vertex 0.030917 -0.091761 0.222368
vertex 0.021282 -0.096328 0.223551
vertex 0.028387 -0.096303 0.222353
endloop
endfacet
facet normal -0.086572 0.017632 -0.996090
outer loop
vertex -0.039798 -0.096374 0.217438
vertex -0.058990 -0.096378 0.219106
vertex -0.057714 -0.091808 0.219076
endloop
endfacet
facet normal -0.086566 0.017670 -0.996089
outer loop
vertex -0.039798 -0.096374 0.217438
vertex -0.057714 -0.091808 0.219076
vertex -0.038244 -0.091805 0.217384
endloop
endfacet
facet normal -0.086523 0.012666 -0.996169
outer loop
vertex -0.053892 -0.088050 0.218791
vertex -0.050066 -0.088337 0.218455
vertex -0.038244 -0.091805 0.217384
endloop
endfacet
facet normal -0.086572 0.012548 -0.996166
outer loop
vertex -0.038244 -0.091805 0.217384
vertex -0.057714 -0.091808 0.219076
vertex -0.056923 -0.087859 0.219057
endloop
endfacet
facet normal -0.086666 0.012135 -0.996163
outer loop
vertex -0.038244 -0.091805 0.217384
vertex -0.056923 -0.087859 0.219057
vertex -0.053892 -0.088050 0.218791
endloop
endfacet
facet normal -0.086502 0.012947 -0.996168
outer loop
vertex -0.042016 -0.088693 0.217752
vertex -0.037531 -0.088887 0.217360
vertex -0.038244 -0.091805 0.217384
endloop
endfacet
facet normal -0.086286 0.013474 -0.996179
outer loop
vertex -0.038244 -0.091805 0.217384
vertex -0.050066 -0.088337 0.218455
vertex -0.048423 -0.088461 0.218311
endloop
endfacet
facet normal -0.086443 0.013023 -0.996172
outer loop
vertex -0.038244 -0.091805 0.217384
vertex -0.048423 -0.088461 0.218311
vertex -0.042016 -0.088693 0.217752
endloop
endfacet
facet normal -0.086486 0.008441 -0.996217
outer loop
vertex -0.055911 -0.081008 0.219033
vertex -0.044580 -0.084232 0.218022
vertex -0.048385 -0.084388 0.218351
endloop
endfacet
facet normal -0.086457 0.008506 -0.996219
outer loop
vertex -0.055911 -0.081008 0.219033
vertex -0.048385 -0.084388 0.218351
vertex -0.056434 -0.084919 0.219045
endloop
endfacet
facet normal -0.086505 0.008259 -0.996217
outer loop
vertex -0.055911 -0.081008 0.219033
vertex -0.036045 -0.081008 0.217308
vertex -0.036517 -0.083901 0.217325
endloop
endfacet
facet normal -0.086464 0.008506 -0.996219
outer loop
vertex -0.055911 -0.081008 0.219033
vertex -0.036517 -0.083901 0.217325
vertex -0.044580 -0.084232 0.218022
endloop
endfacet
facet normal -0.086506 0.003488 -0.996245
outer loop
vertex -0.036045 -0.081008 0.217308
vertex -0.055911 -0.081008 0.219033
vertex -0.055657 -0.076424 0.219027
endloop
endfacet
facet normal -0.086516 0.003442 -0.996244
outer loop
vertex -0.036045 -0.081008 0.217308
vertex -0.055657 -0.076424 0.219027
vertex -0.035736 -0.076424 0.217297
endloop
endfacet
facet normal -0.040239 0.001876 -0.999188
outer loop
vertex -0.019559 -0.096365 0.216623
vertex -0.039798 -0.096374 0.217438
vertex -0.038244 -0.091805 0.217384
endloop
endfacet
facet normal -0.040196 0.002045 -0.999190
outer loop
vertex -0.019559 -0.096365 0.216623
vertex -0.038244 -0.091805 0.217384
vertex -0.017711 -0.091800 0.216558
endloop
endfacet
facet normal -0.040779 -0.267933 -0.962574
outer loop
vertex -0.030654 -0.089163 0.217083
vertex -0.028106 -0.089177 0.216980
vertex -0.027035 -0.089184 0.216937
endloop
endfacet
facet normal -0.040197 0.001498 -0.999191
outer loop
vertex -0.027035 -0.089184 0.216937
vertex -0.017711 -0.091800 0.216558
vertex -0.038244 -0.091805 0.217384
endloop
endfacet
facet normal -0.040180 0.001603 -0.999191
outer loop
vertex -0.038244 -0.091805 0.217384
vertex -0.037531 -0.088887 0.217360
vertex -0.030654 -0.089163 0.217083
endloop
endfacet
facet normal -0.040313 0.001940 -0.999185
outer loop
vertex -0.027035 -0.089184 0.216937
vertex -0.038244 -0.091805 0.217384
vertex -0.030654 -0.089163 0.217083
endloop
endfacet
facet normal -0.040294 0.001144 -0.999187
outer loop
vertex -0.027035 -0.089184 0.216937
vertex -0.016969 -0.089248 0.216531
vertex -0.017711 -0.091800 0.216558
endloop
endfacet
facet normal -0.040408 0.000720 -0.999183
outer loop
vertex -0.034389 -0.083818 0.217239
vertex -0.036517 -0.083901 0.217325
vertex -0.036045 -0.081008 0.217308
endloop
endfacet
facet normal -0.040280 0.000856 -0.999188
outer loop
vertex -0.036045 -0.081008 0.217308
vertex -0.026279 -0.083658 0.216912
vertex -0.030645 -0.083685 0.217088
endloop
endfacet
facet normal -0.040319 0.000766 -0.999186
outer loop
vertex -0.034389 -0.083818 0.217239
vertex -0.036045 -0.081008 0.217308
vertex -0.030645 -0.083685 0.217088
endloop
endfacet
facet normal -0.040209 0.000836 -0.999191
outer loop
vertex -0.036045 -0.081008 0.217308
vertex -0.015097 -0.081007 0.216465
vertex -0.015598 -0.083591 0.216483
endloop
endfacet
facet normal -0.040146 0.001380 -0.999193
outer loop
vertex -0.036045 -0.081008 0.217308
vertex -0.015598 -0.083591 0.216483
vertex -0.026279 -0.083658 0.216912
endloop
endfacet
facet normal -0.040210 0.000313 -0.999191
outer loop
vertex -0.015097 -0.081007 0.216465
vertex -0.036045 -0.081008 0.217308
vertex -0.035736 -0.076424 0.217297
endloop
endfacet
facet normal -0.040194 0.000386 -0.999192
outer loop
vertex -0.015097 -0.081007 0.216465
vertex -0.035736 -0.076424 0.217297
vertex -0.014730 -0.076424 0.216452
endloop
endfacet
facet normal -0.004755 -0.012313 -0.999913
outer loop
vertex 0.000601 -0.096352 0.216527
vertex -0.019559 -0.096365 0.216623
vertex -0.017711 -0.091800 0.216558
endloop
endfacet
facet normal -0.004785 -0.012443 -0.999911
outer loop
vertex 0.000601 -0.096352 0.216527
vertex -0.017711 -0.091800 0.216558
vertex 0.002740 -0.091791 0.216460
endloop
endfacet
facet normal -0.004788 -0.008940 -0.999949
outer loop
vertex -0.007085 -0.088990 0.216482
vertex 0.002740 -0.091791 0.216460
vertex -0.017711 -0.091800 0.216558
endloop
endfacet
facet normal -0.004520 -0.009263 -0.999947
outer loop
vertex -0.017711 -0.091800 0.216558
vertex -0.016969 -0.089248 0.216531
vertex -0.013842 -0.089266 0.216517
endloop
endfacet
facet normal -0.004665 -0.009400 -0.999945
outer loop
vertex -0.013020 -0.089235 0.216512
vertex -0.007085 -0.088990 0.216482
vertex -0.017711 -0.091800 0.216558
endloop
endfacet
facet normal -0.005833 -0.007297 -0.999956
outer loop
vertex -0.017711 -0.091800 0.216558
vertex -0.013842 -0.089266 0.216517
vertex -0.013020 -0.089235 0.216512
endloop
endfacet
facet normal -0.004802 -0.009011 -0.999948
outer loop
vertex 0.002740 -0.091791 0.216460
vertex -0.007085 -0.088990 0.216482
vertex -0.001681 -0.088766 0.216454
endloop
endfacet
facet normal -0.004857 -0.008786 -0.999950
outer loop
vertex 0.000289 -0.088500 0.216443
vertex 0.004032 -0.087952 0.216420
vertex 0.002740 -0.091791 0.216460
endloop
endfacet
facet normal -0.004462 -0.008471 -0.999954
outer loop
vertex 0.002740 -0.091791 0.216460
vertex -0.001681 -0.088766 0.216454
vertex 0.000289 -0.088500 0.216443
endloop
endfacet
facet normal -0.004787 -0.006022 -0.999970
outer loop
vertex -0.015097 -0.081007 0.216465
vertex -0.004243 -0.083988 0.216431
vertex -0.013946 -0.083582 0.216475
endloop
endfacet
facet normal -0.005269 -0.005953 -0.999968
outer loop
vertex -0.014648 -0.083586 0.216478
vertex -0.015598 -0.083591 0.216483
vertex -0.015097 -0.081007 0.216465
endloop
endfacet
facet normal -0.004193 -0.005785 -0.999974
outer loop
vertex -0.015097 -0.081007 0.216465
vertex -0.013946 -0.083582 0.216475
vertex -0.014648 -0.083586 0.216478
endloop
endfacet
facet normal -0.004745 -0.005877 -0.999971
outer loop
vertex -0.004243 -0.083988 0.216431
vertex -0.015097 -0.081007 0.216465
vertex 0.005764 -0.081006 0.216366
endloop
endfacet
facet normal -0.005093 -0.005770 -0.999970
outer loop
vertex 0.005764 -0.081006 0.216366
vertex 0.004855 -0.085055 0.216394
vertex 0.004397 -0.084995 0.216396
endloop
endfacet
facet normal -0.007192 -0.092654 -0.995672
outer loop
vertex -0.001782 -0.084082 0.216420
vertex -0.003532 -0.084017 0.216428
vertex -0.004243 -0.083988 0.216431
endloop
endfacet
facet normal -0.004753 -0.005894 -0.999971
outer loop
vertex 0.005764 -0.081006 0.216366
vertex 0.004397 -0.084995 0.216396
vertex -0.001782 -0.084082 0.216420
endloop
endfacet
facet normal -0.004715 -0.006015 -0.999971
outer loop
vertex 0.005764 -0.081006 0.216366
vertex -0.001782 -0.084082 0.216420
vertex -0.004243 -0.083988 0.216431
endloop
endfacet
facet normal -0.004746 -0.002455 -0.999986
outer loop
vertex 0.005764 -0.081006 0.216366
vertex -0.015097 -0.081007 0.216465
vertex -0.014730 -0.076424 0.216452
endloop
endfacet
facet normal -0.004780 -0.002609 -0.999985
outer loop
vertex 0.005764 -0.081006 0.216366
vertex -0.014730 -0.076424 0.216452
vertex 0.006190 -0.076424 0.216352
endloop
endfacet
facet normal 0.054591 -0.040256 -0.997697
outer loop
vertex 0.014633 -0.096333 0.217294
vertex 0.000601 -0.096352 0.216527
vertex 0.002740 -0.091791 0.216460
endloop
endfacet
facet normal 0.054575 -0.040295 -0.997696
outer loop
vertex 0.014633 -0.096333 0.217294
vertex 0.002740 -0.091791 0.216460
vertex 0.016971 -0.091780 0.217238
endloop
endfacet
facet normal 0.054590 -0.028773 -0.998094
outer loop
vertex 0.016971 -0.091780 0.217238
vertex 0.002740 -0.091791 0.216460
vertex 0.004032 -0.087952 0.216420
endloop
endfacet
facet normal 0.054637 -0.028575 -0.998097
outer loop
vertex 0.016971 -0.091780 0.217238
vertex 0.004032 -0.087952 0.216420
vertex 0.007246 -0.087569 0.216585
endloop
endfacet
facet normal 0.054522 -0.026516 -0.998160
outer loop
vertex 0.010995 -0.086424 0.216757
vertex 0.010915 -0.086400 0.216752
vertex 0.018954 -0.086397 0.217191
endloop
endfacet
facet normal 0.054546 -0.028807 -0.998096
outer loop
vertex 0.018954 -0.086397 0.217191
vertex 0.016971 -0.091780 0.217238
vertex 0.007246 -0.087569 0.216585
endloop
endfacet
facet normal 0.053176 -0.012193 -0.998511
outer loop
vertex 0.018954 -0.086397 0.217191
vertex 0.007246 -0.087569 0.216585
vertex 0.007712 -0.087513 0.216609
endloop
endfacet
facet normal 0.054524 -0.028746 -0.998099
outer loop
vertex 0.009451 -0.086957 0.216688
vertex 0.010995 -0.086424 0.216757
vertex 0.018954 -0.086397 0.217191
endloop
endfacet
facet normal 0.054514 -0.028695 -0.998101
outer loop
vertex 0.018954 -0.086397 0.217191
vertex 0.007712 -0.087513 0.216609
vertex 0.009451 -0.086957 0.216688
endloop
endfacet
facet normal 0.054560 -0.019157 -0.998327
outer loop
vertex 0.007501 -0.085335 0.216544
vertex 0.004855 -0.085055 0.216394
vertex 0.005764 -0.081006 0.216366
endloop
endfacet
facet normal 0.054518 -0.019372 -0.998325
outer loop
vertex 0.005764 -0.081006 0.216366
vertex 0.018954 -0.086397 0.217191
vertex 0.010915 -0.086400 0.216752
endloop
endfacet
facet normal 0.052424 -0.026569 -0.998271
outer loop
vertex 0.010915 -0.086400 0.216752
vertex 0.009229 -0.085901 0.216650
vertex 0.007501 -0.085335 0.216544
endloop
endfacet
facet normal 0.054890 -0.019029 -0.998311
outer loop
vertex 0.005764 -0.081006 0.216366
vertex 0.010915 -0.086400 0.216752
vertex 0.007501 -0.085335 0.216544
endloop
endfacet
facet normal 0.054550 -0.019317 -0.998324
outer loop
vertex 0.005764 -0.081006 0.216366
vertex 0.020278 -0.081005 0.217159
vertex 0.018954 -0.086397 0.217191
endloop
endfacet
facet normal 0.054558 -0.008121 -0.998478
outer loop
vertex 0.020278 -0.081005 0.217159
vertex 0.005764 -0.081006 0.216366
vertex 0.006190 -0.076424 0.216352
endloop
endfacet
facet normal 0.054611 -0.007941 -0.998476
outer loop
vertex 0.020278 -0.081005 0.217159
vertex 0.006190 -0.076424 0.216352
vertex 0.020743 -0.076424 0.217148
endloop
endfacet
facet normal -0.025784 0.000375 0.999667
outer loop
vertex -0.018447 -0.076424 0.224081
vertex -0.039112 -0.076424 0.223548
vertex -0.039411 -0.081008 0.223542
endloop
endfacet
facet normal -0.025758 0.000261 0.999668
outer loop
vertex -0.018447 -0.076424 0.224081
vertex -0.039411 -0.081008 0.223542
vertex -0.018804 -0.081007 0.224073
endloop
endfacet
facet normal -0.025758 0.000741 0.999668
outer loop
vertex -0.018804 -0.081007 0.224073
vertex -0.039411 -0.081008 0.223542
vertex -0.040265 -0.086409 0.223524
endloop
endfacet
facet normal -0.025769 0.000782 0.999668
outer loop
vertex -0.018804 -0.081007 0.224073
vertex -0.040265 -0.086409 0.223524
vertex -0.019821 -0.086406 0.224051
endloop
endfacet
facet normal -0.025769 0.001096 0.999667
outer loop
vertex -0.019821 -0.086406 0.224051
vertex -0.040265 -0.086409 0.223524
vertex -0.041542 -0.091804 0.223497
endloop
endfacet
facet normal -0.025784 0.001159 0.999667
outer loop
vertex -0.019821 -0.086406 0.224051
vertex -0.041542 -0.091804 0.223497
vertex -0.021343 -0.091798 0.224018
endloop
endfacet
facet normal -0.025785 0.001502 0.999666
outer loop
vertex -0.021343 -0.091798 0.224018
vertex -0.041542 -0.091804 0.223497
vertex -0.043049 -0.096372 0.223465
endloop
endfacet
facet normal -0.025806 0.001614 0.999666
outer loop
vertex -0.021343 -0.091798 0.224018
vertex -0.043049 -0.096372 0.223465
vertex -0.023139 -0.096363 0.223979
endloop
endfacet
facet normal -0.051009 0.001920 0.998696
outer loop
vertex -0.039112 -0.076424 0.223548
vertex -0.056498 -0.076424 0.222660
vertex -0.056749 -0.081008 0.222656
endloop
endfacet
facet normal -0.051033 0.002024 0.998695
outer loop
vertex -0.039112 -0.076424 0.223548
vertex -0.056749 -0.081008 0.222656
vertex -0.039411 -0.081008 0.223542
endloop
endfacet
facet normal -0.051036 0.004731 0.998686
outer loop
vertex -0.039411 -0.081008 0.223542
vertex -0.056749 -0.081008 0.222656
vertex -0.057465 -0.086410 0.222645
endloop
endfacet
facet normal -0.051038 0.004742 0.998685
outer loop
vertex -0.039411 -0.081008 0.223542
vertex -0.057465 -0.086410 0.222645
vertex -0.040265 -0.086409 0.223524
endloop
endfacet
facet normal -0.051037 0.007167 0.998671
outer loop
vertex -0.040265 -0.086409 0.223524
vertex -0.057465 -0.086410 0.222645
vertex -0.058536 -0.091807 0.222629
endloop
endfacet
facet normal -0.051010 0.007076 0.998673
outer loop
vertex -0.040265 -0.086409 0.223524
vertex -0.058536 -0.091807 0.222629
vertex -0.041542 -0.091804 0.223497
endloop
endfacet
facet normal -0.051011 0.009725 0.998651
outer loop
vertex -0.041542 -0.091804 0.223497
vertex -0.058536 -0.091807 0.222629
vertex -0.059799 -0.096378 0.222609
endloop
endfacet
facet normal -0.051037 0.009840 0.998648
outer loop
vertex -0.041542 -0.091804 0.223497
vertex -0.059799 -0.096378 0.222609
vertex -0.043049 -0.096372 0.223465
endloop
endfacet
facet normal -0.085573 0.019286 0.996145
outer loop
vertex -0.075748 -0.096380 0.221239
vertex -0.059799 -0.096378 0.222609
vertex -0.058536 -0.091807 0.222629
endloop
endfacet
facet normal -0.085573 0.019302 0.996145
outer loop
vertex -0.075748 -0.096380 0.221239
vertex -0.058536 -0.091807 0.222629
vertex -0.074717 -0.091809 0.221239
endloop
endfacet
facet normal -0.085580 0.014029 0.996233
outer loop
vertex -0.057465 -0.086410 0.222645
vertex -0.074717 -0.091809 0.221239
vertex -0.058536 -0.091807 0.222629
endloop
endfacet
facet normal -0.085528 0.013847 0.996240
outer loop
vertex -0.073843 -0.086411 0.221239
vertex -0.074717 -0.091809 0.221239
vertex -0.057465 -0.086410 0.222645
endloop
endfacet
facet normal -0.085530 0.009308 0.996292
outer loop
vertex -0.056749 -0.081008 0.222656
vertex -0.073843 -0.086411 0.221239
vertex -0.057465 -0.086410 0.222645
endloop
endfacet
facet normal -0.085508 0.009244 0.996295
outer loop
vertex -0.073259 -0.081009 0.221239
vertex -0.073843 -0.086411 0.221239
vertex -0.056749 -0.081008 0.222656
endloop
endfacet
facet normal -0.085512 0.003811 0.996330
outer loop
vertex -0.073259 -0.081009 0.221239
vertex -0.056749 -0.081008 0.222656
vertex -0.056498 -0.076424 0.222660
endloop
endfacet
facet normal -0.085515 0.003824 0.996329
outer loop
vertex -0.073259 -0.081009 0.221239
vertex -0.056498 -0.076424 0.222660
vertex -0.073054 -0.076424 0.221239
endloop
endfacet
facet normal -0.126133 0.005689 -0.991997
outer loop
vertex -0.073054 -0.076424 0.221239
vertex -0.055657 -0.076424 0.219027
vertex -0.055911 -0.081008 0.219033
endloop
endfacet
facet normal -0.126143 0.005641 -0.991996
outer loop
vertex -0.073054 -0.076424 0.221239
vertex -0.055911 -0.081008 0.219033
vertex -0.073259 -0.081009 0.221239
endloop
endfacet
facet normal -0.126136 0.013825 -0.991917
outer loop
vertex -0.073259 -0.081009 0.221239
vertex -0.055911 -0.081008 0.219033
vertex -0.056434 -0.084919 0.219045
endloop
endfacet
facet normal -0.126195 0.013533 -0.991913
outer loop
vertex -0.073259 -0.081009 0.221239
vertex -0.056434 -0.084919 0.219045
vertex -0.060393 -0.085190 0.219545
endloop
endfacet
facet normal -0.126731 0.018936 -0.991756
outer loop
vertex -0.065225 -0.085572 0.220154
vertex -0.072935 -0.086411 0.221123
vertex -0.073843 -0.086411 0.221239
endloop
endfacet
facet normal -0.126053 0.013998 -0.991925
outer loop
vertex -0.073259 -0.081009 0.221239
vertex -0.060393 -0.085190 0.219545
vertex -0.062962 -0.085365 0.219869
endloop
endfacet
facet normal -0.129201 0.047642 -0.990473
outer loop
vertex -0.064178 -0.085453 0.220023
vertex -0.065225 -0.085572 0.220154
vertex -0.073843 -0.086411 0.221239
endloop
endfacet
facet normal -0.126557 0.012813 -0.991877
outer loop
vertex -0.073259 -0.081009 0.221239
vertex -0.062962 -0.085365 0.219869
vertex -0.064178 -0.085453 0.220023
endloop
endfacet
facet normal -0.126150 0.013638 -0.991917
outer loop
vertex -0.073843 -0.086411 0.221239
vertex -0.073259 -0.081009 0.221239
vertex -0.064178 -0.085453 0.220023
endloop
endfacet
facet normal -0.126198 0.020506 -0.991793
outer loop
vertex -0.064188 -0.087395 0.219991
vertex -0.056923 -0.087859 0.219057
vertex -0.057714 -0.091808 0.219076
endloop
endfacet
facet normal -0.126690 0.015106 -0.991827
outer loop
vertex -0.073843 -0.086411 0.221239
vertex -0.072935 -0.086411 0.221123
vertex -0.073054 -0.086424 0.221138
endloop
endfacet
facet normal -0.128126 0.003169 -0.991753
outer loop
vertex -0.073054 -0.086424 0.221138
vertex -0.069174 -0.086828 0.220636
vertex -0.065465 -0.087250 0.220156
endloop
endfacet
facet normal -0.121636 0.053974 -0.991106
outer loop
vertex -0.065465 -0.087250 0.220156
vertex -0.064434 -0.087363 0.220023
vertex -0.064188 -0.087395 0.219991
endloop
endfacet
facet normal -0.126101 0.020660 -0.991802
outer loop
vertex -0.064188 -0.087395 0.219991
vertex -0.057714 -0.091808 0.219076
vertex -0.073843 -0.086411 0.221239
endloop
endfacet
facet normal -0.126616 0.014901 -0.991840
outer loop
vertex -0.073843 -0.086411 0.221239
vertex -0.073054 -0.086424 0.221138
vertex -0.065465 -0.087250 0.220156
endloop
endfacet
facet normal -0.128787 -0.004326 -0.991663
outer loop
vertex -0.064188 -0.087395 0.219991
vertex -0.073843 -0.086411 0.221239
vertex -0.065465 -0.087250 0.220156
endloop
endfacet
facet normal -0.126169 0.020429 -0.991798
outer loop
vertex -0.073843 -0.086411 0.221239
vertex -0.057714 -0.091808 0.219076
vertex -0.074717 -0.091809 0.221239
endloop
endfacet
facet normal -0.126145 0.028710 -0.991596
outer loop
vertex -0.074717 -0.091809 0.221239
vertex -0.057714 -0.091808 0.219076
vertex -0.058990 -0.096378 0.219106
endloop
endfacet
facet normal -0.126218 0.028469 -0.991594
outer loop
vertex -0.074717 -0.091809 0.221239
vertex -0.058990 -0.096378 0.219106
vertex -0.075748 -0.096380 0.221239
endloop
endfacet
facet normal 0.344666 -0.194028 -0.918454
outer loop
vertex 0.030268 -0.096296 0.221239
vertex 0.025004 -0.096312 0.219267
vertex 0.027488 -0.091767 0.219239
endloop
endfacet
facet normal 0.344611 -0.194061 -0.918468
outer loop
vertex 0.030268 -0.096296 0.221239
vertex 0.027488 -0.091767 0.219239
vertex 0.032824 -0.091757 0.221239
endloop
endfacet
facet normal 0.347725 -0.140293 -0.927041
outer loop
vertex 0.029593 -0.086391 0.219215
vertex 0.032824 -0.091757 0.221239
vertex 0.027488 -0.091767 0.219239
endloop
endfacet
facet normal 0.347787 -0.140253 -0.927024
outer loop
vertex 0.032824 -0.091757 0.221239
vertex 0.029593 -0.086391 0.219215
vertex 0.034990 -0.086386 0.221239
endloop
endfacet
facet normal 0.349662 -0.094014 -0.932147
outer loop
vertex 0.034990 -0.086386 0.221239
vertex 0.029593 -0.086391 0.219215
vertex 0.030999 -0.081003 0.219199
endloop
endfacet
facet normal 0.349641 -0.094034 -0.932153
outer loop
vertex 0.034990 -0.086386 0.221239
vertex 0.030999 -0.081003 0.219199
vertex 0.036438 -0.081002 0.221239
endloop
endfacet
facet normal 0.350928 -0.038881 -0.935595
outer loop
vertex 0.036438 -0.081002 0.221239
vertex 0.030999 -0.081003 0.219199
vertex 0.031493 -0.076424 0.219194
endloop
endfacet
facet normal 0.350873 -0.038935 -0.935613
outer loop
vertex 0.036438 -0.081002 0.221239
vertex 0.031493 -0.076424 0.219194
vertex 0.036946 -0.076424 0.221239
endloop
endfacet
facet normal 0.509399 -0.056630 0.858665
outer loop
vertex 0.036946 -0.076424 0.221239
vertex 0.034999 -0.076424 0.222394
vertex 0.034495 -0.081003 0.222391
endloop
endfacet
facet normal 0.509195 -0.056503 0.858794
outer loop
vertex 0.036946 -0.076424 0.221239
vertex 0.034495 -0.081003 0.222391
vertex 0.036438 -0.081002 0.221239
endloop
endfacet
facet normal 0.505320 -0.135868 0.852169
outer loop
vertex 0.036438 -0.081002 0.221239
vertex 0.034495 -0.081003 0.222391
vertex 0.033062 -0.086389 0.222382
endloop
endfacet
facet normal 0.505379 -0.135921 0.852125
outer loop
vertex 0.036438 -0.081002 0.221239
vertex 0.033062 -0.086389 0.222382
vertex 0.034990 -0.086386 0.221239
endloop
endfacet
facet normal 0.499707 -0.201723 0.842378
outer loop
vertex 0.034990 -0.086386 0.221239
vertex 0.033062 -0.086389 0.222382
vertex 0.030917 -0.091761 0.222368
endloop
endfacet
facet normal 0.499323 -0.201366 0.842691
outer loop
vertex 0.034990 -0.086386 0.221239
vertex 0.030917 -0.091761 0.222368
vertex 0.032824 -0.091757 0.221239
endloop
endfacet
facet normal 0.490114 -0.275743 0.826894
outer loop
vertex 0.032824 -0.091757 0.221239
vertex 0.030917 -0.091761 0.222368
vertex 0.028387 -0.096303 0.222353
endloop
endfacet
facet normal 0.490522 -0.276216 0.826494
outer loop
vertex 0.032824 -0.091757 0.221239
vertex 0.028387 -0.096303 0.222353
vertex 0.030268 -0.096296 0.221239
endloop
endfacet
facet normal 0.354369 -0.239218 -0.903990
outer loop
vertex -0.077383 -0.255432 0.221239
vertex -0.079420 -0.255430 0.220440
vertex 0.025004 -0.096312 0.219267
endloop
endfacet
facet normal 0.341915 -0.231296 -0.910822
outer loop
vertex -0.077383 -0.255432 0.221239
vertex 0.025004 -0.096312 0.219267
vertex 0.030268 -0.096296 0.221239
endloop
endfacet
facet normal 0.185286 -0.292636 -0.938101
outer loop
vertex -0.083467 -0.255428 0.219640
vertex -0.079420 -0.255430 0.220440
vertex -0.079892 -0.256370 0.220640
endloop
endfacet
facet normal 0.181865 -0.302906 -0.935507
outer loop
vertex -0.083467 -0.255428 0.219640
vertex -0.079892 -0.256370 0.220640
vertex -0.083924 -0.256354 0.219851
endloop
endfacet
facet normal 0.166706 -0.479440 -0.861595
outer loop
vertex -0.083924 -0.256354 0.219851
vertex -0.079892 -0.256370 0.220640
vertex -0.080418 -0.257234 0.221019
endloop
endfacet
facet normal 0.141349 -0.538942 -0.830398
outer loop
vertex -0.083924 -0.256354 0.219851
vertex -0.080418 -0.257234 0.221019
vertex -0.084416 -0.257181 0.220304
endloop
endfacet
facet normal -0.007707 -0.145233 0.989367
outer loop
vertex -0.089219 -0.255426 0.222420
vertex -0.098222 -0.255425 0.222350
vertex -0.098318 -0.256360 0.222212
endloop
endfacet
facet normal -0.007612 -0.146187 0.989228
outer loop
vertex -0.089219 -0.255426 0.222420
vertex -0.098318 -0.256360 0.222212
vertex -0.089478 -0.256360 0.222280
endloop
endfacet
facet normal -0.007171 -0.360809 0.932612
outer loop
vertex -0.089478 -0.256360 0.222280
vertex -0.098318 -0.256360 0.222212
vertex -0.098406 -0.257206 0.221884
endloop
endfacet
facet normal -0.008453 -0.349413 0.936931
outer loop
vertex -0.089478 -0.256360 0.222280
vertex -0.098406 -0.257206 0.221884
vertex -0.089727 -0.257204 0.221963
endloop
endfacet
facet normal 0.028696 -0.155960 0.987346
outer loop
vertex -0.080869 -0.255428 0.222177
vertex -0.089219 -0.255426 0.222420
vertex -0.089478 -0.256360 0.222280
endloop
endfacet
facet normal 0.028490 -0.154010 0.987659
outer loop
vertex -0.080869 -0.255428 0.222177
vertex -0.089478 -0.256360 0.222280
vertex -0.081736 -0.256358 0.222057
endloop
endfacet
facet normal 0.026973 -0.358438 0.933164
outer loop
vertex -0.081736 -0.256358 0.222057
vertex -0.089478 -0.256360 0.222280
vertex -0.089727 -0.257204 0.221963
endloop
endfacet
facet normal 0.025546 -0.345538 0.938057
outer loop
vertex -0.081736 -0.256358 0.222057
vertex -0.089727 -0.257204 0.221963
vertex -0.082923 -0.257195 0.221781
endloop
endfacet
facet normal 0.165902 -0.276797 0.946499
outer loop
vertex -0.078101 -0.255431 0.221691
vertex -0.080869 -0.255428 0.222177
vertex -0.081736 -0.256358 0.222057
endloop
endfacet
facet normal 0.155372 -0.229950 0.960720
outer loop
vertex -0.078101 -0.255431 0.221691
vertex -0.081736 -0.256358 0.222057
vertex -0.079027 -0.256370 0.221616
endloop
endfacet
facet normal 0.138707 -0.481958 0.865146
outer loop
vertex -0.079027 -0.256370 0.221616
vertex -0.081736 -0.256358 0.222057
vertex -0.082923 -0.257195 0.221781
endloop
endfacet
facet normal 0.125517 -0.412247 0.902384
outer loop
vertex -0.079027 -0.256370 0.221616
vertex -0.082923 -0.257195 0.221781
vertex -0.080053 -0.257234 0.221364
endloop
endfacet
facet normal -0.087707 -0.212240 -0.973274
outer loop
vertex -0.112232 -0.255423 0.220374
vertex -0.104731 -0.255423 0.219698
vertex -0.105100 -0.256339 0.219931
endloop
endfacet
facet normal -0.087543 -0.210729 -0.973617
outer loop
vertex -0.112232 -0.255423 0.220374
vertex -0.105100 -0.256339 0.219931
vertex -0.112484 -0.256344 0.220596
endloop
endfacet
facet normal -0.075231 -0.538452 -0.839291
outer loop
vertex -0.112484 -0.256344 0.220596
vertex -0.105100 -0.256339 0.219931
vertex -0.105454 -0.257136 0.220474
endloop
endfacet
facet normal -0.074835 -0.534606 -0.841781
outer loop
vertex -0.112484 -0.256344 0.220596
vertex -0.105454 -0.257136 0.220474
vertex -0.112704 -0.257154 0.221130
endloop
endfacet
facet normal -0.040712 -0.218083 -0.975081
outer loop
vertex -0.104731 -0.255423 0.219698
vertex -0.096822 -0.255424 0.219368
vertex -0.097200 -0.256346 0.219590
endloop
endfacet
facet normal -0.042171 -0.230314 -0.972202
outer loop
vertex -0.104731 -0.255423 0.219698
vertex -0.097200 -0.256346 0.219590
vertex -0.105100 -0.256339 0.219931
endloop
endfacet
facet normal -0.037204 -0.523626 -0.851135
outer loop
vertex -0.105100 -0.256339 0.219931
vertex -0.097200 -0.256346 0.219590
vertex -0.097577 -0.257158 0.220106
endloop
endfacet
facet normal -0.040499 -0.550223 -0.834035
outer loop
vertex -0.105100 -0.256339 0.219931
vertex -0.097577 -0.257158 0.220106
vertex -0.105454 -0.257136 0.220474
endloop
endfacet
facet normal -0.004881 -0.228108 -0.973624
outer loop
vertex -0.096822 -0.255424 0.219368
vertex -0.088945 -0.255426 0.219329
vertex -0.089246 -0.256350 0.219547
endloop
endfacet
facet normal -0.005370 -0.232002 -0.972701
outer loop
vertex -0.096822 -0.255424 0.219368
vertex -0.089246 -0.256350 0.219547
vertex -0.097200 -0.256346 0.219590
endloop
endfacet
facet normal -0.004903 -0.511885 -0.859040
outer loop
vertex -0.097200 -0.256346 0.219590
vertex -0.089246 -0.256350 0.219547
vertex -0.089557 -0.257171 0.220038
endloop
endfacet
facet normal -0.008038 -0.533681 -0.845648
outer loop
vertex -0.097200 -0.256346 0.219590
vertex -0.089557 -0.257171 0.220038
vertex -0.097577 -0.257158 0.220106
endloop
endfacet
facet normal 0.054824 -0.247478 -0.967341
outer loop
vertex -0.088945 -0.255426 0.219329
vertex -0.083467 -0.255428 0.219640
vertex -0.083924 -0.256354 0.219851
endloop
endfacet
facet normal 0.055093 -0.246242 -0.967641
outer loop
vertex -0.088945 -0.255426 0.219329
vertex -0.083924 -0.256354 0.219851
vertex -0.089246 -0.256350 0.219547
endloop
endfacet
facet normal 0.048945 -0.502095 -0.863426
outer loop
vertex -0.089246 -0.256350 0.219547
vertex -0.083924 -0.256354 0.219851
vertex -0.084416 -0.257181 0.220304
endloop
endfacet
facet normal 0.042970 -0.524732 -0.850182
outer loop
vertex -0.089246 -0.256350 0.219547
vertex -0.084416 -0.257181 0.220304
vertex -0.089557 -0.257171 0.220038
endloop
endfacet
facet normal -0.026470 -0.148589 0.988545
outer loop
vertex -0.098222 -0.255425 0.222350
vertex -0.106002 -0.255423 0.222142
vertex -0.106036 -0.256355 0.222001
endloop
endfacet
facet normal -0.027139 -0.143229 0.989317
outer loop
vertex -0.098222 -0.255425 0.222350
vertex -0.106036 -0.256355 0.222001
vertex -0.098318 -0.256360 0.222212
endloop
endfacet
facet normal -0.025485 -0.383947 0.923003
outer loop
vertex -0.098318 -0.256360 0.222212
vertex -0.106036 -0.256355 0.222001
vertex -0.106060 -0.257190 0.221653
endloop
endfacet
facet normal -0.028908 -0.358763 0.932981
outer loop
vertex -0.098318 -0.256360 0.222212
vertex -0.106060 -0.257190 0.221653
vertex -0.098406 -0.257206 0.221884
endloop
endfacet
facet normal -0.052363 -0.146082 0.987886
outer loop
vertex -0.106002 -0.255423 0.222142
vertex -0.112549 -0.255423 0.221795
vertex -0.112655 -0.256352 0.221652
endloop
endfacet
facet normal -0.052142 -0.147519 0.987684
outer loop
vertex -0.106002 -0.255423 0.222142
vertex -0.112655 -0.256352 0.221652
vertex -0.106036 -0.256355 0.222001
endloop
endfacet
facet normal -0.048596 -0.392987 0.918259
outer loop
vertex -0.106036 -0.256355 0.222001
vertex -0.112655 -0.256352 0.221652
vertex -0.112740 -0.257178 0.221294
endloop
endfacet
facet normal -0.050256 -0.382974 0.922391
outer loop
vertex -0.106036 -0.256355 0.222001
vertex -0.112740 -0.257178 0.221294
vertex -0.106060 -0.257190 0.221653
endloop
endfacet
facet normal -0.087989 -0.137835 0.986539
outer loop
vertex -0.112549 -0.255423 0.221795
vertex -0.118783 -0.255423 0.221239
vertex -0.117334 -0.256348 0.221239
endloop
endfacet
facet normal -0.087161 -0.141829 0.986046
outer loop
vertex -0.112549 -0.255423 0.221795
vertex -0.117334 -0.256348 0.221239
vertex -0.112655 -0.256352 0.221652
endloop
endfacet
facet normal -0.081407 -0.386899 0.918522
outer loop
vertex -0.112655 -0.256352 0.221652
vertex -0.117334 -0.256348 0.221239
vertex -0.113451 -0.257165 0.221239
endloop
endfacet
facet normal -0.078112 -0.389670 0.917636
outer loop
vertex -0.112655 -0.256352 0.221652
vertex -0.113451 -0.257165 0.221239
vertex -0.112740 -0.257178 0.221294
endloop
endfacet
facet normal -0.128280 -0.199084 -0.971550
outer loop
vertex -0.118783 -0.255423 0.221239
vertex -0.112232 -0.255423 0.220374
vertex -0.112484 -0.256344 0.220596
endloop
endfacet
facet normal -0.128581 -0.201415 -0.971030
outer loop
vertex -0.118783 -0.255423 0.221239
vertex -0.112484 -0.256344 0.220596
vertex -0.117334 -0.256348 0.221239
endloop
endfacet
facet normal -0.111361 -0.525698 -0.843351
outer loop
vertex -0.117334 -0.256348 0.221239
vertex -0.112484 -0.256344 0.220596
vertex -0.112704 -0.257154 0.221130
endloop
endfacet
facet normal -0.113700 -0.540329 -0.833737
outer loop
vertex -0.117334 -0.256348 0.221239
vertex -0.112704 -0.257154 0.221130
vertex -0.113451 -0.257165 0.221239
endloop
endfacet
facet normal 0.340013 -0.362509 -0.867743
outer loop
vertex -0.079420 -0.255430 0.220440
vertex -0.077383 -0.255432 0.221239
vertex -0.078382 -0.256369 0.221239
endloop
endfacet
facet normal 0.344546 -0.357681 -0.867959
outer loop
vertex -0.079420 -0.255430 0.220440
vertex -0.078382 -0.256369 0.221239
vertex -0.079892 -0.256370 0.220640
endloop
endfacet
facet normal 0.312680 -0.531296 -0.787373
outer loop
vertex -0.079892 -0.256370 0.220640
vertex -0.078382 -0.256369 0.221239
vertex -0.079845 -0.257230 0.221239
endloop
endfacet
facet normal 0.306621 -0.532667 -0.788828
outer loop
vertex -0.079892 -0.256370 0.220640
vertex -0.079845 -0.257230 0.221239
vertex -0.080418 -0.257234 0.221019
endloop
endfacet
facet normal 0.457849 -0.509676 0.728426
outer loop
vertex -0.077383 -0.255432 0.221239
vertex -0.078101 -0.255431 0.221691
vertex -0.079027 -0.256370 0.221616
endloop
endfacet
facet normal 0.444790 -0.474254 0.759766
outer loop
vertex -0.077383 -0.255432 0.221239
vertex -0.079027 -0.256370 0.221616
vertex -0.078382 -0.256369 0.221239
endloop
endfacet
facet normal 0.384877 -0.648621 0.656628
outer loop
vertex -0.078382 -0.256369 0.221239
vertex -0.079027 -0.256370 0.221616
vertex -0.080053 -0.257234 0.221364
endloop
endfacet
facet normal 0.392745 -0.667416 0.632698
outer loop
vertex -0.078382 -0.256369 0.221239
vertex -0.080053 -0.257234 0.221364
vertex -0.079845 -0.257230 0.221239
endloop
endfacet
facet normal 0.282413 -0.629133 -0.724179
outer loop
vertex -0.080551 -0.257547 0.221239
vertex -0.080418 -0.257234 0.221019
vertex -0.079845 -0.257230 0.221239
endloop
endfacet
facet normal -0.042970 0.720989 -0.691613
outer loop
vertex -0.105454 0.257136 0.220474
vertex -0.105769 0.257851 0.221239
vertex -0.098000 0.258314 0.221239
endloop
endfacet
facet normal -0.035584 0.692860 -0.720193
outer loop
vertex -0.105454 0.257136 0.220474
vertex -0.098000 0.258314 0.221239
vertex -0.097577 0.257158 0.220106
endloop
endfacet
facet normal 0.019862 0.478289 0.877978
outer loop
vertex -0.082923 0.257195 0.221781
vertex -0.084899 0.258272 0.221239
vertex -0.089643 0.258469 0.221239
endloop
endfacet
facet normal 0.023881 0.495394 0.868340
outer loop
vertex -0.082923 0.257195 0.221781
vertex -0.089643 0.258469 0.221239
vertex -0.089727 0.257204 0.221963
endloop
endfacet
facet normal -0.085516 0.000000 0.996337
outer loop
vertex -0.073054 0.076424 0.221239
vertex -0.073054 0.000000 0.221239
vertex -0.056498 0.000000 0.222660
endloop
endfacet
facet normal -0.085516 0.000000 0.996337
outer loop
vertex -0.073054 0.076424 0.221239
vertex -0.056498 0.000000 0.222660
vertex -0.056498 0.076424 0.222660
endloop
endfacet
facet normal -0.074117 0.561030 0.824471
outer loop
vertex -0.112740 0.257178 0.221294
vertex -0.112724 0.257261 0.221239
vertex -0.113451 0.257165 0.221239
endloop
endfacet
facet normal 0.037551 0.659817 -0.750488
outer loop
vertex -0.084899 0.258272 0.221239
vertex -0.084416 0.257181 0.220304
vertex -0.089557 0.257171 0.220038
endloop
endfacet
facet normal 0.028228 0.679885 -0.732775
outer loop
vertex -0.084899 0.258272 0.221239
vertex -0.089557 0.257171 0.220038
vertex -0.089643 0.258469 0.221239
endloop
endfacet
facet normal -0.086569 -0.021039 -0.996024
outer loop
vertex -0.039798 0.096374 0.217438
vertex -0.058990 0.096378 0.219106
vertex -0.112232 0.255423 0.220374
endloop
endfacet
facet normal -0.089737 -0.022487 -0.995712
outer loop
vertex -0.039798 0.096374 0.217438
vertex -0.112232 0.255423 0.220374
vertex -0.104731 0.255423 0.219698
endloop
endfacet
facet normal 0.107379 0.597054 0.794982
outer loop
vertex -0.084899 0.258272 0.221239
vertex -0.082923 0.257195 0.221781
vertex -0.080053 0.257234 0.221364
endloop
endfacet
facet normal 0.079408 0.476226 0.875730
outer loop
vertex -0.084899 0.258272 0.221239
vertex -0.080053 0.257234 0.221364
vertex -0.080551 0.257547 0.221239
endloop
endfacet
facet normal 0.351142 0.000000 -0.936322
outer loop
vertex 0.036946 0.076424 0.221239
vertex 0.036946 0.000000 0.221239
vertex 0.031493 0.000000 0.219194
endloop
endfacet
facet normal 0.351142 0.000000 -0.936322
outer loop
vertex 0.036946 0.076424 0.221239
vertex 0.031493 0.000000 0.219194
vertex 0.031493 0.076424 0.219194
endloop
endfacet
facet normal -0.009220 0.497161 0.867609
outer loop
vertex -0.089727 0.257204 0.221963
vertex -0.089643 0.258469 0.221239
vertex -0.098000 0.258314 0.221239
endloop
endfacet
facet normal -0.007741 0.505199 0.862968
outer loop
vertex -0.089727 0.257204 0.221963
vertex -0.098000 0.258314 0.221239
vertex -0.098406 0.257206 0.221884
endloop
endfacet
facet normal -0.026532 0.538938 0.841927
outer loop
vertex -0.105769 0.257851 0.221239
vertex -0.106060 0.257190 0.221653
vertex -0.098406 0.257206 0.221884
endloop
endfacet
facet normal -0.030460 0.511161 0.858945
outer loop
vertex -0.105769 0.257851 0.221239
vertex -0.098406 0.257206 0.221884
vertex -0.098000 0.258314 0.221239
endloop
endfacet
facet normal -0.045525 0.557804 0.828723
outer loop
vertex -0.112724 0.257261 0.221239
vertex -0.112740 0.257178 0.221294
vertex -0.106060 0.257190 0.221653
endloop
endfacet
facet normal -0.046215 0.544766 0.837314
outer loop
vertex -0.112724 0.257261 0.221239
vertex -0.106060 0.257190 0.221653
vertex -0.105769 0.257851 0.221239
endloop
endfacet
facet normal -0.085564 -0.023281 0.996061
outer loop
vertex -0.075748 0.096380 0.221239
vertex -0.059799 0.096378 0.222609
vertex -0.112549 0.255423 0.221795
endloop
endfacet
facet normal -0.088806 -0.024031 0.995759
outer loop
vertex -0.075748 0.096380 0.221239
vertex -0.112549 0.255423 0.221795
vertex -0.118783 0.255423 0.221239
endloop
endfacet
facet normal -0.092739 0.702147 -0.705967
outer loop
vertex -0.113451 0.257165 0.221239
vertex -0.112724 0.257261 0.221239
vertex -0.112704 0.257154 0.221130
endloop
endfacet
facet normal -0.086516 0.000000 -0.996251
outer loop
vertex -0.055657 0.076424 0.219027
vertex -0.035736 0.076424 0.217297
vertex -0.035736 0.000000 0.217297
endloop
endfacet
facet normal -0.086518 0.000000 -0.996250
outer loop
vertex -0.055657 0.076424 0.219027
vertex -0.035736 0.000000 0.217297
vertex -0.055657 0.000000 0.219027
endloop
endfacet
facet normal -0.040194 0.000000 -0.999192
outer loop
vertex -0.035736 0.076424 0.217297
vertex -0.014730 0.076424 0.216452
vertex -0.014730 0.000000 0.216452
endloop
endfacet
facet normal -0.040194 0.000000 -0.999192
outer loop
vertex -0.035736 0.076424 0.217297
vertex -0.014730 0.000000 0.216452
vertex -0.035736 0.000000 0.217297
endloop
endfacet
facet normal -0.004779 0.000000 -0.999989
outer loop
vertex -0.014730 0.076424 0.216452
vertex 0.006190 0.076424 0.216352
vertex 0.006190 0.000000 0.216352
endloop
endfacet
facet normal -0.004781 0.000000 -0.999989
outer loop
vertex -0.014730 0.076424 0.216452
vertex 0.006190 0.000000 0.216352
vertex -0.014730 0.000000 0.216452
endloop
endfacet
facet normal 0.054615 0.000000 -0.998508
outer loop
vertex 0.006190 0.076424 0.216352
vertex 0.020743 0.076424 0.217148
vertex 0.020743 0.000000 0.217148
endloop
endfacet
facet normal 0.054612 0.000000 -0.998508
outer loop
vertex 0.006190 0.076424 0.216352
vertex 0.020743 0.000000 0.217148
vertex 0.006190 0.000000 0.216352
endloop
endfacet
facet normal 0.186967 0.000000 -0.982366
outer loop
vertex 0.020743 0.076424 0.217148
vertex 0.031493 0.076424 0.219194
vertex 0.031493 0.000000 0.219194
endloop
endfacet
facet normal 0.186972 0.000000 -0.982365
outer loop
vertex 0.020743 0.076424 0.217148
vertex 0.031493 0.000000 0.219194
vertex 0.020743 0.000000 0.217148
endloop
endfacet
facet normal 0.510206 0.000000 0.860052
outer loop
vertex 0.036946 0.076424 0.221239
vertex 0.034999 0.076424 0.222394
vertex 0.034999 0.000000 0.222394
endloop
endfacet
facet normal 0.510206 0.000000 0.860052
outer loop
vertex 0.036946 0.076424 0.221239
vertex 0.034999 0.000000 0.222394
vertex 0.036946 0.000000 0.221239
endloop
endfacet
facet normal 0.343070 0.764113 0.546292
outer loop
vertex -0.080053 0.257234 0.221364
vertex -0.079845 0.257230 0.221239
vertex -0.080551 0.257547 0.221239
endloop
endfacet
facet normal 0.166594 0.000000 0.986026
outer loop
vertex 0.027642 0.076424 0.223637
vertex 0.027642 0.000000 0.223637
vertex 0.034999 0.000000 0.222394
endloop
endfacet
facet normal 0.166594 0.000000 0.986026
outer loop
vertex 0.027642 0.076424 0.223637
vertex 0.034999 0.000000 0.222394
vertex 0.034999 0.076424 0.222394
endloop
endfacet
facet normal 0.027991 0.000000 0.999608
outer loop
vertex 0.005463 0.076424 0.224258
vertex 0.005463 0.000000 0.224258
vertex 0.027642 0.000000 0.223637
endloop
endfacet
facet normal 0.027987 0.000000 0.999608
outer loop
vertex 0.005463 0.076424 0.224258
vertex 0.027642 0.000000 0.223637
vertex 0.027642 0.076424 0.223637
endloop
endfacet
facet normal -0.007402 0.000000 0.999973
outer loop
vertex -0.018447 0.076424 0.224081
vertex -0.018447 0.000000 0.224081
vertex 0.005463 0.000000 0.224258
endloop
endfacet
facet normal -0.007404 0.000000 0.999973
outer loop
vertex -0.018447 0.076424 0.224081
vertex 0.005463 0.000000 0.224258
vertex 0.005463 0.076424 0.224258
endloop
endfacet
facet normal -0.025785 0.000000 0.999667
outer loop
vertex -0.039112 0.000000 0.223548
vertex -0.018447 0.000000 0.224081
vertex -0.018447 0.076424 0.224081
endloop
endfacet
facet normal -0.025783 0.000000 0.999667
outer loop
vertex -0.039112 0.000000 0.223548
vertex -0.018447 0.076424 0.224081
vertex -0.039112 0.076424 0.223548
endloop
endfacet
facet normal -0.051008 0.000000 0.998698
outer loop
vertex -0.056498 0.000000 0.222660
vertex -0.039112 0.000000 0.223548
vertex -0.039112 0.076424 0.223548
endloop
endfacet
facet normal -0.051008 0.000000 0.998698
outer loop
vertex -0.056498 0.000000 0.222660
vertex -0.039112 0.076424 0.223548
vertex -0.056498 0.076424 0.222660
endloop
endfacet
facet normal -0.126130 0.000000 -0.992014
outer loop
vertex -0.073054 0.000000 0.221239
vertex -0.073054 0.076424 0.221239
vertex -0.055657 0.076424 0.219027
endloop
endfacet
facet normal -0.126136 0.000000 -0.992013
outer loop
vertex -0.073054 0.000000 0.221239
vertex -0.055657 0.076424 0.219027
vertex -0.055657 0.000000 0.219027
endloop
endfacet
facet normal 0.500923 0.338549 0.796531
outer loop
vertex -0.077383 0.255432 0.221239
vertex -0.078101 0.255431 0.221691
vertex 0.028387 0.096303 0.222353
endloop
endfacet
facet normal 0.482564 0.326437 0.812755
outer loop
vertex -0.077383 0.255432 0.221239
vertex 0.028387 0.096303 0.222353
vertex 0.030268 0.096296 0.221239
endloop
endfacet
facet normal 0.165560 0.114867 0.979487
outer loop
vertex 0.021282 0.096328 0.223551
vertex 0.028387 0.096303 0.222353
vertex -0.078101 0.255431 0.221691
endloop
endfacet
facet normal 0.171600 0.118614 0.978000
outer loop
vertex 0.021282 0.096328 0.223551
vertex -0.078101 0.255431 0.221691
vertex -0.080869 0.255428 0.222177
endloop
endfacet
facet normal 0.054581 0.048292 -0.997341
outer loop
vertex 0.014633 0.096333 0.217294
vertex 0.000601 0.096352 0.216527
vertex -0.088945 0.255426 0.219329
endloop
endfacet
facet normal 0.056594 0.049601 -0.997164
outer loop
vertex 0.014633 0.096333 0.217294
vertex -0.088945 0.255426 0.219329
vertex -0.083467 0.255428 0.219640
endloop
endfacet
facet normal -0.004750 0.014948 -0.999877
outer loop
vertex 0.000601 0.096352 0.216527
vertex -0.019559 0.096365 0.216623
vertex -0.096822 0.255424 0.219368
endloop
endfacet
facet normal -0.004955 0.014824 -0.999878
outer loop
vertex 0.000601 0.096352 0.216527
vertex -0.096822 0.255424 0.219368
vertex -0.088945 0.255426 0.219329
endloop
endfacet
facet normal -0.025808 -0.001945 0.999665
outer loop
vertex -0.043049 0.096372 0.223465
vertex -0.023139 0.096363 0.223979
vertex -0.098222 0.255425 0.222350
endloop
endfacet
facet normal -0.026720 -0.002263 0.999640
outer loop
vertex -0.043049 0.096372 0.223465
vertex -0.098222 0.255425 0.222350
vertex -0.106002 0.255423 0.222142
endloop
endfacet
facet normal -0.051040 -0.011895 0.998626
outer loop
vertex -0.059799 0.096378 0.222609
vertex -0.043049 0.096372 0.223465
vertex -0.106002 0.255423 0.222142
endloop
endfacet
facet normal -0.052921 -0.012442 0.998521
outer loop
vertex -0.059799 0.096378 0.222609
vertex -0.106002 0.255423 0.222142
vertex -0.112549 0.255423 0.221795
endloop
endfacet
facet normal 0.112529 0.674853 -0.729322
outer loop
vertex -0.084416 0.257181 0.220304
vertex -0.084899 0.258272 0.221239
vertex -0.080551 0.257547 0.221239
endloop
endfacet
facet normal 0.132123 0.607036 -0.783614
outer loop
vertex -0.084416 0.257181 0.220304
vertex -0.080551 0.257547 0.221239
vertex -0.080418 0.257234 0.221019
endloop
endfacet
facet normal -0.040236 -0.002229 -0.999188
outer loop
vertex -0.019559 0.096365 0.216623
vertex -0.039798 0.096374 0.217438
vertex -0.104731 0.255423 0.219698
endloop
endfacet
facet normal -0.041691 -0.003007 -0.999126
outer loop
vertex -0.019559 0.096365 0.216623
vertex -0.104731 0.255423 0.219698
vertex -0.096822 0.255424 0.219368
endloop
endfacet
facet normal -0.007326 0.678864 -0.734228
outer loop
vertex -0.089643 0.258469 0.221239
vertex -0.089557 0.257171 0.220038
vertex -0.097577 0.257158 0.220106
endloop
endfacet
facet normal -0.012932 0.697497 -0.716471
outer loop
vertex -0.089643 0.258469 0.221239
vertex -0.097577 0.257158 0.220106
vertex -0.098000 0.258314 0.221239
endloop
endfacet
facet normal -0.007419 0.006719 0.999950
outer loop
vertex -0.023139 0.096363 0.223979
vertex -0.000097 0.096349 0.224150
vertex -0.089219 0.255426 0.222420
endloop
endfacet
facet normal -0.007774 0.006570 0.999948
outer loop
vertex -0.023139 0.096363 0.223979
vertex -0.089219 0.255426 0.222420
vertex -0.098222 0.255425 0.222350
endloop
endfacet
facet normal 0.028021 0.026622 0.999253
outer loop
vertex -0.000097 0.096349 0.224150
vertex 0.021282 0.096328 0.223551
vertex -0.080869 0.255428 0.222177
endloop
endfacet
facet normal 0.029074 0.027155 0.999208
outer loop
vertex -0.000097 0.096349 0.224150
vertex -0.080869 0.255428 0.222177
vertex -0.089219 0.255426 0.222420
endloop
endfacet
facet normal 0.185586 0.128799 -0.974150
outer loop
vertex 0.025004 0.096312 0.219267
vertex 0.014633 0.096333 0.217294
vertex -0.083467 0.255428 0.219640
endloop
endfacet
facet normal 0.192135 0.133256 -0.972279
outer loop
vertex 0.025004 0.096312 0.219267
vertex -0.083467 0.255428 0.219640
vertex -0.079420 0.255430 0.220440
endloop
endfacet
facet normal -0.059958 0.706708 -0.704960
outer loop
vertex -0.112704 0.257154 0.221130
vertex -0.112724 0.257261 0.221239
vertex -0.105769 0.257851 0.221239
endloop
endfacet
facet normal -0.061093 0.716521 -0.694885
outer loop
vertex -0.112704 0.257154 0.221130
vertex -0.105769 0.257851 0.221239
vertex -0.105454 0.257136 0.220474
endloop
endfacet
facet normal -0.126195 -0.034146 -0.991418
outer loop
vertex -0.058990 0.096378 0.219106
vertex -0.075748 0.096380 0.221239
vertex -0.118783 0.255423 0.221239
endloop
endfacet
facet normal -0.130821 -0.035894 -0.990756
outer loop
vertex -0.058990 0.096378 0.219106
vertex -0.118783 0.255423 0.221239
vertex -0.112232 0.255423 0.220374
endloop
endfacet
facet normal 0.185956 0.107646 -0.976644
outer loop
vertex 0.025004 0.096312 0.219267
vertex 0.027488 0.091767 0.219239
vertex 0.016971 0.091780 0.217238
endloop
endfacet
facet normal 0.186012 0.107533 -0.976645
outer loop
vertex 0.025004 0.096312 0.219267
vertex 0.016971 0.091780 0.217238
vertex 0.014633 0.096333 0.217294
endloop
endfacet
facet normal 0.186376 0.077346 -0.979429
outer loop
vertex 0.018954 0.086397 0.217191
vertex 0.027488 0.091767 0.219239
vertex 0.029593 0.086391 0.219215
endloop
endfacet
facet normal 0.186443 0.077234 -0.979425
outer loop
vertex 0.016971 0.091780 0.217238
vertex 0.027488 0.091767 0.219239
vertex 0.018954 0.086397 0.217191
endloop
endfacet
facet normal 0.186685 0.051630 -0.981062
outer loop
vertex 0.020278 0.081005 0.217159
vertex 0.029593 0.086391 0.219215
vertex 0.030999 0.081003 0.219199
endloop
endfacet
facet normal 0.186672 0.051658 -0.981063
outer loop
vertex 0.018954 0.086397 0.217191
vertex 0.029593 0.086391 0.219215
vertex 0.020278 0.081005 0.217159
endloop
endfacet
facet normal 0.186927 0.021240 -0.982144
outer loop
vertex 0.030999 0.081003 0.219199
vertex 0.031493 0.076424 0.219194
vertex 0.020743 0.076424 0.217148
endloop
endfacet
facet normal 0.186886 0.021328 -0.982150
outer loop
vertex 0.030999 0.081003 0.219199
vertex 0.020743 0.076424 0.217148
vertex 0.020278 0.081005 0.217159
endloop
endfacet
facet normal -0.007426 0.001059 0.999972
outer loop
vertex 0.005463 0.076424 0.224258
vertex 0.005039 0.081006 0.224250
vertex -0.018804 0.081007 0.224073
endloop
endfacet
facet normal -0.007402 0.001169 0.999972
outer loop
vertex 0.005463 0.076424 0.224258
vertex -0.018804 0.081007 0.224073
vertex -0.018447 0.076424 0.224081
endloop
endfacet
facet normal -0.007439 0.002602 0.999969
outer loop
vertex 0.005039 0.081006 0.224250
vertex 0.003834 0.086402 0.224227
vertex -0.019821 0.086406 0.224051
endloop
endfacet
facet normal -0.007425 0.002675 0.999969
outer loop
vertex 0.005039 0.081006 0.224250
vertex -0.019821 0.086406 0.224051
vertex -0.018804 0.081007 0.224073
endloop
endfacet
facet normal -0.007442 0.004005 0.999964
outer loop
vertex 0.003834 0.086402 0.224227
vertex 0.002030 0.091789 0.224192
vertex -0.021343 0.091798 0.224018
endloop
endfacet
facet normal -0.007441 0.004021 0.999964
outer loop
vertex 0.003834 0.086402 0.224227
vertex -0.021343 0.091798 0.224018
vertex -0.019821 0.086406 0.224051
endloop
endfacet
facet normal -0.007416 0.005748 0.999956
outer loop
vertex 0.002030 0.091789 0.224192
vertex -0.000097 0.096349 0.224150
vertex -0.023139 0.096363 0.223979
endloop
endfacet
facet normal -0.007444 0.005614 0.999957
outer loop
vertex 0.002030 0.091789 0.224192
vertex -0.023139 0.096363 0.223979
vertex -0.021343 0.091798 0.224018
endloop
endfacet
facet normal 0.028019 0.004489 0.999597
outer loop
vertex 0.027642 0.076424 0.223637
vertex 0.027158 0.081005 0.223630
vertex 0.005039 0.081006 0.224250
endloop
endfacet
facet normal 0.027991 0.004336 0.999599
outer loop
vertex 0.027642 0.076424 0.223637
vertex 0.005039 0.081006 0.224250
vertex 0.005463 0.076424 0.224258
endloop
endfacet
facet normal 0.028014 0.010504 0.999552
outer loop
vertex 0.027158 0.081005 0.223630
vertex 0.025779 0.086396 0.223612
vertex 0.003834 0.086402 0.224227
endloop
endfacet
facet normal 0.028020 0.010519 0.999552
outer loop
vertex 0.027158 0.081005 0.223630
vertex 0.003834 0.086402 0.224227
vertex 0.005039 0.081006 0.224250
endloop
endfacet
facet normal 0.028029 0.015947 0.999480
outer loop
vertex 0.025779 0.086396 0.223612
vertex 0.023716 0.091777 0.223584
vertex 0.002030 0.091789 0.224192
endloop
endfacet
facet normal 0.028014 0.015876 0.999481
outer loop
vertex 0.025779 0.086396 0.223612
vertex 0.002030 0.091789 0.224192
vertex 0.003834 0.086402 0.224227
endloop
endfacet
facet normal 0.028021 0.022232 0.999360
outer loop
vertex 0.023716 0.091777 0.223584
vertex 0.021282 0.096328 0.223551
vertex -0.000097 0.096349 0.224150
endloop
endfacet
facet normal 0.028031 0.022278 0.999359
outer loop
vertex 0.023716 0.091777 0.223584
vertex -0.000097 0.096349 0.224150
vertex 0.002030 0.091789 0.224192
endloop
endfacet
facet normal 0.166487 0.018973 0.985861
outer loop
vertex 0.034999 0.076424 0.222394
vertex 0.034495 0.081003 0.222391
vertex 0.027158 0.081005 0.223630
endloop
endfacet
facet normal 0.166561 0.019105 0.985846
outer loop
vertex 0.034999 0.076424 0.222394
vertex 0.027158 0.081005 0.223630
vertex 0.027642 0.076424 0.223637
endloop
endfacet
facet normal 0.166396 0.045917 0.984989
outer loop
vertex 0.034495 0.081003 0.222391
vertex 0.033062 0.086389 0.222382
vertex 0.025779 0.086396 0.223612
endloop
endfacet
facet normal 0.166349 0.045841 0.985001
outer loop
vertex 0.034495 0.081003 0.222391
vertex 0.025779 0.086396 0.223612
vertex 0.027158 0.081005 0.223630
endloop
endfacet
facet normal 0.166262 0.068949 0.983668
outer loop
vertex 0.033062 0.086389 0.222382
vertex 0.030917 0.091761 0.222368
vertex 0.023716 0.091777 0.223584
endloop
endfacet
facet normal 0.166194 0.068836 0.983688
outer loop
vertex 0.033062 0.086389 0.222382
vertex 0.023716 0.091777 0.223584
vertex 0.025779 0.086396 0.223612
endloop
endfacet
facet normal 0.165838 0.095615 0.981507
outer loop
vertex 0.030917 0.091761 0.222368
vertex 0.028387 0.096303 0.222353
vertex 0.021282 0.096328 0.223551
endloop
endfacet
facet normal 0.165950 0.095868 0.981463
outer loop
vertex 0.030917 0.091761 0.222368
vertex 0.021282 0.096328 0.223551
vertex 0.023716 0.091777 0.223584
endloop
endfacet
facet normal -0.086566 -0.017670 -0.996089
outer loop
vertex -0.039798 0.096374 0.217438
vertex -0.038244 0.091805 0.217384
vertex -0.057714 0.091808 0.219076
endloop
endfacet
facet normal -0.086572 -0.017632 -0.996090
outer loop
vertex -0.039798 0.096374 0.217438
vertex -0.057714 0.091808 0.219076
vertex -0.058990 0.096378 0.219106
endloop
endfacet
facet normal -0.086488 -0.012883 -0.996170
outer loop
vertex -0.038244 0.091805 0.217384
vertex -0.037536 0.088907 0.217360
vertex -0.048423 0.088460 0.218311
endloop
endfacet
facet normal -0.086147 -0.013927 -0.996185
outer loop
vertex -0.038244 0.091805 0.217384
vertex -0.048423 0.088460 0.218311
vertex -0.050002 0.088356 0.218449
endloop
endfacet
facet normal -0.086583 -0.012498 -0.996166
outer loop
vertex -0.050002 0.088356 0.218449
vertex -0.056931 0.087898 0.219057
vertex -0.057714 0.091808 0.219076
endloop
endfacet
facet normal -0.086572 -0.012470 -0.996168
outer loop
vertex -0.050002 0.088356 0.218449
vertex -0.057714 0.091808 0.219076
vertex -0.038244 0.091805 0.217384
endloop
endfacet
facet normal -0.086442 -0.008282 -0.996222
outer loop
vertex -0.041785 0.084148 0.217780
vertex -0.036520 0.083921 0.217325
vertex -0.036045 0.081008 0.217308
endloop
endfacet
facet normal -0.086503 -0.008408 -0.996216
outer loop
vertex -0.036045 0.081008 0.217308
vertex -0.055911 0.081008 0.219033
vertex -0.044525 0.084247 0.218017
endloop
endfacet
facet normal -0.086474 -0.008323 -0.996219
outer loop
vertex -0.036045 0.081008 0.217308
vertex -0.044525 0.084247 0.218017
vertex -0.041785 0.084148 0.217780
endloop
endfacet
facet normal -0.086509 -0.008392 -0.996216
outer loop
vertex -0.048385 0.084387 0.218351
vertex -0.044525 0.084247 0.218017
vertex -0.055911 0.081008 0.219033
endloop
endfacet
facet normal -0.086291 -0.008509 -0.996234
outer loop
vertex -0.055911 0.081008 0.219033
vertex -0.056439 0.084959 0.219045
vertex -0.053756 0.084790 0.218814
endloop
endfacet
facet normal -0.086513 -0.008395 -0.996215
outer loop
vertex -0.055911 0.081008 0.219033
vertex -0.053756 0.084790 0.218814
vertex -0.048385 0.084387 0.218351
endloop
endfacet
facet normal -0.086516 -0.003442 -0.996244
outer loop
vertex -0.036045 0.081008 0.217308
vertex -0.035736 0.076424 0.217297
vertex -0.055657 0.076424 0.219027
endloop
endfacet
facet normal -0.086506 -0.003488 -0.996245
outer loop
vertex -0.036045 0.081008 0.217308
vertex -0.055657 0.076424 0.219027
vertex -0.055911 0.081008 0.219033
endloop
endfacet
facet normal -0.040196 -0.002045 -0.999190
outer loop
vertex -0.019559 0.096365 0.216623
vertex -0.017711 0.091800 0.216558
vertex -0.038244 0.091805 0.217384
endloop
endfacet
facet normal -0.040239 -0.001876 -0.999188
outer loop
vertex -0.019559 0.096365 0.216623
vertex -0.038244 0.091805 0.217384
vertex -0.039798 0.096374 0.217438
endloop
endfacet
facet normal -0.040220 -0.001503 -0.999190
outer loop
vertex -0.017711 0.091800 0.216558
vertex -0.016970 0.089248 0.216532
vertex -0.027029 0.089186 0.216937
endloop
endfacet
facet normal -0.040157 -0.001539 -0.999192
outer loop
vertex -0.034356 0.089032 0.217232
vertex -0.037536 0.088907 0.217360
vertex -0.038244 0.091805 0.217384
endloop
endfacet
facet normal -0.040195 -0.001591 -0.999191
outer loop
vertex -0.038244 0.091805 0.217384
vertex -0.017711 0.091800 0.216558
vertex -0.027029 0.089186 0.216937
endloop
endfacet
facet normal -0.040148 -0.001542 -0.999193
outer loop
vertex -0.030654 0.089163 0.217083
vertex -0.034356 0.089032 0.217232
vertex -0.038244 0.091805 0.217384
endloop
endfacet
facet normal -0.040252 -0.001749 -0.999188
outer loop
vertex -0.038244 0.091805 0.217384
vertex -0.027029 0.089186 0.216937
vertex -0.030654 0.089163 0.217083
endloop
endfacet
facet normal -0.040208 -0.000835 -0.999191
outer loop
vertex -0.015598 0.083592 0.216483
vertex -0.015097 0.081007 0.216465
vertex -0.036045 0.081008 0.217308
endloop
endfacet
facet normal -0.040170 -0.001210 -0.999192
outer loop
vertex -0.015598 0.083592 0.216483
vertex -0.036045 0.081008 0.217308
vertex -0.026273 0.083659 0.216912
endloop
endfacet
facet normal -0.040086 -0.001400 -0.999195
outer loop
vertex -0.028067 0.083670 0.216984
vertex -0.026273 0.083659 0.216912
vertex -0.036045 0.081008 0.217308
endloop
endfacet
facet normal -0.040338 -0.000746 -0.999186
outer loop
vertex -0.036045 0.081008 0.217308
vertex -0.036520 0.083921 0.217325
vertex -0.030645 0.083685 0.217088
endloop
endfacet
facet normal -0.040314 -0.000800 -0.999187
outer loop
vertex -0.036045 0.081008 0.217308
vertex -0.030645 0.083685 0.217088
vertex -0.028067 0.083670 0.216984
endloop
endfacet
facet normal -0.040194 -0.000386 -0.999192
outer loop
vertex -0.015097 0.081007 0.216465
vertex -0.014730 0.076424 0.216452
vertex -0.035736 0.076424 0.217297
endloop
endfacet
facet normal -0.040210 -0.000313 -0.999191
outer loop
vertex -0.015097 0.081007 0.216465
vertex -0.035736 0.076424 0.217297
vertex -0.036045 0.081008 0.217308
endloop
endfacet
facet normal -0.004785 0.012443 -0.999911
outer loop
vertex 0.000601 0.096352 0.216527
vertex 0.002740 0.091791 0.216460
vertex -0.017711 0.091800 0.216558
endloop
endfacet
facet normal -0.004755 0.012313 -0.999913
outer loop
vertex 0.000601 0.096352 0.216527
vertex -0.017711 0.091800 0.216558
vertex -0.019559 0.096365 0.216623
endloop
endfacet
facet normal -0.004728 0.008748 -0.999951
outer loop
vertex -0.003572 0.088836 0.216464
vertex -0.007105 0.088984 0.216482
vertex 0.002740 0.091791 0.216460
endloop
endfacet
facet normal -0.004642 0.008760 -0.999951
outer loop
vertex 0.002740 0.091791 0.216460
vertex 0.004044 0.087914 0.216420
vertex -0.001681 0.088766 0.216454
endloop
endfacet
facet normal -0.004922 0.009214 -0.999945
outer loop
vertex 0.002740 0.091791 0.216460
vertex -0.001681 0.088766 0.216454
vertex -0.003572 0.088836 0.216464
endloop
endfacet
facet normal -0.005122 0.008694 -0.999949
outer loop
vertex -0.014801 0.089261 0.216521
vertex -0.016970 0.089248 0.216532
vertex -0.017711 0.091800 0.216558
endloop
endfacet
facet normal -0.004788 0.008955 -0.999948
outer loop
vertex -0.017711 0.091800 0.216558
vertex 0.002740 0.091791 0.216460
vertex -0.007105 0.088984 0.216482
endloop
endfacet
facet normal -0.004230 0.009741 -0.999944
outer loop
vertex -0.013842 0.089266 0.216517
vertex -0.014801 0.089261 0.216521
vertex -0.017711 0.091800 0.216558
endloop
endfacet
facet normal -0.004829 0.008807 -0.999950
outer loop
vertex -0.017711 0.091800 0.216558
vertex -0.007105 0.088984 0.216482
vertex -0.013842 0.089266 0.216517
endloop
endfacet
facet normal -0.004819 0.005886 -0.999971
outer loop
vertex 0.000068 0.084331 0.216413
vertex 0.004862 0.085027 0.216394
vertex 0.005764 0.081006 0.216366
endloop
endfacet
facet normal -0.004744 0.005843 -0.999972
outer loop
vertex 0.005764 0.081006 0.216366
vertex -0.015097 0.081007 0.216465
vertex -0.004275 0.083979 0.216431
endloop
endfacet
facet normal -0.004614 0.006231 -0.999970
outer loop
vertex -0.001782 0.084082 0.216420
vertex 0.000068 0.084331 0.216413
vertex 0.005764 0.081006 0.216366
endloop
endfacet
facet normal -0.004685 0.006101 -0.999970
outer loop
vertex 0.005764 0.081006 0.216366
vertex -0.004275 0.083979 0.216431
vertex -0.001782 0.084082 0.216420
endloop
endfacet
facet normal -0.004806 0.006032 -0.999970
outer loop
vertex -0.015097 0.081007 0.216465
vertex -0.015598 0.083592 0.216483
vertex -0.013946 0.083582 0.216475
endloop
endfacet
facet normal -0.004764 0.005917 -0.999971
outer loop
vertex -0.013341 0.083605 0.216472
vertex -0.004275 0.083979 0.216431
vertex -0.015097 0.081007 0.216465
endloop
endfacet
facet normal -0.005205 0.006201 -0.999967
outer loop
vertex -0.015097 0.081007 0.216465
vertex -0.013946 0.083582 0.216475
vertex -0.013341 0.083605 0.216472
endloop
endfacet
facet normal -0.004780 0.002609 -0.999985
outer loop
vertex 0.005764 0.081006 0.216366
vertex 0.006190 0.076424 0.216352
vertex -0.014730 0.076424 0.216452
endloop
endfacet
facet normal -0.004746 0.002455 -0.999986
outer loop
vertex 0.005764 0.081006 0.216366
vertex -0.014730 0.076424 0.216452
vertex -0.015097 0.081007 0.216465
endloop
endfacet
facet normal 0.054575 0.040295 -0.997696
outer loop
vertex 0.014633 0.096333 0.217294
vertex 0.016971 0.091780 0.217238
vertex 0.002740 0.091791 0.216460
endloop
endfacet
facet normal 0.054591 0.040256 -0.997697
outer loop
vertex 0.014633 0.096333 0.217294
vertex 0.002740 0.091791 0.216460
vertex 0.000601 0.096352 0.216527
endloop
endfacet
facet normal 0.055450 0.026968 -0.998097
outer loop
vertex 0.007712 0.087513 0.216609
vertex 0.007236 0.087565 0.216584
vertex 0.016971 0.091780 0.217238
endloop
endfacet
facet normal 0.054522 0.039968 -0.997712
outer loop
vertex 0.018954 0.086397 0.217191
vertex 0.010921 0.086400 0.216752
vertex 0.010995 0.086424 0.216757
endloop
endfacet
facet normal 0.063259 0.055523 -0.996451
outer loop
vertex 0.010995 0.086424 0.216757
vertex 0.009299 0.086959 0.216679
vertex 0.007712 0.087513 0.216609
endloop
endfacet
facet normal 0.054531 0.028802 -0.998097
outer loop
vertex 0.007712 0.087513 0.216609
vertex 0.016971 0.091780 0.217238
vertex 0.018954 0.086397 0.217191
endloop
endfacet
facet normal 0.054520 0.028725 -0.998099
outer loop
vertex 0.018954 0.086397 0.217191
vertex 0.010995 0.086424 0.216757
vertex 0.007712 0.087513 0.216609
endloop
endfacet
facet normal 0.054811 0.028712 -0.998084
outer loop
vertex 0.004414 0.087869 0.216439
vertex 0.004044 0.087914 0.216420
vertex 0.002740 0.091791 0.216460
endloop
endfacet
facet normal 0.054584 0.028790 -0.998094
outer loop
vertex 0.002740 0.091791 0.216460
vertex 0.016971 0.091780 0.217238
vertex 0.007236 0.087565 0.216584
endloop
endfacet
facet normal 0.054365 0.028550 -0.998113
outer loop
vertex 0.002740 0.091791 0.216460
vertex 0.007236 0.087565 0.216584
vertex 0.004414 0.087869 0.216439
endloop
endfacet
facet normal 0.054550 0.019317 -0.998324
outer loop
vertex 0.005764 0.081006 0.216366
vertex 0.018954 0.086397 0.217191
vertex 0.020278 0.081005 0.217159
endloop
endfacet
facet normal 0.054566 0.019132 -0.998327
outer loop
vertex 0.009294 0.085875 0.216653
vertex 0.010921 0.086400 0.216752
vertex 0.018954 0.086397 0.217191
endloop
endfacet
facet normal 0.054590 0.019202 -0.998324
outer loop
vertex 0.018954 0.086397 0.217191
vertex 0.005764 0.081006 0.216366
vertex 0.004862 0.085027 0.216394
endloop
endfacet
facet normal 0.054610 0.018354 -0.998339
outer loop
vertex 0.007501 0.085335 0.216545
vertex 0.009294 0.085875 0.216653
vertex 0.018954 0.086397 0.217191
endloop
endfacet
facet normal 0.053122 0.033792 -0.998016
outer loop
vertex 0.018954 0.086397 0.217191
vertex 0.004862 0.085027 0.216394
vertex 0.007501 0.085335 0.216545
endloop
endfacet
facet normal 0.054611 0.007941 -0.998476
outer loop
vertex 0.020278 0.081005 0.217159
vertex 0.020743 0.076424 0.217148
vertex 0.006190 0.076424 0.216352
endloop
endfacet
facet normal 0.054558 0.008121 -0.998478
outer loop
vertex 0.020278 0.081005 0.217159
vertex 0.006190 0.076424 0.216352
vertex 0.005764 0.081006 0.216366
endloop
endfacet
facet normal -0.025758 -0.000261 0.999668
outer loop
vertex -0.018447 0.076424 0.224081
vertex -0.018804 0.081007 0.224073
vertex -0.039411 0.081008 0.223542
endloop
endfacet
facet normal -0.025784 -0.000375 0.999667
outer loop
vertex -0.018447 0.076424 0.224081
vertex -0.039411 0.081008 0.223542
vertex -0.039112 0.076424 0.223548
endloop
endfacet
facet normal -0.025769 -0.000782 0.999668
outer loop
vertex -0.018804 0.081007 0.224073
vertex -0.019821 0.086406 0.224051
vertex -0.040265 0.086409 0.223524
endloop
endfacet
facet normal -0.025758 -0.000741 0.999668
outer loop
vertex -0.018804 0.081007 0.224073
vertex -0.040265 0.086409 0.223524
vertex -0.039411 0.081008 0.223542
endloop
endfacet
facet normal -0.025784 -0.001159 0.999667
outer loop
vertex -0.019821 0.086406 0.224051
vertex -0.021343 0.091798 0.224018
vertex -0.041542 0.091804 0.223497
endloop
endfacet
facet normal -0.025769 -0.001096 0.999667
outer loop
vertex -0.019821 0.086406 0.224051
vertex -0.041542 0.091804 0.223497
vertex -0.040265 0.086409 0.223524
endloop
endfacet
facet normal -0.025806 -0.001614 0.999666
outer loop
vertex -0.021343 0.091798 0.224018
vertex -0.023139 0.096363 0.223979
vertex -0.043049 0.096372 0.223465
endloop
endfacet
facet normal -0.025785 -0.001502 0.999666
outer loop
vertex -0.021343 0.091798 0.224018
vertex -0.043049 0.096372 0.223465
vertex -0.041542 0.091804 0.223497
endloop
endfacet
facet normal -0.051033 -0.002024 0.998695
outer loop
vertex -0.039112 0.076424 0.223548
vertex -0.039411 0.081008 0.223542
vertex -0.056749 0.081008 0.222656
endloop
endfacet
facet normal -0.051009 -0.001920 0.998696
outer loop
vertex -0.039112 0.076424 0.223548
vertex -0.056749 0.081008 0.222656
vertex -0.056498 0.076424 0.222660
endloop
endfacet
facet normal -0.051038 -0.004742 0.998685
outer loop
vertex -0.039411 0.081008 0.223542
vertex -0.040265 0.086409 0.223524
vertex -0.057465 0.086410 0.222645
endloop
endfacet
facet normal -0.051036 -0.004731 0.998686
outer loop
vertex -0.039411 0.081008 0.223542
vertex -0.057465 0.086410 0.222645
vertex -0.056749 0.081008 0.222656
endloop
endfacet
facet normal -0.051010 -0.007076 0.998673
outer loop
vertex -0.040265 0.086409 0.223524
vertex -0.041542 0.091804 0.223497
vertex -0.058536 0.091807 0.222629
endloop
endfacet
facet normal -0.051037 -0.007167 0.998671
outer loop
vertex -0.040265 0.086409 0.223524
vertex -0.058536 0.091807 0.222629
vertex -0.057465 0.086410 0.222645
endloop
endfacet
facet normal -0.051037 -0.009840 0.998648
outer loop
vertex -0.041542 0.091804 0.223497
vertex -0.043049 0.096372 0.223465
vertex -0.059799 0.096378 0.222609
endloop
endfacet
facet normal -0.051011 -0.009725 0.998651
outer loop
vertex -0.041542 0.091804 0.223497
vertex -0.059799 0.096378 0.222609
vertex -0.058536 0.091807 0.222629
endloop
endfacet
facet normal -0.085573 -0.019302 0.996145
outer loop
vertex -0.075748 0.096380 0.221239
vertex -0.074717 0.091809 0.221239
vertex -0.058536 0.091807 0.222629
endloop
endfacet
facet normal -0.085573 -0.019286 0.996145
outer loop
vertex -0.075748 0.096380 0.221239
vertex -0.058536 0.091807 0.222629
vertex -0.059799 0.096378 0.222609
endloop
endfacet
facet normal -0.085528 -0.013847 0.996240
outer loop
vertex -0.073843 0.086411 0.221239
vertex -0.057465 0.086410 0.222645
vertex -0.074717 0.091809 0.221239
endloop
endfacet
facet normal -0.085581 -0.014029 0.996232
outer loop
vertex -0.074717 0.091809 0.221239
vertex -0.057465 0.086410 0.222645
vertex -0.058536 0.091807 0.222629
endloop
endfacet
facet normal -0.085508 -0.009244 0.996295
outer loop
vertex -0.073259 0.081009 0.221239
vertex -0.056749 0.081008 0.222656
vertex -0.073843 0.086411 0.221239
endloop
endfacet
facet normal -0.085529 -0.009308 0.996292
outer loop
vertex -0.073843 0.086411 0.221239
vertex -0.056749 0.081008 0.222656
vertex -0.057465 0.086410 0.222645
endloop
endfacet
facet normal -0.085515 -0.003824 0.996329
outer loop
vertex -0.073259 0.081009 0.221239
vertex -0.073054 0.076424 0.221239
vertex -0.056498 0.076424 0.222660
endloop
endfacet
facet normal -0.085512 -0.003811 0.996330
outer loop
vertex -0.073259 0.081009 0.221239
vertex -0.056498 0.076424 0.222660
vertex -0.056749 0.081008 0.222656
endloop
endfacet
facet normal -0.126143 -0.005641 -0.991996
outer loop
vertex -0.073054 0.076424 0.221239
vertex -0.073259 0.081009 0.221239
vertex -0.055911 0.081008 0.219033
endloop
endfacet
facet normal -0.126133 -0.005689 -0.991997
outer loop
vertex -0.073054 0.076424 0.221239
vertex -0.055911 0.081008 0.219033
vertex -0.055657 0.076424 0.219027
endloop
endfacet
facet normal -0.126092 -0.013751 -0.991923
outer loop
vertex -0.064178 0.085453 0.220023
vertex -0.060336 0.085208 0.219538
vertex -0.073259 0.081009 0.221239
endloop
endfacet
facet normal -0.126741 -0.013699 -0.991841
outer loop
vertex -0.073259 0.081009 0.221239
vertex -0.073843 0.086411 0.221239
vertex -0.072935 0.086411 0.221123
endloop
endfacet
facet normal -0.013958 -0.807327 0.589939
outer loop
vertex -0.072935 0.086411 0.221123
vertex -0.065225 0.085571 0.220154
vertex -0.064375 0.085479 0.220048
endloop
endfacet
facet normal -0.127159 -0.011272 -0.991818
outer loop
vertex -0.064375 0.085479 0.220048
vertex -0.064178 0.085453 0.220023
vertex -0.073259 0.081009 0.221239
endloop
endfacet
facet normal -0.126069 -0.013740 -0.991926
outer loop
vertex -0.073259 0.081009 0.221239
vertex -0.072935 0.086411 0.221123
vertex -0.064375 0.085479 0.220048
endloop
endfacet
facet normal -0.126136 -0.013845 -0.991916
outer loop
vertex -0.056439 0.084959 0.219045
vertex -0.055911 0.081008 0.219033
vertex -0.073259 0.081009 0.221239
endloop
endfacet
facet normal -0.126322 -0.013052 -0.991903
outer loop
vertex -0.056439 0.084959 0.219045
vertex -0.073259 0.081009 0.221239
vertex -0.060336 0.085208 0.219538
endloop
endfacet
facet normal -0.126169 -0.020429 -0.991798
outer loop
vertex -0.074717 0.091809 0.221239
vertex -0.057714 0.091808 0.219076
vertex -0.073843 0.086411 0.221239
endloop
endfacet
facet normal -0.126613 -0.015116 -0.991837
outer loop
vertex -0.073054 0.086424 0.221138
vertex -0.072935 0.086411 0.221123
vertex -0.073843 0.086411 0.221239
endloop
endfacet
facet normal -0.126172 -0.020447 -0.991798
outer loop
vertex -0.057714 0.091808 0.219076
vertex -0.056931 0.087898 0.219057
vertex -0.062622 0.087508 0.219789
endloop
endfacet
facet normal -0.126473 -0.020085 -0.991767
outer loop
vertex -0.057714 0.091808 0.219076
vertex -0.062622 0.087508 0.219789
vertex -0.064188 0.087395 0.219991
endloop
endfacet
facet normal -0.126736 -0.019007 -0.991754
outer loop
vertex -0.073054 0.086424 0.221138
vertex -0.073843 0.086411 0.221239
vertex -0.057714 0.091808 0.219076
endloop
endfacet
facet normal -0.122298 -0.057204 -0.990843
outer loop
vertex -0.065465 0.087250 0.220156
vertex -0.069174 0.086828 0.220637
vertex -0.073054 0.086424 0.221138
endloop
endfacet
facet normal -0.125730 -0.021170 -0.991839
outer loop
vertex -0.057714 0.091808 0.219076
vertex -0.064188 0.087395 0.219991
vertex -0.065465 0.087250 0.220156
endloop
endfacet
facet normal -0.126094 -0.020571 -0.991805
outer loop
vertex -0.057714 0.091808 0.219076
vertex -0.065465 0.087250 0.220156
vertex -0.073054 0.086424 0.221138
endloop
endfacet
facet normal -0.126218 -0.028469 -0.991594
outer loop
vertex -0.074717 0.091809 0.221239
vertex -0.075748 0.096380 0.221239
vertex -0.058990 0.096378 0.219106
endloop
endfacet
facet normal -0.126145 -0.028710 -0.991596
outer loop
vertex -0.074717 0.091809 0.221239
vertex -0.058990 0.096378 0.219106
vertex -0.057714 0.091808 0.219076
endloop
endfacet
facet normal 0.344611 0.194061 -0.918468
outer loop
vertex 0.030268 0.096296 0.221239
vertex 0.032824 0.091757 0.221239
vertex 0.027488 0.091767 0.219239
endloop
endfacet
facet normal 0.344666 0.194028 -0.918454
outer loop
vertex 0.030268 0.096296 0.221239
vertex 0.027488 0.091767 0.219239
vertex 0.025004 0.096312 0.219267
endloop
endfacet
facet normal 0.347787 0.140253 -0.927024
outer loop
vertex 0.032824 0.091757 0.221239
vertex 0.034990 0.086386 0.221239
vertex 0.029593 0.086391 0.219215
endloop
endfacet
facet normal 0.347726 0.140293 -0.927041
outer loop
vertex 0.027488 0.091767 0.219239
vertex 0.032824 0.091757 0.221239
vertex 0.029593 0.086391 0.219215
endloop
endfacet
facet normal 0.349641 0.094034 -0.932153
outer loop
vertex 0.034990 0.086386 0.221239
vertex 0.036438 0.081002 0.221239
vertex 0.030999 0.081003 0.219199
endloop
endfacet
facet normal 0.349662 0.094014 -0.932147
outer loop
vertex 0.034990 0.086386 0.221239
vertex 0.030999 0.081003 0.219199
vertex 0.029593 0.086391 0.219215
endloop
endfacet
facet normal 0.350873 0.038935 -0.935613
outer loop
vertex 0.036438 0.081002 0.221239
vertex 0.036946 0.076424 0.221239
vertex 0.031493 0.076424 0.219194
endloop
endfacet
facet normal 0.350928 0.038881 -0.935595
outer loop
vertex 0.036438 0.081002 0.221239
vertex 0.031493 0.076424 0.219194
vertex 0.030999 0.081003 0.219199
endloop
endfacet
facet normal 0.509195 0.056503 0.858794
outer loop
vertex 0.036946 0.076424 0.221239
vertex 0.036438 0.081002 0.221239
vertex 0.034495 0.081003 0.222391
endloop
endfacet
facet normal 0.509399 0.056630 0.858665
outer loop
vertex 0.036946 0.076424 0.221239
vertex 0.034495 0.081003 0.222391
vertex 0.034999 0.076424 0.222394
endloop
endfacet
facet normal 0.505379 0.135921 0.852125
outer loop
vertex 0.036438 0.081002 0.221239
vertex 0.034990 0.086386 0.221239
vertex 0.033062 0.086389 0.222382
endloop
endfacet
facet normal 0.505320 0.135868 0.852169
outer loop
vertex 0.036438 0.081002 0.221239
vertex 0.033062 0.086389 0.222382
vertex 0.034495 0.081003 0.222391
endloop
endfacet
facet normal 0.499323 0.201366 0.842691
outer loop
vertex 0.034990 0.086386 0.221239
vertex 0.032824 0.091757 0.221239
vertex 0.030917 0.091761 0.222368
endloop
endfacet
facet normal 0.499707 0.201723 0.842378
outer loop
vertex 0.034990 0.086386 0.221239
vertex 0.030917 0.091761 0.222368
vertex 0.033062 0.086389 0.222382
endloop
endfacet
facet normal 0.490522 0.276216 0.826494
outer loop
vertex 0.032824 0.091757 0.221239
vertex 0.030268 0.096296 0.221239
vertex 0.028387 0.096303 0.222353
endloop
endfacet
facet normal 0.490114 0.275743 0.826894
outer loop
vertex 0.032824 0.091757 0.221239
vertex 0.028387 0.096303 0.222353
vertex 0.030917 0.091761 0.222368
endloop
endfacet
facet normal 0.341915 0.231296 -0.910822
outer loop
vertex -0.077383 0.255432 0.221239
vertex 0.030268 0.096296 0.221239
vertex 0.025004 0.096312 0.219267
endloop
endfacet
facet normal 0.354369 0.239218 -0.903990
outer loop
vertex -0.077383 0.255432 0.221239
vertex 0.025004 0.096312 0.219267
vertex -0.079420 0.255430 0.220440
endloop
endfacet
facet normal 0.181865 0.302906 -0.935507
outer loop
vertex -0.083467 0.255428 0.219640
vertex -0.083924 0.256354 0.219851
vertex -0.079892 0.256370 0.220640
endloop
endfacet
facet normal 0.185286 0.292636 -0.938101
outer loop
vertex -0.083467 0.255428 0.219640
vertex -0.079892 0.256370 0.220640
vertex -0.079420 0.255430 0.220440
endloop
endfacet
facet normal 0.141349 0.538942 -0.830398
outer loop
vertex -0.083924 0.256354 0.219851
vertex -0.084416 0.257181 0.220304
vertex -0.080418 0.257234 0.221019
endloop
endfacet
facet normal 0.166706 0.479440 -0.861595
outer loop
vertex -0.083924 0.256354 0.219851
vertex -0.080418 0.257234 0.221019
vertex -0.079892 0.256370 0.220640
endloop
endfacet
facet normal -0.007612 0.146187 0.989228
outer loop
vertex -0.089219 0.255426 0.222420
vertex -0.089478 0.256360 0.222280
vertex -0.098318 0.256360 0.222212
endloop
endfacet
facet normal -0.007707 0.145233 0.989367
outer loop
vertex -0.089219 0.255426 0.222420
vertex -0.098318 0.256360 0.222212
vertex -0.098222 0.255425 0.222350
endloop
endfacet
facet normal -0.008453 0.349413 0.936931
outer loop
vertex -0.089478 0.256360 0.222280
vertex -0.089727 0.257204 0.221963
vertex -0.098406 0.257206 0.221884
endloop
endfacet
facet normal -0.007171 0.360809 0.932612
outer loop
vertex -0.089478 0.256360 0.222280
vertex -0.098406 0.257206 0.221884
vertex -0.098318 0.256360 0.222212
endloop
endfacet
facet normal 0.028490 0.154010 0.987659
outer loop
vertex -0.080869 0.255428 0.222177
vertex -0.081736 0.256358 0.222057
vertex -0.089478 0.256360 0.222280
endloop
endfacet
facet normal 0.028696 0.155960 0.987346
outer loop
vertex -0.080869 0.255428 0.222177
vertex -0.089478 0.256360 0.222280
vertex -0.089219 0.255426 0.222420
endloop
endfacet
facet normal 0.025546 0.345538 0.938057
outer loop
vertex -0.081736 0.256358 0.222057
vertex -0.082923 0.257195 0.221781
vertex -0.089727 0.257204 0.221963
endloop
endfacet
facet normal 0.026973 0.358438 0.933164
outer loop
vertex -0.081736 0.256358 0.222057
vertex -0.089727 0.257204 0.221963
vertex -0.089478 0.256360 0.222280
endloop
endfacet
facet normal 0.155372 0.229950 0.960720
outer loop
vertex -0.078101 0.255431 0.221691
vertex -0.079027 0.256370 0.221616
vertex -0.081736 0.256358 0.222057
endloop
endfacet
facet normal 0.165902 0.276797 0.946499
outer loop
vertex -0.078101 0.255431 0.221691
vertex -0.081736 0.256358 0.222057
vertex -0.080869 0.255428 0.222177
endloop
endfacet
facet normal 0.125517 0.412247 0.902384
outer loop
vertex -0.079027 0.256370 0.221616
vertex -0.080053 0.257234 0.221364
vertex -0.082923 0.257195 0.221781
endloop
endfacet
facet normal 0.138707 0.481958 0.865146
outer loop
vertex -0.079027 0.256370 0.221616
vertex -0.082923 0.257195 0.221781
vertex -0.081736 0.256358 0.222057
endloop
endfacet
facet normal -0.087543 0.210729 -0.973617
outer loop
vertex -0.112232 0.255423 0.220374
vertex -0.112484 0.256344 0.220596
vertex -0.105100 0.256339 0.219931
endloop
endfacet
facet normal -0.087707 0.212240 -0.973274
outer loop
vertex -0.112232 0.255423 0.220374
vertex -0.105100 0.256339 0.219931
vertex -0.104731 0.255423 0.219698
endloop
endfacet
facet normal -0.074835 0.534606 -0.841781
outer loop
vertex -0.112484 0.256344 0.220596
vertex -0.112704 0.257154 0.221130
vertex -0.105454 0.257136 0.220474
endloop
endfacet
facet normal -0.075231 0.538452 -0.839291
outer loop
vertex -0.112484 0.256344 0.220596
vertex -0.105454 0.257136 0.220474
vertex -0.105100 0.256339 0.219931
endloop
endfacet
facet normal -0.042171 0.230314 -0.972202
outer loop
vertex -0.104731 0.255423 0.219698
vertex -0.105100 0.256339 0.219931
vertex -0.097200 0.256346 0.219590
endloop
endfacet
facet normal -0.040712 0.218083 -0.975081
outer loop
vertex -0.104731 0.255423 0.219698
vertex -0.097200 0.256346 0.219590
vertex -0.096822 0.255424 0.219368
endloop
endfacet
facet normal -0.040499 0.550223 -0.834035
outer loop
vertex -0.105100 0.256339 0.219931
vertex -0.105454 0.257136 0.220474
vertex -0.097577 0.257158 0.220106
endloop
endfacet
facet normal -0.037204 0.523626 -0.851135
outer loop
vertex -0.105100 0.256339 0.219931
vertex -0.097577 0.257158 0.220106
vertex -0.097200 0.256346 0.219590
endloop
endfacet
facet normal -0.005370 0.232002 -0.972701
outer loop
vertex -0.096822 0.255424 0.219368
vertex -0.097200 0.256346 0.219590
vertex -0.089246 0.256350 0.219547
endloop
endfacet
facet normal -0.004881 0.228108 -0.973624
outer loop
vertex -0.096822 0.255424 0.219368
vertex -0.089246 0.256350 0.219547
vertex -0.088945 0.255426 0.219329
endloop
endfacet
facet normal -0.008038 0.533681 -0.845648
outer loop
vertex -0.097200 0.256346 0.219590
vertex -0.097577 0.257158 0.220106
vertex -0.089557 0.257171 0.220038
endloop
endfacet
facet normal -0.004903 0.511885 -0.859040
outer loop
vertex -0.097200 0.256346 0.219590
vertex -0.089557 0.257171 0.220038
vertex -0.089246 0.256350 0.219547
endloop
endfacet
facet normal 0.055093 0.246242 -0.967641
outer loop
vertex -0.088945 0.255426 0.219329
vertex -0.089246 0.256350 0.219547
vertex -0.083924 0.256354 0.219851
endloop
endfacet
facet normal 0.054824 0.247478 -0.967341
outer loop
vertex -0.088945 0.255426 0.219329
vertex -0.083924 0.256354 0.219851
vertex -0.083467 0.255428 0.219640
endloop
endfacet
facet normal 0.042970 0.524732 -0.850182
outer loop
vertex -0.089246 0.256350 0.219547
vertex -0.089557 0.257171 0.220038
vertex -0.084416 0.257181 0.220304
endloop
endfacet
facet normal 0.048945 0.502095 -0.863426
outer loop
vertex -0.089246 0.256350 0.219547
vertex -0.084416 0.257181 0.220304
vertex -0.083924 0.256354 0.219851
endloop
endfacet
facet normal -0.027139 0.143229 0.989317
outer loop
vertex -0.098222 0.255425 0.222350
vertex -0.098318 0.256360 0.222212
vertex -0.106036 0.256355 0.222001
endloop
endfacet
facet normal -0.026470 0.148589 0.988545
outer loop
vertex -0.098222 0.255425 0.222350
vertex -0.106036 0.256355 0.222001
vertex -0.106002 0.255423 0.222142
endloop
endfacet
facet normal -0.028908 0.358763 0.932981
outer loop
vertex -0.098318 0.256360 0.222212
vertex -0.098406 0.257206 0.221884
vertex -0.106060 0.257190 0.221653
endloop
endfacet
facet normal -0.025485 0.383947 0.923003
outer loop
vertex -0.098318 0.256360 0.222212
vertex -0.106060 0.257190 0.221653
vertex -0.106036 0.256355 0.222001
endloop
endfacet
facet normal -0.052142 0.147519 0.987684
outer loop
vertex -0.106002 0.255423 0.222142
vertex -0.106036 0.256355 0.222001
vertex -0.112655 0.256352 0.221652
endloop
endfacet
facet normal -0.052363 0.146082 0.987886
outer loop
vertex -0.106002 0.255423 0.222142
vertex -0.112655 0.256352 0.221652
vertex -0.112549 0.255423 0.221795
endloop
endfacet
facet normal -0.050256 0.382974 0.922391
outer loop
vertex -0.106036 0.256355 0.222001
vertex -0.106060 0.257190 0.221653
vertex -0.112740 0.257178 0.221294
endloop
endfacet
facet normal -0.048596 0.392987 0.918259
outer loop
vertex -0.106036 0.256355 0.222001
vertex -0.112740 0.257178 0.221294
vertex -0.112655 0.256352 0.221652
endloop
endfacet
facet normal -0.087161 0.141829 0.986046
outer loop
vertex -0.112549 0.255423 0.221795
vertex -0.112655 0.256352 0.221652
vertex -0.117334 0.256348 0.221239
endloop
endfacet
facet normal -0.087989 0.137835 0.986539
outer loop
vertex -0.112549 0.255423 0.221795
vertex -0.117334 0.256348 0.221239
vertex -0.118783 0.255423 0.221239
endloop
endfacet
facet normal -0.078112 0.389670 0.917636
outer loop
vertex -0.112655 0.256352 0.221652
vertex -0.112740 0.257178 0.221294
vertex -0.113451 0.257165 0.221239
endloop
endfacet
facet normal -0.081407 0.386899 0.918522
outer loop
vertex -0.112655 0.256352 0.221652
vertex -0.113451 0.257165 0.221239
vertex -0.117334 0.256348 0.221239
endloop
endfacet
facet normal -0.128581 0.201415 -0.971030
outer loop
vertex -0.118783 0.255423 0.221239
vertex -0.117334 0.256348 0.221239
vertex -0.112484 0.256344 0.220596
endloop
endfacet
facet normal -0.128280 0.199084 -0.971550
outer loop
vertex -0.118783 0.255423 0.221239
vertex -0.112484 0.256344 0.220596
vertex -0.112232 0.255423 0.220374
endloop
endfacet
facet normal -0.113700 0.540329 -0.833737
outer loop
vertex -0.117334 0.256348 0.221239
vertex -0.113451 0.257165 0.221239
vertex -0.112704 0.257154 0.221130
endloop
endfacet
facet normal -0.111361 0.525698 -0.843351
outer loop
vertex -0.117334 0.256348 0.221239
vertex -0.112704 0.257154 0.221130
vertex -0.112484 0.256344 0.220596
endloop
endfacet
facet normal 0.344546 0.357681 -0.867959
outer loop
vertex -0.079420 0.255430 0.220440
vertex -0.079892 0.256370 0.220640
vertex -0.078382 0.256369 0.221239
endloop
endfacet
facet normal 0.340013 0.362509 -0.867743
outer loop
vertex -0.079420 0.255430 0.220440
vertex -0.078382 0.256369 0.221239
vertex -0.077383 0.255432 0.221239
endloop
endfacet
facet normal 0.306621 0.532667 -0.788828
outer loop
vertex -0.079892 0.256370 0.220640
vertex -0.080418 0.257234 0.221019
vertex -0.079845 0.257230 0.221239
endloop
endfacet
facet normal 0.312680 0.531296 -0.787373
outer loop
vertex -0.079892 0.256370 0.220640
vertex -0.079845 0.257230 0.221239
vertex -0.078382 0.256369 0.221239
endloop
endfacet
facet normal 0.444790 0.474254 0.759766
outer loop
vertex -0.077383 0.255432 0.221239
vertex -0.078382 0.256369 0.221239
vertex -0.079027 0.256370 0.221616
endloop
endfacet
facet normal 0.457849 0.509676 0.728426
outer loop
vertex -0.077383 0.255432 0.221239
vertex -0.079027 0.256370 0.221616
vertex -0.078101 0.255431 0.221691
endloop
endfacet
facet normal 0.392745 0.667416 0.632698
outer loop
vertex -0.078382 0.256369 0.221239
vertex -0.079845 0.257230 0.221239
vertex -0.080053 0.257234 0.221364
endloop
endfacet
facet normal 0.384877 0.648621 0.656628
outer loop
vertex -0.078382 0.256369 0.221239
vertex -0.080053 0.257234 0.221364
vertex -0.079027 0.256370 0.221616
endloop
endfacet
facet normal 0.282413 0.629133 -0.724179
outer loop
vertex -0.080551 0.257547 0.221239
vertex -0.079845 0.257230 0.221239
vertex -0.080418 0.257234 0.221019
endloop
endfacet
facet normal 0.456308 0.703316 0.545096
outer loop
vertex -0.015177 -0.079405 0.063960
vertex -0.013054 -0.080298 0.063335
vertex -0.013054 -0.031211 0.000000
endloop
endfacet
facet normal 0.456310 0.703315 0.545096
outer loop
vertex -0.015177 -0.079405 0.063960
vertex -0.013054 -0.031211 0.000000
vertex -0.015177 -0.030318 0.000625
endloop
endfacet
facet normal 0.055529 -0.789181 -0.611645
outer loop
vertex -0.030818 -0.033540 -0.001631
vertex -0.021844 -0.033131 -0.001344
vertex -0.021844 -0.082218 0.061991
endloop
endfacet
facet normal 0.055529 -0.789181 -0.611645
outer loop
vertex -0.030818 -0.033540 -0.001631
vertex -0.021844 -0.082218 0.061991
vertex -0.030818 -0.082627 0.061704
endloop
endfacet
facet normal -0.008041 -0.790375 -0.612570
outer loop
vertex -0.043569 -0.033456 -0.001572
vertex -0.030818 -0.033540 -0.001631
vertex -0.030818 -0.082627 0.061704
endloop
endfacet
facet normal -0.008041 -0.790375 -0.612570
outer loop
vertex -0.043569 -0.033456 -0.001572
vertex -0.030818 -0.082627 0.061704
vertex -0.043569 -0.082543 0.061763
endloop
endfacet
facet normal -0.053148 -0.789290 -0.611717
outer loop
vertex -0.056773 -0.081966 0.062167
vertex -0.056773 -0.032880 -0.001168
vertex -0.043569 -0.033456 -0.001572
endloop
endfacet
facet normal -0.053207 -0.789281 -0.611722
outer loop
vertex -0.056773 -0.081966 0.062167
vertex -0.043569 -0.033456 -0.001572
vertex -0.043569 -0.082543 0.061763
endloop
endfacet
facet normal -0.098244 -0.786583 -0.609619
outer loop
vertex -0.067562 -0.032006 -0.000557
vertex -0.056773 -0.032880 -0.001168
vertex -0.056773 -0.081966 0.062167
endloop
endfacet
facet normal -0.098172 -0.786582 -0.609631
outer loop
vertex -0.067562 -0.032006 -0.000557
vertex -0.056773 -0.081966 0.062167
vertex -0.067562 -0.081093 0.062778
endloop
endfacet
facet normal -0.173993 0.778344 0.603247
outer loop
vertex -0.067562 -0.079502 0.063892
vertex -0.067562 -0.030415 0.000557
vertex -0.073054 -0.031211 0.000000
endloop
endfacet
facet normal -0.173993 0.778345 0.603246
outer loop
vertex -0.067562 -0.079502 0.063892
vertex -0.073054 -0.031211 0.000000
vertex -0.073054 -0.080298 0.063335
endloop
endfacet
facet normal -0.146438 0.989219 -0.001243
outer loop
vertex -0.067562 -0.085466 0.201239
vertex -0.067562 -0.085616 0.081844
vertex -0.073056 -0.086430 0.081289
endloop
endfacet
facet normal -0.171841 0.985125 -0.000046
outer loop
vertex -0.067562 -0.085466 0.201239
vertex -0.073056 -0.086430 0.081289
vertex -0.073054 -0.086424 0.201239
endloop
endfacet
facet normal 0.184704 -0.776801 -0.602050
outer loop
vertex -0.021844 -0.033131 -0.001344
vertex -0.015177 -0.032103 -0.000625
vertex -0.015177 -0.081190 0.062710
endloop
endfacet
facet normal 0.184705 -0.776801 -0.602050
outer loop
vertex -0.021844 -0.033131 -0.001344
vertex -0.015177 -0.081190 0.062710
vertex -0.021844 -0.082218 0.061991
endloop
endfacet
facet normal -0.107843 -0.993363 0.039991
outer loop
vertex -0.065465 -0.087250 0.220156
vertex -0.069174 -0.086828 0.220636
vertex -0.073054 -0.086424 0.220208
endloop
endfacet
facet normal -0.103568 -0.994622 0.000000
outer loop
vertex -0.073054 -0.086424 0.221138
vertex -0.073054 -0.086424 0.220208
vertex -0.069174 -0.086828 0.220636
endloop
endfacet
facet normal 0.456048 -0.703421 -0.545178
outer loop
vertex -0.015177 -0.081190 0.062710
vertex -0.015177 -0.032103 -0.000625
vertex -0.013054 -0.031211 0.000000
endloop
endfacet
facet normal 0.456047 -0.703422 -0.545178
outer loop
vertex -0.015177 -0.081190 0.062710
vertex -0.013054 -0.031211 0.000000
vertex -0.013054 -0.080298 0.063335
endloop
endfacet
facet normal 0.184592 0.776818 0.602063
outer loop
vertex -0.021844 -0.078378 0.064679
vertex -0.015177 -0.079405 0.063960
vertex -0.015177 -0.030318 0.000625
endloop
endfacet
facet normal 0.184592 0.776818 0.602063
outer loop
vertex -0.021844 -0.078378 0.064679
vertex -0.015177 -0.030318 0.000625
vertex -0.021844 -0.029291 0.001344
endloop
endfacet
facet normal 0.055617 0.789177 0.611642
outer loop
vertex -0.030818 -0.077968 0.064966
vertex -0.021844 -0.078378 0.064679
vertex -0.021844 -0.029291 0.001344
endloop
endfacet
facet normal 0.055616 0.789177 0.611642
outer loop
vertex -0.030818 -0.077968 0.064966
vertex -0.021844 -0.029291 0.001344
vertex -0.030818 -0.028881 0.001631
endloop
endfacet
facet normal -0.008041 0.790375 0.612570
outer loop
vertex -0.043569 -0.078052 0.064907
vertex -0.030818 -0.077968 0.064966
vertex -0.030818 -0.028881 0.001631
endloop
endfacet
facet normal -0.008041 0.790375 0.612570
outer loop
vertex -0.043569 -0.078052 0.064907
vertex -0.030818 -0.028881 0.001631
vertex -0.043569 -0.028965 0.001572
endloop
endfacet
facet normal -0.053161 0.789283 0.611724
outer loop
vertex -0.056773 -0.078629 0.064504
vertex -0.043569 -0.078052 0.064907
vertex -0.043569 -0.028965 0.001572
endloop
endfacet
facet normal -0.053208 0.789286 0.611716
outer loop
vertex -0.056773 -0.078629 0.064504
vertex -0.043569 -0.028965 0.001572
vertex -0.056773 -0.029542 0.001168
endloop
endfacet
facet normal -0.098227 0.786583 0.609622
outer loop
vertex -0.067562 -0.079502 0.063892
vertex -0.056773 -0.078629 0.064504
vertex -0.056773 -0.029542 0.001168
endloop
endfacet
facet normal -0.098171 0.786583 0.609631
outer loop
vertex -0.067562 -0.079502 0.063892
vertex -0.056773 -0.029542 0.001168
vertex -0.067562 -0.030415 0.000557
endloop
endfacet
facet normal -0.173855 -0.778365 -0.603260
outer loop
vertex -0.067562 -0.081093 0.062778
vertex -0.073054 -0.080298 0.063335
vertex -0.073054 -0.031211 0.000000
endloop
endfacet
facet normal -0.173856 -0.778364 -0.603261
outer loop
vertex -0.067562 -0.081093 0.062778
vertex -0.073054 -0.031211 0.000000
vertex -0.067562 -0.032006 -0.000557
endloop
endfacet
facet normal 0.000135 0.573616 -0.819124
outer loop
vertex -0.015177 -0.032103 -0.000625
vertex -0.015177 -0.030318 0.000625
vertex -0.013054 -0.031211 0.000000
endloop
endfacet
facet normal -0.000012 0.573463 -0.819232
outer loop
vertex -0.021844 -0.033131 -0.001344
vertex -0.021844 -0.029291 0.001344
vertex -0.015177 -0.030318 0.000625
endloop
endfacet
facet normal -0.000109 0.573616 -0.819125
outer loop
vertex -0.021844 -0.033131 -0.001344
vertex -0.015177 -0.030318 0.000625
vertex -0.015177 -0.032103 -0.000625
endloop
endfacet
facet normal 0.000006 0.573545 -0.819174
outer loop
vertex -0.030818 -0.033540 -0.001631
vertex -0.030818 -0.028881 0.001631
vertex -0.021844 -0.029291 0.001344
endloop
endfacet
facet normal 0.000064 0.573463 -0.819232
outer loop
vertex -0.030818 -0.033540 -0.001631
vertex -0.021844 -0.029291 0.001344
vertex -0.021844 -0.033131 -0.001344
endloop
endfacet
facet normal -0.000052 0.573567 -0.819159
outer loop
vertex -0.067562 -0.032006 -0.000557
vertex -0.073054 -0.031211 0.000000
vertex -0.067562 -0.030415 0.000557
endloop
endfacet
facet normal -0.000013 0.573499 -0.819206
outer loop
vertex -0.030818 -0.033540 -0.001631
vertex -0.043569 -0.033456 -0.001572
vertex -0.043569 -0.028965 0.001572
endloop
endfacet
facet normal 0.000012 0.573545 -0.819174
outer loop
vertex -0.030818 -0.033540 -0.001631
vertex -0.043569 -0.028965 0.001572
vertex -0.030818 -0.028881 0.001631
endloop
endfacet
facet normal -0.000056 0.573362 -0.819302
outer loop
vertex -0.043569 -0.033456 -0.001572
vertex -0.056773 -0.032880 -0.001168
vertex -0.056773 -0.029542 0.001168
endloop
endfacet
facet normal 0.000004 0.573499 -0.819206
outer loop
vertex -0.043569 -0.033456 -0.001572
vertex -0.056773 -0.029542 0.001168
vertex -0.043569 -0.028965 0.001572
endloop
endfacet
facet normal 0.000073 0.573565 -0.819160
outer loop
vertex -0.056773 -0.032880 -0.001168
vertex -0.067562 -0.032006 -0.000557
vertex -0.067562 -0.030415 0.000557
endloop
endfacet
facet normal 0.000004 0.573364 -0.819301
outer loop
vertex -0.056773 -0.032880 -0.001168
vertex -0.067562 -0.030415 0.000557
vertex -0.056773 -0.029542 0.001168
endloop
endfacet
facet normal 0.393199 -0.919453 -0.001289
outer loop
vertex -0.015177 -0.087500 0.201239
vertex -0.015177 -0.087331 0.080710
vertex -0.013054 -0.086424 0.081346
endloop
endfacet
facet normal 0.452080 -0.891977 0.000000
outer loop
vertex -0.015177 -0.087500 0.201239
vertex -0.013054 -0.086424 0.081346
vertex -0.013054 -0.086424 0.201239
endloop
endfacet
facet normal 0.046428 -0.998915 -0.003632
outer loop
vertex -0.030818 -0.089232 0.201239
vertex -0.030818 -0.088790 0.079672
vertex -0.021844 -0.088374 0.079972
endloop
endfacet
facet normal 0.054964 -0.998484 -0.002997
outer loop
vertex -0.030818 -0.089232 0.201239
vertex -0.021844 -0.088374 0.079972
vertex -0.021844 -0.088738 0.201239
endloop
endfacet
facet normal 0.182428 0.983218 -0.001393
outer loop
vertex -0.021844 -0.084111 0.201239
vertex -0.015177 -0.085348 0.201239
vertex -0.015177 -0.085517 0.081961
endloop
endfacet
facet normal 0.154396 0.988004 -0.003016
outer loop
vertex -0.021844 -0.084111 0.201239
vertex -0.015177 -0.085517 0.081961
vertex -0.021844 -0.084473 0.082662
endloop
endfacet
facet normal -0.006758 -0.999971 -0.003506
outer loop
vertex -0.043569 -0.089130 0.201239
vertex -0.043569 -0.088704 0.079722
vertex -0.030818 -0.088790 0.079672
endloop
endfacet
facet normal -0.007999 -0.999961 -0.003636
outer loop
vertex -0.043569 -0.089130 0.201239
vertex -0.030818 -0.088790 0.079672
vertex -0.030818 -0.089232 0.201239
endloop
endfacet
facet normal 0.054964 0.998484 -0.003048
outer loop
vertex -0.030818 -0.083617 0.201239
vertex -0.021844 -0.084111 0.201239
vertex -0.021844 -0.084473 0.082662
endloop
endfacet
facet normal 0.046193 0.998926 -0.003715
outer loop
vertex -0.030818 -0.083617 0.201239
vertex -0.021844 -0.084473 0.082662
vertex -0.030818 -0.084057 0.082934
endloop
endfacet
facet normal -0.044340 -0.999013 -0.002607
outer loop
vertex -0.056773 -0.088435 0.201239
vertex -0.056773 -0.088119 0.080121
vertex -0.043569 -0.088704 0.079722
endloop
endfacet
facet normal -0.052562 -0.998612 -0.003501
outer loop
vertex -0.056773 -0.088435 0.201239
vertex -0.043569 -0.088704 0.079722
vertex -0.043569 -0.089130 0.201239
endloop
endfacet
facet normal -0.007999 0.999961 -0.003719
outer loop
vertex -0.043569 -0.083719 0.201239
vertex -0.030818 -0.083617 0.201239
vertex -0.030818 -0.084057 0.082934
endloop
endfacet
facet normal -0.006725 0.999971 -0.003582
outer loop
vertex -0.043569 -0.083719 0.201239
vertex -0.030818 -0.084057 0.082934
vertex -0.043569 -0.084143 0.082866
endloop
endfacet
facet normal -0.082007 -0.996631 -0.001241
outer loop
vertex -0.067562 -0.087382 0.201239
vertex -0.067562 -0.087232 0.080732
vertex -0.056773 -0.088119 0.080121
endloop
endfacet
facet normal -0.097137 -0.995268 -0.002597
outer loop
vertex -0.067562 -0.087382 0.201239
vertex -0.056773 -0.088119 0.080121
vertex -0.056773 -0.088435 0.201239
endloop
endfacet
facet normal -0.052487 0.998615 -0.003577
outer loop
vertex -0.056773 -0.084413 0.201239
vertex -0.043569 -0.083719 0.201239
vertex -0.043569 -0.084143 0.082866
endloop
endfacet
facet normal -0.044255 0.999017 -0.002658
outer loop
vertex -0.056773 -0.084413 0.201239
vertex -0.043569 -0.084143 0.082866
vertex -0.056773 -0.084729 0.082456
endloop
endfacet
facet normal -0.097137 0.995268 -0.002648
outer loop
vertex -0.067562 -0.085466 0.201239
vertex -0.056773 -0.084413 0.201239
vertex -0.056773 -0.084729 0.082456
endloop
endfacet
facet normal -0.081866 0.996642 -0.001252
outer loop
vertex -0.067562 -0.085466 0.201239
vertex -0.056773 -0.084729 0.082456
vertex -0.067562 -0.085616 0.081844
endloop
endfacet
facet normal -0.108187 0.994131 0.000000
outer loop
vertex -0.065225 -0.085572 0.220154
vertex -0.073054 -0.086424 0.220208
vertex -0.073054 -0.086424 0.221138
endloop
endfacet
facet normal -0.048841 -0.771780 -0.634011
outer loop
vertex -0.065225 -0.085572 0.220154
vertex -0.073054 -0.086424 0.221138
vertex -0.072935 -0.086411 0.221123
endloop
endfacet
facet normal -0.171841 -0.985125 0.000052
outer loop
vertex -0.067562 -0.087382 0.201239
vertex -0.073054 -0.086424 0.201239
vertex -0.073056 -0.086430 0.081289
endloop
endfacet
facet normal -0.144569 -0.989494 -0.001232
outer loop
vertex -0.067562 -0.087382 0.201239
vertex -0.073056 -0.086430 0.081289
vertex -0.067562 -0.087232 0.080732
endloop
endfacet
facet normal 0.154882 -0.987929 -0.002965
outer loop
vertex -0.021844 -0.088738 0.201239
vertex -0.021844 -0.088374 0.079972
vertex -0.015177 -0.087331 0.080710
endloop
endfacet
facet normal 0.182570 -0.983192 -0.001379
outer loop
vertex -0.021844 -0.088738 0.201239
vertex -0.015177 -0.087331 0.080710
vertex -0.015177 -0.087500 0.201239
endloop
endfacet
facet normal 0.055529 0.789181 -0.611645
outer loop
vertex -0.030818 0.033540 -0.001631
vertex -0.030818 0.082627 0.061704
vertex -0.021844 0.082218 0.061991
endloop
endfacet
facet normal 0.055529 0.789181 -0.611645
outer loop
vertex -0.030818 0.033540 -0.001631
vertex -0.021844 0.082218 0.061991
vertex -0.021844 0.033131 -0.001344
endloop
endfacet
facet normal -0.008041 0.790375 -0.612570
outer loop
vertex -0.043569 0.033456 -0.001572
vertex -0.043569 0.082543 0.061763
vertex -0.030818 0.082627 0.061704
endloop
endfacet
facet normal -0.008041 0.790375 -0.612570
outer loop
vertex -0.043569 0.033456 -0.001572
vertex -0.030818 0.082627 0.061704
vertex -0.030818 0.033540 -0.001631
endloop
endfacet
facet normal -0.053207 0.789281 -0.611722
outer loop
vertex -0.056773 0.081966 0.062167
vertex -0.043569 0.082543 0.061763
vertex -0.043569 0.033456 -0.001572
endloop
endfacet
facet normal -0.053148 0.789290 -0.611717
outer loop
vertex -0.056773 0.081966 0.062167
vertex -0.043569 0.033456 -0.001572
vertex -0.056773 0.032880 -0.001168
endloop
endfacet
facet normal -0.098172 0.786582 -0.609631
outer loop
vertex -0.067562 0.032006 -0.000557
vertex -0.067562 0.081093 0.062778
vertex -0.056773 0.081966 0.062167
endloop
endfacet
facet normal -0.098244 0.786583 -0.609619
outer loop
vertex -0.067562 0.032006 -0.000557
vertex -0.056773 0.081966 0.062167
vertex -0.056773 0.032880 -0.001168
endloop
endfacet
facet normal -0.173993 -0.778345 0.603246
outer loop
vertex -0.067562 0.079502 0.063892
vertex -0.073054 0.080298 0.063335
vertex -0.073054 0.031211 0.000000
endloop
endfacet
facet normal -0.173993 -0.778344 0.603247
outer loop
vertex -0.067562 0.079502 0.063892
vertex -0.073054 0.031211 0.000000
vertex -0.067562 0.030415 0.000557
endloop
endfacet
facet normal 0.456310 -0.703315 0.545096
outer loop
vertex -0.015177 0.079405 0.063960
vertex -0.015177 0.030318 0.000625
vertex -0.013054 0.031211 0.000000
endloop
endfacet
facet normal 0.456308 -0.703316 0.545096
outer loop
vertex -0.015177 0.079405 0.063960
vertex -0.013054 0.031211 0.000000
vertex -0.013054 0.080298 0.063335
endloop
endfacet
facet normal -0.103560 0.994623 0.000000
outer loop
vertex -0.073054 0.086424 0.221138
vertex -0.069174 0.086828 0.220637
vertex -0.073054 0.086424 0.220208
endloop
endfacet
facet normal -0.107845 0.993366 0.039904
outer loop
vertex -0.065465 0.087250 0.220156
vertex -0.073054 0.086424 0.220208
vertex -0.069174 0.086828 0.220637
endloop
endfacet
facet normal 0.184705 0.776801 -0.602050
outer loop
vertex -0.021844 0.033131 -0.001344
vertex -0.021844 0.082218 0.061991
vertex -0.015177 0.081190 0.062710
endloop
endfacet
facet normal 0.184704 0.776801 -0.602050
outer loop
vertex -0.021844 0.033131 -0.001344
vertex -0.015177 0.081190 0.062710
vertex -0.015177 0.032103 -0.000625
endloop
endfacet
facet normal 0.392555 -0.919728 -0.001303
outer loop
vertex -0.015177 0.085348 0.201239
vertex -0.015177 0.085517 0.081962
vertex -0.013054 0.086424 0.081346
endloop
endfacet
facet normal 0.452080 -0.891977 0.000000
outer loop
vertex -0.015177 0.085348 0.201239
vertex -0.013054 0.086424 0.081346
vertex -0.013054 0.086424 0.201239
endloop
endfacet
facet normal 0.456047 0.703422 -0.545178
outer loop
vertex -0.015177 0.081190 0.062710
vertex -0.013054 0.080298 0.063335
vertex -0.013054 0.031211 0.000000
endloop
endfacet
facet normal 0.456048 0.703421 -0.545178
outer loop
vertex -0.015177 0.081190 0.062710
vertex -0.013054 0.031211 0.000000
vertex -0.015177 0.032103 -0.000625
endloop
endfacet
facet normal 0.184592 -0.776818 0.602063
outer loop
vertex -0.021844 0.078378 0.064679
vertex -0.021844 0.029291 0.001344
vertex -0.015177 0.030318 0.000625
endloop
endfacet
facet normal 0.184592 -0.776818 0.602063
outer loop
vertex -0.021844 0.078378 0.064679
vertex -0.015177 0.030318 0.000625
vertex -0.015177 0.079405 0.063960
endloop
endfacet
facet normal 0.055616 -0.789177 0.611642
outer loop
vertex -0.030818 0.077968 0.064966
vertex -0.030818 0.028881 0.001631
vertex -0.021844 0.029291 0.001344
endloop
endfacet
facet normal 0.055617 -0.789177 0.611642
outer loop
vertex -0.030818 0.077968 0.064966
vertex -0.021844 0.029291 0.001344
vertex -0.021844 0.078378 0.064679
endloop
endfacet
facet normal -0.008041 -0.790375 0.612570
outer loop
vertex -0.043569 0.078052 0.064907
vertex -0.043569 0.028965 0.001572
vertex -0.030818 0.028881 0.001631
endloop
endfacet
facet normal -0.008041 -0.790375 0.612570
outer loop
vertex -0.043569 0.078052 0.064907
vertex -0.030818 0.028881 0.001631
vertex -0.030818 0.077968 0.064966
endloop
endfacet
facet normal -0.053208 -0.789286 0.611716
outer loop
vertex -0.056773 0.078629 0.064504
vertex -0.056773 0.029542 0.001168
vertex -0.043569 0.028965 0.001572
endloop
endfacet
facet normal -0.053161 -0.789283 0.611724
outer loop
vertex -0.056773 0.078629 0.064504
vertex -0.043569 0.028965 0.001572
vertex -0.043569 0.078052 0.064907
endloop
endfacet
facet normal -0.098171 -0.786583 0.609631
outer loop
vertex -0.067562 0.079502 0.063892
vertex -0.067562 0.030415 0.000557
vertex -0.056773 0.029542 0.001168
endloop
endfacet
facet normal -0.098227 -0.786583 0.609622
outer loop
vertex -0.067562 0.079502 0.063892
vertex -0.056773 0.029542 0.001168
vertex -0.056773 0.078629 0.064504
endloop
endfacet
facet normal -0.173856 0.778364 -0.603261
outer loop
vertex -0.067562 0.081093 0.062778
vertex -0.067562 0.032006 -0.000557
vertex -0.073054 0.031211 0.000000
endloop
endfacet
facet normal -0.173855 0.778365 -0.603260
outer loop
vertex -0.067562 0.081093 0.062778
vertex -0.073054 0.031211 0.000000
vertex -0.073054 0.080298 0.063335
endloop
endfacet
facet normal 0.000135 -0.573616 -0.819124
outer loop
vertex -0.015177 0.032103 -0.000625
vertex -0.013054 0.031211 0.000000
vertex -0.015177 0.030318 0.000625
endloop
endfacet
facet normal -0.000109 -0.573616 -0.819125
outer loop
vertex -0.021844 0.033131 -0.001344
vertex -0.015177 0.032103 -0.000625
vertex -0.015177 0.030318 0.000625
endloop
endfacet
facet normal -0.000012 -0.573463 -0.819232
outer loop
vertex -0.021844 0.033131 -0.001344
vertex -0.015177 0.030318 0.000625
vertex -0.021844 0.029291 0.001344
endloop
endfacet
facet normal 0.000064 -0.573463 -0.819232
outer loop
vertex -0.030818 0.033540 -0.001631
vertex -0.021844 0.033131 -0.001344
vertex -0.021844 0.029291 0.001344
endloop
endfacet
facet normal 0.000006 -0.573545 -0.819174
outer loop
vertex -0.030818 0.033540 -0.001631
vertex -0.021844 0.029291 0.001344
vertex -0.030818 0.028881 0.001631
endloop
endfacet
facet normal -0.000052 -0.573567 -0.819159
outer loop
vertex -0.067562 0.032006 -0.000557
vertex -0.067562 0.030415 0.000557
vertex -0.073054 0.031211 0.000000
endloop
endfacet
facet normal 0.000012 -0.573545 -0.819174
outer loop
vertex -0.030818 0.033540 -0.001631
vertex -0.030818 0.028881 0.001631
vertex -0.043569 0.028965 0.001572
endloop
endfacet
facet normal -0.000013 -0.573499 -0.819206
outer loop
vertex -0.030818 0.033540 -0.001631
vertex -0.043569 0.028965 0.001572
vertex -0.043569 0.033456 -0.001572
endloop
endfacet
facet normal 0.000004 -0.573499 -0.819206
outer loop
vertex -0.043569 0.033456 -0.001572
vertex -0.043569 0.028965 0.001572
vertex -0.056773 0.029542 0.001168
endloop
endfacet
facet normal -0.000056 -0.573362 -0.819302
outer loop
vertex -0.043569 0.033456 -0.001572
vertex -0.056773 0.029542 0.001168
vertex -0.056773 0.032880 -0.001168
endloop
endfacet
facet normal 0.000004 -0.573364 -0.819301
outer loop
vertex -0.056773 0.032880 -0.001168
vertex -0.056773 0.029542 0.001168
vertex -0.067562 0.030415 0.000557
endloop
endfacet
facet normal 0.000073 -0.573565 -0.819160
outer loop
vertex -0.056773 0.032880 -0.001168
vertex -0.067562 0.030415 0.000557
vertex -0.067562 0.032006 -0.000557
endloop
endfacet
facet normal 0.452080 0.891977 0.000000
outer loop
vertex -0.015177 0.087500 0.201239
vertex -0.013054 0.086424 0.201239
vertex -0.013054 0.086424 0.081346
endloop
endfacet
facet normal 0.393199 0.919452 -0.001289
outer loop
vertex -0.015177 0.087500 0.201239
vertex -0.013054 0.086424 0.081346
vertex -0.015177 0.087331 0.080709
endloop
endfacet
facet normal 0.054964 0.998484 -0.002997
outer loop
vertex -0.030818 0.089232 0.201239
vertex -0.021844 0.088738 0.201239
vertex -0.021844 0.088374 0.079971
endloop
endfacet
facet normal 0.046428 0.998915 -0.003632
outer loop
vertex -0.030818 0.089232 0.201239
vertex -0.021844 0.088374 0.079971
vertex -0.030818 0.088790 0.079670
endloop
endfacet
facet normal 0.154396 -0.988004 -0.003016
outer loop
vertex -0.021844 0.084111 0.201239
vertex -0.021844 0.084473 0.082663
vertex -0.015177 0.085517 0.081962
endloop
endfacet
facet normal 0.182428 -0.983218 -0.001393
outer loop
vertex -0.021844 0.084111 0.201239
vertex -0.015177 0.085517 0.081962
vertex -0.015177 0.085348 0.201239
endloop
endfacet
facet normal -0.007999 0.999961 -0.003636
outer loop
vertex -0.043569 0.089130 0.201239
vertex -0.030818 0.089232 0.201239
vertex -0.030818 0.088790 0.079670
endloop
endfacet
facet normal -0.006758 0.999971 -0.003506
outer loop
vertex -0.043569 0.089130 0.201239
vertex -0.030818 0.088790 0.079670
vertex -0.043569 0.088704 0.079720
endloop
endfacet
facet normal 0.046193 -0.998926 -0.003715
outer loop
vertex -0.030818 0.083617 0.201239
vertex -0.030818 0.084057 0.082936
vertex -0.021844 0.084473 0.082663
endloop
endfacet
facet normal 0.054964 -0.998484 -0.003048
outer loop
vertex -0.030818 0.083617 0.201239
vertex -0.021844 0.084473 0.082663
vertex -0.021844 0.084111 0.201239
endloop
endfacet
facet normal -0.052562 0.998611 -0.003501
outer loop
vertex -0.056773 0.088435 0.201239
vertex -0.043569 0.089130 0.201239
vertex -0.043569 0.088704 0.079720
endloop
endfacet
facet normal -0.044339 0.999013 -0.002607
outer loop
vertex -0.056773 0.088435 0.201239
vertex -0.043569 0.088704 0.079720
vertex -0.056773 0.088119 0.080118
endloop
endfacet
facet normal -0.006725 -0.999971 -0.003582
outer loop
vertex -0.043569 0.083719 0.201239
vertex -0.043569 0.084143 0.082868
vertex -0.030818 0.084057 0.082936
endloop
endfacet
facet normal -0.007999 -0.999961 -0.003719
outer loop
vertex -0.043569 0.083719 0.201239
vertex -0.030818 0.084057 0.082936
vertex -0.030818 0.083617 0.201239
endloop
endfacet
facet normal -0.097137 0.995268 -0.002597
outer loop
vertex -0.067562 0.087382 0.201239
vertex -0.056773 0.088435 0.201239
vertex -0.056773 0.088119 0.080118
endloop
endfacet
facet normal -0.082007 0.996631 -0.001241
outer loop
vertex -0.067562 0.087382 0.201239
vertex -0.056773 0.088119 0.080118
vertex -0.067562 0.087232 0.080730
endloop
endfacet
facet normal -0.044255 -0.999017 -0.002658
outer loop
vertex -0.056773 0.084413 0.201239
vertex -0.056773 0.084729 0.082460
vertex -0.043569 0.084143 0.082868
endloop
endfacet
facet normal -0.052487 -0.998615 -0.003577
outer loop
vertex -0.056773 0.084413 0.201239
vertex -0.043569 0.084143 0.082868
vertex -0.043569 0.083719 0.201239
endloop
endfacet
facet normal -0.171667 -0.985155 0.000043
outer loop
vertex -0.067562 0.085466 0.201239
vertex -0.073054 0.086423 0.201239
vertex -0.073055 0.086418 0.081290
endloop
endfacet
facet normal -0.144349 -0.989526 -0.001243
outer loop
vertex -0.067562 0.085466 0.201239
vertex -0.073055 0.086418 0.081290
vertex -0.067562 0.085616 0.081847
endloop
endfacet
facet normal -0.081866 -0.996643 -0.001252
outer loop
vertex -0.067562 0.085466 0.201239
vertex -0.067562 0.085616 0.081847
vertex -0.056773 0.084729 0.082460
endloop
endfacet
facet normal -0.097137 -0.995267 -0.002648
outer loop
vertex -0.067562 0.085466 0.201239
vertex -0.056773 0.084729 0.082460
vertex -0.056773 0.084413 0.201239
endloop
endfacet
facet normal -0.108312 -0.994117 0.000000
outer loop
vertex -0.073054 0.086424 0.221138
vertex -0.073054 0.086424 0.220208
vertex -0.065225 0.085571 0.220154
endloop
endfacet
facet normal 0.000000 0.734803 -0.678280
outer loop
vertex -0.073054 0.086424 0.221138
vertex -0.065225 0.085571 0.220154
vertex -0.072935 0.086411 0.221123
endloop
endfacet
facet normal -0.146711 0.989179 -0.001231
outer loop
vertex -0.067562 0.087382 0.201239
vertex -0.067562 0.087232 0.080730
vertex -0.073055 0.086418 0.081290
endloop
endfacet
facet normal -0.172015 0.985094 -0.000040
outer loop
vertex -0.067562 0.087382 0.201239
vertex -0.073055 0.086418 0.081290
vertex -0.073054 0.086423 0.201239
endloop
endfacet
facet normal 0.182570 0.983192 -0.001379
outer loop
vertex -0.021844 0.088738 0.201239
vertex -0.015177 0.087500 0.201239
vertex -0.015177 0.087331 0.080709
endloop
endfacet
facet normal 0.154882 0.987929 -0.002965
outer loop
vertex -0.021844 0.088738 0.201239
vertex -0.015177 0.087331 0.080709
vertex -0.021844 0.088374 0.079971
endloop
endfacet
facet normal 0.455356 0.771146 0.444954
outer loop
vertex -0.013054 -0.080298 0.063335
vertex -0.015177 -0.079405 0.063960
vertex -0.015177 -0.082466 0.069265
endloop
endfacet
facet normal 0.455776 0.770870 0.445002
outer loop
vertex -0.013054 -0.080298 0.063335
vertex -0.015177 -0.082466 0.069265
vertex -0.013054 -0.083361 0.068641
endloop
endfacet
facet normal 0.442680 0.849080 0.288266
outer loop
vertex -0.013054 -0.083361 0.068641
vertex -0.015177 -0.082466 0.069265
vertex -0.015177 -0.084703 0.075854
endloop
endfacet
facet normal 0.444015 0.848299 0.288514
outer loop
vertex -0.013054 -0.083361 0.068641
vertex -0.015177 -0.084703 0.075854
vertex -0.013054 -0.085603 0.075233
endloop
endfacet
facet normal 0.417051 0.900916 0.120081
outer loop
vertex -0.013054 -0.085603 0.075233
vertex -0.015177 -0.084703 0.075854
vertex -0.015177 -0.085517 0.081961
endloop
endfacet
facet normal 0.419393 0.899726 0.120838
outer loop
vertex -0.013054 -0.085603 0.075233
vertex -0.015177 -0.085517 0.081961
vertex -0.013054 -0.086424 0.081346
endloop
endfacet
facet normal 0.184117 0.851407 0.491128
outer loop
vertex -0.015177 -0.079405 0.063960
vertex -0.021844 -0.078378 0.064679
vertex -0.021844 -0.081437 0.069982
endloop
endfacet
facet normal 0.184225 0.851331 0.491219
outer loop
vertex -0.015177 -0.079405 0.063960
vertex -0.021844 -0.081437 0.069982
vertex -0.015177 -0.082466 0.069265
endloop
endfacet
facet normal 0.177818 0.931980 0.315901
outer loop
vertex -0.015177 -0.082466 0.069265
vertex -0.021844 -0.081437 0.069982
vertex -0.021844 -0.083668 0.076564
endloop
endfacet
facet normal 0.178331 0.931737 0.316329
outer loop
vertex -0.015177 -0.082466 0.069265
vertex -0.021844 -0.083668 0.076564
vertex -0.015177 -0.084703 0.075854
endloop
endfacet
facet normal 0.165528 0.977723 0.129068
outer loop
vertex -0.015177 -0.084703 0.075854
vertex -0.021844 -0.083668 0.076564
vertex -0.021844 -0.084473 0.082662
endloop
endfacet
facet normal 0.166743 0.977356 0.130274
outer loop
vertex -0.015177 -0.084703 0.075854
vertex -0.021844 -0.084473 0.082662
vertex -0.015177 -0.085517 0.081961
endloop
endfacet
facet normal 0.055470 0.864870 0.498922
outer loop
vertex -0.021844 -0.078378 0.064679
vertex -0.030818 -0.077968 0.064966
vertex -0.030818 -0.081026 0.070267
endloop
endfacet
facet normal 0.055455 0.864883 0.498901
outer loop
vertex -0.021844 -0.078378 0.064679
vertex -0.030818 -0.081026 0.070267
vertex -0.021844 -0.081437 0.069982
endloop
endfacet
facet normal 0.053492 0.945732 0.320515
outer loop
vertex -0.021844 -0.081437 0.069982
vertex -0.030818 -0.081026 0.070267
vertex -0.030818 -0.083255 0.076844
endloop
endfacet
facet normal 0.053525 0.945716 0.320555
outer loop
vertex -0.021844 -0.081437 0.069982
vertex -0.030818 -0.083255 0.076844
vertex -0.021844 -0.083668 0.076564
endloop
endfacet
facet normal 0.049640 0.990218 0.130403
outer loop
vertex -0.021844 -0.083668 0.076564
vertex -0.030818 -0.083255 0.076844
vertex -0.030818 -0.084057 0.082934
endloop
endfacet
facet normal 0.049862 0.990166 0.130712
outer loop
vertex -0.021844 -0.083668 0.076564
vertex -0.030818 -0.084057 0.082934
vertex -0.021844 -0.084473 0.082662
endloop
endfacet
facet normal -0.008019 0.866024 0.499938
outer loop
vertex -0.030818 -0.077968 0.064966
vertex -0.043569 -0.078052 0.064907
vertex -0.043569 -0.081111 0.070206
endloop
endfacet
facet normal -0.008164 0.866177 0.499671
outer loop
vertex -0.030818 -0.077968 0.064966
vertex -0.043569 -0.081111 0.070206
vertex -0.030818 -0.081026 0.070267
endloop
endfacet
facet normal -0.007849 0.947013 0.321099
outer loop
vertex -0.030818 -0.081026 0.070267
vertex -0.043569 -0.081111 0.070206
vertex -0.043569 -0.083340 0.076780
endloop
endfacet
facet normal -0.007924 0.947058 0.320965
outer loop
vertex -0.030818 -0.081026 0.070267
vertex -0.043569 -0.083340 0.076780
vertex -0.030818 -0.083255 0.076844
endloop
endfacet
facet normal -0.007265 0.991381 0.130807
outer loop
vertex -0.030818 -0.083255 0.076844
vertex -0.043569 -0.083340 0.076780
vertex -0.043569 -0.084143 0.082866
endloop
endfacet
facet normal -0.007383 0.991413 0.130559
outer loop
vertex -0.030818 -0.083255 0.076844
vertex -0.043569 -0.084143 0.082866
vertex -0.030818 -0.084057 0.082934
endloop
endfacet
facet normal -0.053031 0.864722 0.499443
outer loop
vertex -0.043569 -0.078052 0.064907
vertex -0.056773 -0.078629 0.064504
vertex -0.056773 -0.081689 0.069802
endloop
endfacet
facet normal -0.053133 0.864828 0.499249
outer loop
vertex -0.043569 -0.078052 0.064907
vertex -0.056773 -0.081689 0.069802
vertex -0.043569 -0.081111 0.070206
endloop
endfacet
facet normal -0.051222 0.945624 0.321203
outer loop
vertex -0.043569 -0.081111 0.070206
vertex -0.056773 -0.081689 0.069802
vertex -0.056773 -0.083921 0.076373
endloop
endfacet
facet normal -0.051501 0.945786 0.320683
outer loop
vertex -0.043569 -0.081111 0.070206
vertex -0.056773 -0.083921 0.076373
vertex -0.043569 -0.083340 0.076780
endloop
endfacet
facet normal -0.047624 0.990169 0.131522
outer loop
vertex -0.043569 -0.083340 0.076780
vertex -0.056773 -0.083921 0.076373
vertex -0.056773 -0.084729 0.082456
endloop
endfacet
facet normal -0.048006 0.990265 0.130655
outer loop
vertex -0.043569 -0.083340 0.076780
vertex -0.056773 -0.084729 0.082456
vertex -0.043569 -0.084143 0.082866
endloop
endfacet
facet normal -0.097967 0.861635 0.497984
outer loop
vertex -0.056773 -0.078629 0.064504
vertex -0.067562 -0.079502 0.063892
vertex -0.067562 -0.082564 0.069190
endloop
endfacet
facet normal -0.098124 0.861762 0.497733
outer loop
vertex -0.056773 -0.078629 0.064504
vertex -0.067562 -0.082564 0.069190
vertex -0.056773 -0.081689 0.069802
endloop
endfacet
facet normal -0.094628 0.942399 0.320826
outer loop
vertex -0.056773 -0.081689 0.069802
vertex -0.067562 -0.082564 0.069190
vertex -0.067562 -0.084801 0.075761
endloop
endfacet
facet normal -0.095043 0.942580 0.320171
outer loop
vertex -0.056773 -0.081689 0.069802
vertex -0.067562 -0.084801 0.075761
vertex -0.056773 -0.083921 0.076373
endloop
endfacet
facet normal -0.088032 0.987296 0.132279
outer loop
vertex -0.056773 -0.083921 0.076373
vertex -0.067562 -0.084801 0.075761
vertex -0.067562 -0.085616 0.081844
endloop
endfacet
facet normal -0.088616 0.987393 0.131153
outer loop
vertex -0.056773 -0.083921 0.076373
vertex -0.067562 -0.085616 0.081844
vertex -0.056773 -0.084729 0.082456
endloop
endfacet
facet normal -0.158244 0.978655 0.131122
outer loop
vertex -0.073056 -0.086430 0.081289
vertex -0.067562 -0.085616 0.081844
vertex -0.067562 -0.084801 0.075761
endloop
endfacet
facet normal -0.156841 0.978692 0.132525
outer loop
vertex -0.073056 -0.086430 0.081289
vertex -0.067562 -0.084801 0.075761
vertex -0.073055 -0.085606 0.075205
endloop
endfacet
facet normal -0.168890 0.933048 0.317642
outer loop
vertex -0.073055 -0.085606 0.075205
vertex -0.067562 -0.084801 0.075761
vertex -0.067562 -0.082564 0.069190
endloop
endfacet
facet normal -0.167808 0.932927 0.318572
outer loop
vertex -0.073055 -0.085606 0.075205
vertex -0.067562 -0.082564 0.069190
vertex -0.073054 -0.083362 0.068634
endloop
endfacet
facet normal -0.173775 0.852627 0.492778
outer loop
vertex -0.073054 -0.083362 0.068634
vertex -0.067562 -0.082564 0.069190
vertex -0.067562 -0.079502 0.063892
endloop
endfacet
facet normal -0.173566 0.852558 0.492970
outer loop
vertex -0.073054 -0.083362 0.068634
vertex -0.067562 -0.079502 0.063892
vertex -0.073054 -0.080298 0.063335
endloop
endfacet
facet normal 0.167623 -0.976713 -0.133921
outer loop
vertex -0.015177 -0.087331 0.080710
vertex -0.021844 -0.088374 0.079972
vertex -0.021844 -0.087538 0.073875
endloop
endfacet
facet normal 0.166162 -0.977158 -0.132486
outer loop
vertex -0.015177 -0.087331 0.080710
vertex -0.021844 -0.087538 0.073875
vertex -0.015177 -0.086503 0.074603
endloop
endfacet
facet normal 0.179285 -0.930779 -0.318602
outer loop
vertex -0.015177 -0.086503 0.074603
vertex -0.021844 -0.087538 0.073875
vertex -0.021844 -0.085285 0.067293
endloop
endfacet
facet normal 0.178284 -0.931256 -0.317769
outer loop
vertex -0.015177 -0.086503 0.074603
vertex -0.021844 -0.085285 0.067293
vertex -0.015177 -0.084255 0.068015
endloop
endfacet
facet normal 0.184721 -0.850712 -0.492105
outer loop
vertex -0.015177 -0.084255 0.068015
vertex -0.021844 -0.085285 0.067293
vertex -0.021844 -0.082218 0.061991
endloop
endfacet
facet normal 0.184251 -0.851048 -0.491699
outer loop
vertex -0.015177 -0.084255 0.068015
vertex -0.021844 -0.082218 0.061991
vertex -0.015177 -0.081190 0.062710
endloop
endfacet
facet normal 0.050421 -0.989386 -0.136282
outer loop
vertex -0.021844 -0.088374 0.079972
vertex -0.030818 -0.088790 0.079672
vertex -0.030818 -0.087951 0.073581
endloop
endfacet
facet normal 0.049983 -0.989492 -0.135676
outer loop
vertex -0.021844 -0.088374 0.079972
vertex -0.030818 -0.087951 0.073581
vertex -0.021844 -0.087538 0.073875
endloop
endfacet
facet normal 0.054083 -0.944517 -0.323980
outer loop
vertex -0.021844 -0.087538 0.073875
vertex -0.030818 -0.087951 0.073581
vertex -0.030818 -0.085695 0.067004
endloop
endfacet
facet normal 0.053577 -0.944750 -0.323384
outer loop
vertex -0.021844 -0.087538 0.073875
vertex -0.030818 -0.085695 0.067004
vertex -0.021844 -0.085285 0.067293
endloop
endfacet
facet normal 0.055588 -0.864118 -0.500210
outer loop
vertex -0.021844 -0.085285 0.067293
vertex -0.030818 -0.085695 0.067004
vertex -0.030818 -0.082627 0.061704
endloop
endfacet
facet normal 0.055379 -0.864280 -0.499954
outer loop
vertex -0.021844 -0.085285 0.067293
vertex -0.030818 -0.082627 0.061704
vertex -0.021844 -0.082218 0.061991
endloop
endfacet
facet normal -0.007216 -0.990627 -0.136402
outer loop
vertex -0.030818 -0.088790 0.079672
vertex -0.043569 -0.088704 0.079722
vertex -0.043569 -0.087866 0.073636
endloop
endfacet
facet normal -0.007192 -0.990621 -0.136452
outer loop
vertex -0.030818 -0.088790 0.079672
vertex -0.043569 -0.087866 0.073636
vertex -0.030818 -0.087951 0.073581
endloop
endfacet
facet normal -0.007705 -0.945871 -0.324452
outer loop
vertex -0.030818 -0.087951 0.073581
vertex -0.043569 -0.087866 0.073636
vertex -0.043569 -0.085611 0.067062
endloop
endfacet
facet normal -0.007707 -0.945873 -0.324444
outer loop
vertex -0.030818 -0.087951 0.073581
vertex -0.043569 -0.085611 0.067062
vertex -0.030818 -0.085695 0.067004
endloop
endfacet
facet normal -0.007980 -0.865387 -0.501041
outer loop
vertex -0.030818 -0.085695 0.067004
vertex -0.043569 -0.085611 0.067062
vertex -0.043569 -0.082543 0.061763
endloop
endfacet
facet normal -0.008019 -0.865429 -0.500968
outer loop
vertex -0.030818 -0.085695 0.067004
vertex -0.043569 -0.082543 0.061763
vertex -0.030818 -0.082627 0.061704
endloop
endfacet
facet normal -0.047943 -0.989596 -0.135652
outer loop
vertex -0.043569 -0.088704 0.079722
vertex -0.056773 -0.088119 0.080121
vertex -0.056773 -0.087285 0.074037
endloop
endfacet
facet normal -0.047679 -0.989526 -0.136252
outer loop
vertex -0.043569 -0.088704 0.079722
vertex -0.056773 -0.087285 0.074037
vertex -0.043569 -0.087866 0.073636
endloop
endfacet
facet normal -0.051403 -0.944751 -0.323732
outer loop
vertex -0.043569 -0.087866 0.073636
vertex -0.056773 -0.087285 0.074037
vertex -0.056773 -0.085033 0.067465
endloop
endfacet
facet normal -0.051242 -0.944656 -0.324034
outer loop
vertex -0.043569 -0.087866 0.073636
vertex -0.056773 -0.085033 0.067465
vertex -0.043569 -0.085611 0.067062
endloop
endfacet
facet normal -0.053101 -0.864224 -0.500297
outer loop
vertex -0.043569 -0.085611 0.067062
vertex -0.056773 -0.085033 0.067465
vertex -0.056773 -0.081966 0.062167
endloop
endfacet
facet normal -0.053074 -0.864195 -0.500350
outer loop
vertex -0.043569 -0.085611 0.067062
vertex -0.056773 -0.081966 0.062167
vertex -0.043569 -0.082543 0.061763
endloop
endfacet
facet normal -0.088741 -0.986979 -0.134157
outer loop
vertex -0.056773 -0.088119 0.080121
vertex -0.067562 -0.087232 0.080732
vertex -0.067562 -0.086405 0.074648
endloop
endfacet
facet normal -0.088155 -0.986877 -0.135287
outer loop
vertex -0.056773 -0.088119 0.080121
vertex -0.067562 -0.086405 0.074648
vertex -0.056773 -0.087285 0.074037
endloop
endfacet
facet normal -0.095068 -0.941922 -0.322094
outer loop
vertex -0.056773 -0.087285 0.074037
vertex -0.067562 -0.086405 0.074648
vertex -0.067562 -0.084158 0.068077
endloop
endfacet
facet normal -0.094682 -0.941752 -0.322706
outer loop
vertex -0.056773 -0.087285 0.074037
vertex -0.067562 -0.084158 0.068077
vertex -0.056773 -0.085033 0.067465
endloop
endfacet
facet normal -0.098129 -0.861449 -0.498274
outer loop
vertex -0.056773 -0.085033 0.067465
vertex -0.067562 -0.084158 0.068077
vertex -0.067562 -0.081093 0.062778
endloop
endfacet
facet normal -0.097928 -0.861285 -0.498595
outer loop
vertex -0.056773 -0.085033 0.067465
vertex -0.067562 -0.081093 0.062778
vertex -0.056773 -0.081966 0.062167
endloop
endfacet
facet normal -0.173418 -0.852511 -0.493104
outer loop
vertex -0.073054 -0.080298 0.063335
vertex -0.067562 -0.081093 0.062778
vertex -0.067562 -0.084158 0.068077
endloop
endfacet
facet normal -0.173566 -0.852559 -0.492969
outer loop
vertex -0.073054 -0.080298 0.063335
vertex -0.067562 -0.084158 0.068077
vertex -0.073054 -0.083362 0.068634
endloop
endfacet
facet normal -0.167556 -0.932831 -0.318987
outer loop
vertex -0.073054 -0.083362 0.068634
vertex -0.067562 -0.084158 0.068077
vertex -0.067562 -0.086405 0.074648
endloop
endfacet
facet normal -0.168002 -0.932880 -0.318605
outer loop
vertex -0.073054 -0.083362 0.068634
vertex -0.067562 -0.086405 0.074648
vertex -0.073055 -0.085606 0.075205
endloop
endfacet
facet normal -0.155862 -0.978778 -0.133047
outer loop
vertex -0.073055 -0.085606 0.075205
vertex -0.067562 -0.086405 0.074648
vertex -0.067562 -0.087232 0.080732
endloop
endfacet
facet normal -0.156320 -0.978767 -0.132587
outer loop
vertex -0.073055 -0.085606 0.075205
vertex -0.067562 -0.087232 0.080732
vertex -0.073056 -0.086430 0.081289
endloop
endfacet
facet normal 0.420599 -0.899021 -0.121891
outer loop
vertex -0.013054 -0.086424 0.081346
vertex -0.015177 -0.087331 0.080710
vertex -0.015177 -0.086503 0.074603
endloop
endfacet
facet normal 0.417648 -0.900524 -0.120943
outer loop
vertex -0.013054 -0.086424 0.081346
vertex -0.015177 -0.086503 0.074603
vertex -0.013054 -0.085603 0.075233
endloop
endfacet
facet normal 0.445097 -0.847502 -0.289188
outer loop
vertex -0.013054 -0.085603 0.075233
vertex -0.015177 -0.086503 0.074603
vertex -0.015177 -0.084255 0.068015
endloop
endfacet
facet normal 0.442631 -0.848946 -0.288734
outer loop
vertex -0.013054 -0.085603 0.075233
vertex -0.015177 -0.084255 0.068015
vertex -0.013054 -0.083361 0.068641
endloop
endfacet
facet normal 0.455831 -0.770683 -0.445270
outer loop
vertex -0.013054 -0.083361 0.068641
vertex -0.015177 -0.084255 0.068015
vertex -0.015177 -0.081190 0.062710
endloop
endfacet
facet normal 0.455079 -0.771180 -0.445179
outer loop
vertex -0.013054 -0.083361 0.068641
vertex -0.015177 -0.081190 0.062710
vertex -0.013054 -0.080298 0.063335
endloop
endfacet
facet normal 0.419263 -0.899909 0.119929
outer loop
vertex -0.013054 0.086424 0.081346
vertex -0.015177 0.085517 0.081962
vertex -0.015177 0.084703 0.075854
endloop
endfacet
facet normal 0.417226 -0.900716 0.120969
outer loop
vertex -0.013054 0.086424 0.081346
vertex -0.015177 0.084703 0.075854
vertex -0.013054 0.085603 0.075233
endloop
endfacet
facet normal 0.443960 -0.848481 0.288063
outer loop
vertex -0.013054 0.085603 0.075233
vertex -0.015177 0.084703 0.075854
vertex -0.015177 0.082466 0.069265
endloop
endfacet
facet normal 0.442734 -0.848898 0.288718
outer loop
vertex -0.013054 0.085603 0.075233
vertex -0.015177 0.082466 0.069265
vertex -0.013054 0.083361 0.068641
endloop
endfacet
facet normal 0.455772 -0.770963 0.444846
outer loop
vertex -0.013054 0.083361 0.068641
vertex -0.015177 0.082466 0.069265
vertex -0.015177 0.079405 0.063960
endloop
endfacet
facet normal 0.455362 -0.771053 0.445110
outer loop
vertex -0.013054 0.083361 0.068641
vertex -0.015177 0.079405 0.063960
vertex -0.013054 0.080298 0.063335
endloop
endfacet
facet normal 0.166643 -0.977536 0.129046
outer loop
vertex -0.015177 0.085517 0.081962
vertex -0.021844 0.084473 0.082663
vertex -0.021844 0.083668 0.076565
endloop
endfacet
facet normal 0.165648 -0.977542 0.130275
outer loop
vertex -0.015177 0.085517 0.081962
vertex -0.021844 0.083668 0.076565
vertex -0.015177 0.084703 0.075854
endloop
endfacet
facet normal 0.178351 -0.931904 0.315827
outer loop
vertex -0.015177 0.084703 0.075854
vertex -0.021844 0.083668 0.076565
vertex -0.021844 0.081437 0.069982
endloop
endfacet
facet normal 0.177841 -0.931821 0.316358
outer loop
vertex -0.015177 0.084703 0.075854
vertex -0.021844 0.081437 0.069982
vertex -0.015177 0.082466 0.069265
endloop
endfacet
facet normal 0.184221 -0.851391 0.491118
outer loop
vertex -0.015177 0.082466 0.069265
vertex -0.021844 0.081437 0.069982
vertex -0.021844 0.078378 0.064679
endloop
endfacet
facet normal 0.184121 -0.851348 0.491228
outer loop
vertex -0.015177 0.082466 0.069265
vertex -0.021844 0.078378 0.064679
vertex -0.015177 0.079405 0.063960
endloop
endfacet
facet normal 0.049867 -0.990212 0.130358
outer loop
vertex -0.021844 0.084473 0.082663
vertex -0.030818 0.084057 0.082936
vertex -0.030818 0.083255 0.076844
endloop
endfacet
facet normal 0.049634 -0.990177 0.130715
outer loop
vertex -0.021844 0.084473 0.082663
vertex -0.030818 0.083255 0.076844
vertex -0.021844 0.083668 0.076565
endloop
endfacet
facet normal 0.053489 -0.945732 0.320515
outer loop
vertex -0.021844 0.083668 0.076565
vertex -0.030818 0.083255 0.076844
vertex -0.030818 0.081026 0.070267
endloop
endfacet
facet normal 0.053492 -0.945733 0.320512
outer loop
vertex -0.021844 0.083668 0.076565
vertex -0.030818 0.081026 0.070267
vertex -0.021844 0.081437 0.069982
endloop
endfacet
facet normal 0.055454 -0.864871 0.498922
outer loop
vertex -0.021844 0.081437 0.069982
vertex -0.030818 0.081026 0.070267
vertex -0.030818 0.077968 0.064966
endloop
endfacet
facet normal 0.055471 -0.864882 0.498901
outer loop
vertex -0.021844 0.081437 0.069982
vertex -0.030818 0.077968 0.064966
vertex -0.021844 0.078378 0.064679
endloop
endfacet
facet normal -0.007383 -0.991383 0.130785
outer loop
vertex -0.030818 0.084057 0.082936
vertex -0.043569 0.084143 0.082868
vertex -0.043569 0.083340 0.076781
endloop
endfacet
facet normal -0.007253 -0.991420 0.130517
outer loop
vertex -0.030818 0.084057 0.082936
vertex -0.043569 0.083340 0.076781
vertex -0.030818 0.083255 0.076844
endloop
endfacet
facet normal -0.007899 -0.947014 0.321096
outer loop
vertex -0.030818 0.083255 0.076844
vertex -0.043569 0.083340 0.076781
vertex -0.043569 0.081111 0.070207
endloop
endfacet
facet normal -0.007823 -0.947058 0.320967
outer loop
vertex -0.030818 0.083255 0.076844
vertex -0.043569 0.081111 0.070207
vertex -0.030818 0.081026 0.070267
endloop
endfacet
facet normal -0.008126 -0.866065 0.499865
outer loop
vertex -0.030818 0.081026 0.070267
vertex -0.043569 0.081111 0.070207
vertex -0.043569 0.078052 0.064907
endloop
endfacet
facet normal -0.008018 -0.866176 0.499674
outer loop
vertex -0.030818 0.081026 0.070267
vertex -0.043569 0.078052 0.064907
vertex -0.030818 0.077968 0.064966
endloop
endfacet
facet normal -0.048007 -0.990156 0.131477
outer loop
vertex -0.043569 0.084143 0.082868
vertex -0.056773 0.084729 0.082460
vertex -0.056773 0.083921 0.076375
endloop
endfacet
facet normal -0.047592 -0.990287 0.130637
outer loop
vertex -0.043569 0.084143 0.082868
vertex -0.056773 0.083921 0.076375
vertex -0.043569 0.083340 0.076781
endloop
endfacet
facet normal -0.051484 -0.945640 0.321116
outer loop
vertex -0.043569 0.083340 0.076781
vertex -0.056773 0.083921 0.076375
vertex -0.056773 0.081689 0.069802
endloop
endfacet
facet normal -0.051238 -0.945800 0.320683
outer loop
vertex -0.043569 0.083340 0.076781
vertex -0.056773 0.081689 0.069802
vertex -0.043569 0.081111 0.070207
endloop
endfacet
facet normal -0.053171 -0.864716 0.499439
outer loop
vertex -0.043569 0.081111 0.070207
vertex -0.056773 0.081689 0.069802
vertex -0.056773 0.078629 0.064504
endloop
endfacet
facet normal -0.053030 -0.864873 0.499181
outer loop
vertex -0.043569 0.081111 0.070207
vertex -0.056773 0.078629 0.064504
vertex -0.043569 0.078052 0.064907
endloop
endfacet
facet normal -0.088679 -0.987242 0.132250
outer loop
vertex -0.056773 0.084729 0.082460
vertex -0.067562 0.085616 0.081847
vertex -0.067562 0.084801 0.075763
endloop
endfacet
facet normal -0.087979 -0.987455 0.131118
outer loop
vertex -0.056773 0.084729 0.082460
vertex -0.067562 0.084801 0.075763
vertex -0.056773 0.083921 0.076375
endloop
endfacet
facet normal -0.095060 -0.942375 0.320770
outer loop
vertex -0.056773 0.083921 0.076375
vertex -0.067562 0.084801 0.075763
vertex -0.067562 0.082564 0.069191
endloop
endfacet
facet normal -0.094578 -0.942652 0.320097
outer loop
vertex -0.056773 0.083921 0.076375
vertex -0.067562 0.082564 0.069191
vertex -0.056773 0.081689 0.069802
endloop
endfacet
facet normal -0.098079 -0.861666 0.497908
outer loop
vertex -0.056773 0.081689 0.069802
vertex -0.067562 0.082564 0.069191
vertex -0.067562 0.079502 0.063892
endloop
endfacet
facet normal -0.097965 -0.861775 0.497741
outer loop
vertex -0.056773 0.081689 0.069802
vertex -0.067562 0.079502 0.063892
vertex -0.056773 0.078629 0.064504
endloop
endfacet
facet normal -0.173560 -0.852698 0.492730
outer loop
vertex -0.073054 0.080298 0.063335
vertex -0.067562 0.079502 0.063892
vertex -0.067562 0.082564 0.069191
endloop
endfacet
facet normal -0.173562 -0.852699 0.492727
outer loop
vertex -0.073054 0.080298 0.063335
vertex -0.067562 0.082564 0.069191
vertex -0.073054 0.083360 0.068634
endloop
endfacet
facet normal -0.167489 -0.933289 0.317678
outer loop
vertex -0.073054 0.083360 0.068634
vertex -0.067562 0.082564 0.069191
vertex -0.067562 0.084801 0.075763
endloop
endfacet
facet normal -0.167972 -0.933089 0.318009
outer loop
vertex -0.073054 0.083360 0.068634
vertex -0.067562 0.084801 0.075763
vertex -0.073055 0.085600 0.075206
endloop
endfacet
facet normal -0.155711 -0.979057 0.131153
outer loop
vertex -0.073055 0.085600 0.075206
vertex -0.067562 0.084801 0.075763
vertex -0.067562 0.085616 0.081847
endloop
endfacet
facet normal -0.156271 -0.978907 0.131612
outer loop
vertex -0.073055 0.085600 0.075206
vertex -0.067562 0.085616 0.081847
vertex -0.073055 0.086418 0.081290
endloop
endfacet
facet normal 0.184262 0.850787 -0.492148
outer loop
vertex -0.015177 0.081190 0.062710
vertex -0.021844 0.082218 0.061991
vertex -0.021844 0.085285 0.067293
endloop
endfacet
facet normal 0.184711 0.850974 -0.491656
outer loop
vertex -0.015177 0.081190 0.062710
vertex -0.021844 0.085285 0.067293
vertex -0.015177 0.084255 0.068015
endloop
endfacet
facet normal 0.178335 0.930927 -0.318702
outer loop
vertex -0.015177 0.084255 0.068015
vertex -0.021844 0.085285 0.067293
vertex -0.021844 0.087538 0.073874
endloop
endfacet
facet normal 0.179283 0.931084 -0.317711
outer loop
vertex -0.015177 0.084255 0.068015
vertex -0.021844 0.087538 0.073874
vertex -0.015177 0.086503 0.074603
endloop
endfacet
facet normal 0.166308 0.976933 -0.133951
outer loop
vertex -0.015177 0.086503 0.074603
vertex -0.021844 0.087538 0.073874
vertex -0.021844 0.088374 0.079971
endloop
endfacet
facet normal 0.167497 0.976931 -0.132476
outer loop
vertex -0.015177 0.086503 0.074603
vertex -0.021844 0.088374 0.079971
vertex -0.015177 0.087331 0.080709
endloop
endfacet
facet normal 0.055381 0.864129 -0.500214
outer loop
vertex -0.021844 0.082218 0.061991
vertex -0.030818 0.082627 0.061704
vertex -0.030818 0.085695 0.067004
endloop
endfacet
facet normal 0.055586 0.864269 -0.499950
outer loop
vertex -0.021844 0.082218 0.061991
vertex -0.030818 0.085695 0.067004
vertex -0.021844 0.085285 0.067293
endloop
endfacet
facet normal 0.053589 0.944527 -0.324033
outer loop
vertex -0.021844 0.085285 0.067293
vertex -0.030818 0.085695 0.067004
vertex -0.030818 0.087951 0.073580
endloop
endfacet
facet normal 0.054073 0.944709 -0.323419
outer loop
vertex -0.021844 0.085285 0.067293
vertex -0.030818 0.087951 0.073580
vertex -0.021844 0.087538 0.073874
endloop
endfacet
facet normal 0.050000 0.989404 -0.136309
outer loop
vertex -0.021844 0.087538 0.073874
vertex -0.030818 0.087951 0.073580
vertex -0.030818 0.088790 0.079670
endloop
endfacet
facet normal 0.050419 0.989470 -0.135671
outer loop
vertex -0.021844 0.087538 0.073874
vertex -0.030818 0.088790 0.079670
vertex -0.021844 0.088374 0.079971
endloop
endfacet
facet normal -0.008019 0.865388 -0.501039
outer loop
vertex -0.030818 0.082627 0.061704
vertex -0.043569 0.082543 0.061763
vertex -0.043569 0.085611 0.067062
endloop
endfacet
facet normal -0.007979 0.865428 -0.500970
outer loop
vertex -0.030818 0.082627 0.061704
vertex -0.043569 0.085611 0.067062
vertex -0.030818 0.085695 0.067004
endloop
endfacet
facet normal -0.007707 0.945841 -0.324538
outer loop
vertex -0.030818 0.085695 0.067004
vertex -0.043569 0.085611 0.067062
vertex -0.043569 0.087866 0.073634
endloop
endfacet
facet normal -0.007679 0.945857 -0.324491
outer loop
vertex -0.030818 0.085695 0.067004
vertex -0.043569 0.087866 0.073634
vertex -0.030818 0.087951 0.073580
endloop
endfacet
facet normal -0.007181 0.990628 -0.136402
outer loop
vertex -0.030818 0.087951 0.073580
vertex -0.043569 0.087866 0.073634
vertex -0.043569 0.088704 0.079720
endloop
endfacet
facet normal -0.007217 0.990617 -0.136474
outer loop
vertex -0.030818 0.087951 0.073580
vertex -0.043569 0.088704 0.079720
vertex -0.030818 0.088790 0.079670
endloop
endfacet
facet normal -0.053073 0.864225 -0.500298
outer loop
vertex -0.043569 0.082543 0.061763
vertex -0.056773 0.081966 0.062167
vertex -0.056773 0.085033 0.067465
endloop
endfacet
facet normal -0.053101 0.864194 -0.500349
outer loop
vertex -0.043569 0.082543 0.061763
vertex -0.056773 0.085033 0.067465
vertex -0.043569 0.085611 0.067062
endloop
endfacet
facet normal -0.051238 0.944744 -0.323781
outer loop
vertex -0.043569 0.085611 0.067062
vertex -0.056773 0.085033 0.067465
vertex -0.056773 0.087285 0.074036
endloop
endfacet
facet normal -0.051433 0.944618 -0.324117
outer loop
vertex -0.043569 0.085611 0.067062
vertex -0.056773 0.087285 0.074036
vertex -0.043569 0.087866 0.073634
endloop
endfacet
facet normal -0.047676 0.989602 -0.135704
outer loop
vertex -0.043569 0.087866 0.073634
vertex -0.056773 0.087285 0.074036
vertex -0.056773 0.088119 0.080118
endloop
endfacet
facet normal -0.047947 0.989514 -0.136245
outer loop
vertex -0.043569 0.087866 0.073634
vertex -0.056773 0.088119 0.080118
vertex -0.043569 0.088704 0.079720
endloop
endfacet
facet normal -0.097926 0.861426 -0.498353
outer loop
vertex -0.056773 0.081966 0.062167
vertex -0.067562 0.081093 0.062778
vertex -0.067562 0.084158 0.068076
endloop
endfacet
facet normal -0.098086 0.861271 -0.498589
outer loop
vertex -0.056773 0.081966 0.062167
vertex -0.067562 0.084158 0.068076
vertex -0.056773 0.085033 0.067465
endloop
endfacet
facet normal -0.094635 0.941960 -0.322110
outer loop
vertex -0.056773 0.085033 0.067465
vertex -0.067562 0.084158 0.068076
vertex -0.067562 0.086405 0.074647
endloop
endfacet
facet normal -0.095086 0.941701 -0.322735
outer loop
vertex -0.056773 0.085033 0.067465
vertex -0.067562 0.086405 0.074647
vertex -0.056773 0.087285 0.074036
endloop
endfacet
facet normal -0.088106 0.987031 -0.134192
outer loop
vertex -0.056773 0.087285 0.074036
vertex -0.067562 0.086405 0.074647
vertex -0.067562 0.087232 0.080730
endloop
endfacet
facet normal -0.088805 0.986814 -0.135317
outer loop
vertex -0.056773 0.087285 0.074036
vertex -0.067562 0.087232 0.080730
vertex -0.056773 0.088119 0.080118
endloop
endfacet
facet normal -0.158540 0.978353 -0.133008
outer loop
vertex -0.073055 0.086418 0.081290
vertex -0.067562 0.087232 0.080730
vertex -0.067562 0.086405 0.074647
endloop
endfacet
facet normal -0.156838 0.978817 -0.131605
outer loop
vertex -0.073055 0.086418 0.081290
vertex -0.067562 0.086405 0.074647
vertex -0.073055 0.085600 0.075206
endloop
endfacet
facet normal -0.169122 0.932577 -0.318901
outer loop
vertex -0.073055 0.085600 0.075206
vertex -0.067562 0.086405 0.074647
vertex -0.067562 0.084158 0.068076
endloop
endfacet
facet normal -0.167895 0.933086 -0.318059
outer loop
vertex -0.073055 0.085600 0.075206
vertex -0.067562 0.084158 0.068076
vertex -0.073054 0.083360 0.068634
endloop
endfacet
facet normal -0.173956 0.852388 -0.493126
outer loop
vertex -0.073054 0.083360 0.068634
vertex -0.067562 0.084158 0.068076
vertex -0.067562 0.081093 0.062778
endloop
endfacet
facet normal -0.173411 0.852722 -0.492742
outer loop
vertex -0.073054 0.083360 0.068634
vertex -0.067562 0.081093 0.062778
vertex -0.073054 0.080298 0.063335
endloop
endfacet
facet normal 0.455093 0.771011 -0.445458
outer loop
vertex -0.013054 0.080298 0.063335
vertex -0.015177 0.081190 0.062710
vertex -0.015177 0.084255 0.068015
endloop
endfacet
facet normal 0.455819 0.770851 -0.444991
outer loop
vertex -0.013054 0.080298 0.063335
vertex -0.015177 0.084255 0.068015
vertex -0.013054 0.083361 0.068641
endloop
endfacet
facet normal 0.442736 0.848608 -0.289566
outer loop
vertex -0.013054 0.083361 0.068641
vertex -0.015177 0.084255 0.068015
vertex -0.015177 0.086503 0.074603
endloop
endfacet
facet normal 0.444992 0.847840 -0.288358
outer loop
vertex -0.013054 0.083361 0.068641
vertex -0.015177 0.086503 0.074603
vertex -0.013054 0.085603 0.075233
endloop
endfacet
facet normal 0.417876 0.900265 -0.122080
outer loop
vertex -0.013054 0.085603 0.075233
vertex -0.015177 0.086503 0.074603
vertex -0.015177 0.087331 0.080709
endloop
endfacet
facet normal 0.420421 0.899255 -0.120773
outer loop
vertex -0.013054 0.085603 0.075233
vertex -0.015177 0.087331 0.080709
vertex -0.013054 0.086424 0.081346
endloop
endfacet
facet normal 0.444884 0.877780 -0.177707
outer loop
vertex -0.013054 -0.086424 0.201239
vertex -0.015177 -0.085348 0.201239
vertex -0.013816 -0.085344 0.204666
endloop
endfacet
facet normal 0.446142 0.877233 -0.177254
outer loop
vertex -0.013054 -0.086424 0.201239
vertex -0.013816 -0.085344 0.204666
vertex -0.011698 -0.086424 0.204652
endloop
endfacet
facet normal 0.408024 0.805753 -0.429276
outer loop
vertex -0.011698 -0.086424 0.204652
vertex -0.013816 -0.085344 0.204666
vertex -0.009866 -0.085340 0.208428
endloop
endfacet
facet normal 0.405866 0.807182 -0.428637
outer loop
vertex -0.011698 -0.086424 0.204652
vertex -0.009866 -0.085340 0.208428
vertex -0.007764 -0.086424 0.208377
endloop
endfacet
facet normal 0.358253 0.722511 -0.591297
outer loop
vertex -0.007764 -0.086424 0.208377
vertex -0.009866 -0.085340 0.208428
vertex -0.003714 -0.085337 0.212159
endloop
endfacet
facet normal 0.350890 0.730603 -0.585743
outer loop
vertex -0.007764 -0.086424 0.208377
vertex -0.003714 -0.085337 0.212159
vertex -0.001636 -0.086424 0.212048
endloop
endfacet
facet normal 0.301060 0.647057 -0.700485
outer loop
vertex -0.001636 -0.086424 0.212048
vertex -0.003714 -0.085337 0.212159
vertex 0.004039 -0.085335 0.215493
endloop
endfacet
facet normal 0.290783 0.663979 -0.688895
outer loop
vertex -0.001636 -0.086424 0.212048
vertex 0.004039 -0.085335 0.215493
vertex 0.006085 -0.086424 0.215307
endloop
endfacet
facet normal 0.237066 0.578680 -0.780339
outer loop
vertex 0.009229 -0.085901 0.216650
vertex 0.006085 -0.086424 0.215307
vertex 0.004039 -0.085335 0.215493
endloop
endfacet
facet normal 0.237118 0.577677 -0.781066
outer loop
vertex 0.009229 -0.085901 0.216650
vertex 0.004039 -0.085335 0.215493
vertex 0.007501 -0.085335 0.216544
endloop
endfacet
facet normal 0.227190 0.596806 -0.769551
outer loop
vertex 0.010995 -0.086424 0.216757
vertex 0.006085 -0.086424 0.215307
vertex 0.010915 -0.086400 0.216752
endloop
endfacet
facet normal 0.225362 0.605406 -0.763345
outer loop
vertex 0.006085 -0.086424 0.215307
vertex 0.009229 -0.085901 0.216650
vertex 0.010915 -0.086400 0.216752
endloop
endfacet
facet normal 0.181945 0.980611 -0.072784
outer loop
vertex -0.015177 -0.085348 0.201239
vertex -0.021844 -0.084111 0.201239
vertex -0.020513 -0.084101 0.204701
endloop
endfacet
facet normal 0.181629 0.980633 -0.073277
outer loop
vertex -0.015177 -0.085348 0.201239
vertex -0.020513 -0.084101 0.204701
vertex -0.013816 -0.085344 0.204666
endloop
endfacet
facet normal 0.178579 0.967229 -0.180493
outer loop
vertex -0.013816 -0.085344 0.204666
vertex -0.020513 -0.084101 0.204701
vertex -0.016649 -0.084093 0.208567
endloop
endfacet
facet normal 0.174086 0.967422 -0.183819
outer loop
vertex -0.013816 -0.085344 0.204666
vertex -0.016649 -0.084093 0.208567
vertex -0.009866 -0.085340 0.208428
endloop
endfacet
facet normal 0.169199 0.949722 -0.263439
outer loop
vertex -0.009866 -0.085340 0.208428
vertex -0.016649 -0.084093 0.208567
vertex -0.010630 -0.084086 0.212458
endloop
endfacet
facet normal 0.160492 0.950687 -0.265397
outer loop
vertex -0.009866 -0.085340 0.208428
vertex -0.010630 -0.084086 0.212458
vertex -0.003714 -0.085337 0.212159
endloop
endfacet
facet normal 0.154041 0.930817 -0.331438
outer loop
vertex -0.003714 -0.085337 0.212159
vertex -0.010630 -0.084086 0.212458
vertex -0.003046 -0.084082 0.215994
endloop
endfacet
facet normal 0.141707 0.933251 -0.330093
outer loop
vertex -0.003714 -0.085337 0.212159
vertex -0.003046 -0.084082 0.215994
vertex 0.004039 -0.085335 0.215493
endloop
endfacet
facet normal 0.132789 0.909067 -0.394923
outer loop
vertex -0.001782 -0.084082 0.216420
vertex 0.004397 -0.084995 0.216396
vertex 0.004039 -0.085335 0.215493
endloop
endfacet
facet normal 0.132918 0.909285 -0.394377
outer loop
vertex -0.001782 -0.084082 0.216420
vertex 0.004039 -0.085335 0.215493
vertex -0.003046 -0.084082 0.215994
endloop
endfacet
facet normal 0.118749 0.912636 -0.391145
outer loop
vertex 0.004855 -0.085055 0.216394
vertex 0.007501 -0.085335 0.216544
vertex 0.004039 -0.085335 0.215493
endloop
endfacet
facet normal 0.117919 0.913003 -0.390540
outer loop
vertex 0.004855 -0.085055 0.216394
vertex 0.004039 -0.085335 0.215493
vertex 0.004397 -0.084995 0.216396
endloop
endfacet
facet normal 0.054951 0.998254 -0.021665
outer loop
vertex -0.021844 -0.084111 0.201239
vertex -0.030818 -0.083617 0.201239
vertex -0.029643 -0.083606 0.204727
endloop
endfacet
facet normal 0.054056 0.998258 -0.023663
outer loop
vertex -0.021844 -0.084111 0.201239
vertex -0.029643 -0.083606 0.204727
vertex -0.020513 -0.084101 0.204701
endloop
endfacet
facet normal 0.053931 0.997320 -0.049446
outer loop
vertex -0.020513 -0.084101 0.204701
vertex -0.029643 -0.083606 0.204727
vertex -0.026233 -0.083595 0.208668
endloop
endfacet
facet normal 0.051257 0.997262 -0.053298
outer loop
vertex -0.020513 -0.084101 0.204701
vertex -0.026233 -0.083595 0.208668
vertex -0.016649 -0.084093 0.208567
endloop
endfacet
facet normal 0.051034 0.996269 -0.069595
outer loop
vertex -0.016649 -0.084093 0.208567
vertex -0.026233 -0.083595 0.208668
vertex -0.020922 -0.083587 0.212677
endloop
endfacet
facet normal 0.046722 0.996158 -0.074073
outer loop
vertex -0.016649 -0.084093 0.208567
vertex -0.020922 -0.083587 0.212677
vertex -0.010630 -0.084086 0.212458
endloop
endfacet
facet normal 0.046429 0.995238 -0.085712
outer loop
vertex -0.010630 -0.084086 0.212458
vertex -0.020922 -0.083587 0.212677
vertex -0.014230 -0.083582 0.216360
endloop
endfacet
facet normal 0.041534 0.995057 -0.090209
outer loop
vertex -0.010630 -0.084086 0.212458
vertex -0.014230 -0.083582 0.216360
vertex -0.003046 -0.084082 0.215994
endloop
endfacet
facet normal 0.041065 0.993848 -0.102859
outer loop
vertex -0.003532 -0.084017 0.216428
vertex -0.003046 -0.084082 0.215994
vertex -0.014230 -0.083582 0.216360
endloop
endfacet
facet normal 0.041139 0.993971 -0.101636
outer loop
vertex -0.014230 -0.083582 0.216360
vertex -0.013946 -0.083582 0.216475
vertex -0.004243 -0.083988 0.216431
endloop
endfacet
facet normal 0.040592 0.999112 -0.011282
outer loop
vertex -0.014230 -0.083582 0.216360
vertex -0.004243 -0.083988 0.216431
vertex -0.003532 -0.084017 0.216428
endloop
endfacet
facet normal 0.036406 0.993481 -0.108026
outer loop
vertex -0.003532 -0.084017 0.216428
vertex -0.001782 -0.084082 0.216420
vertex -0.003046 -0.084082 0.215994
endloop
endfacet
facet normal -0.007999 0.999967 -0.001183
outer loop
vertex -0.030818 -0.083617 0.201239
vertex -0.043569 -0.083719 0.201239
vertex -0.042713 -0.083708 0.204744
endloop
endfacet
facet normal -0.007805 0.999969 -0.000526
outer loop
vertex -0.030818 -0.083617 0.201239
vertex -0.042713 -0.083708 0.204744
vertex -0.029643 -0.083606 0.204727
endloop
endfacet
facet normal -0.007801 0.999967 0.002347
outer loop
vertex -0.029643 -0.083606 0.204727
vertex -0.042713 -0.083708 0.204744
vertex -0.040230 -0.083698 0.208735
endloop
endfacet
facet normal -0.007341 0.999967 0.003560
outer loop
vertex -0.029643 -0.083606 0.204727
vertex -0.040230 -0.083698 0.208735
vertex -0.026233 -0.083595 0.208668
endloop
endfacet
facet normal -0.007334 0.999961 0.004985
outer loop
vertex -0.026233 -0.083595 0.208668
vertex -0.040230 -0.083698 0.208735
vertex -0.036363 -0.083690 0.212821
endloop
endfacet
facet normal -0.006607 0.999955 0.006762
outer loop
vertex -0.026233 -0.083595 0.208668
vertex -0.036363 -0.083690 0.212821
vertex -0.020922 -0.083587 0.212677
endloop
endfacet
facet normal -0.006603 0.999952 0.007185
outer loop
vertex -0.020922 -0.083587 0.212677
vertex -0.036363 -0.083690 0.212821
vertex -0.031490 -0.083685 0.216602
endloop
endfacet
facet normal -0.005838 0.999940 0.009250
outer loop
vertex -0.020922 -0.083587 0.212677
vertex -0.031490 -0.083685 0.216602
vertex -0.014230 -0.083582 0.216360
endloop
endfacet
facet normal -0.005826 0.999932 0.010113
outer loop
vertex -0.014230 -0.083582 0.216360
vertex -0.031490 -0.083685 0.216602
vertex -0.030645 -0.083685 0.217088
endloop
endfacet
facet normal -0.005268 0.999723 0.022920
outer loop
vertex -0.014230 -0.083582 0.216360
vertex -0.030645 -0.083685 0.217088
vertex -0.026279 -0.083658 0.216912
endloop
endfacet
facet normal -0.005181 0.999868 0.015408
outer loop
vertex -0.015598 -0.083591 0.216483
vertex -0.014648 -0.083586 0.216478
vertex -0.014230 -0.083582 0.216360
endloop
endfacet
facet normal -0.006026 0.999963 0.006086
outer loop
vertex -0.014230 -0.083582 0.216360
vertex -0.026279 -0.083658 0.216912
vertex -0.015598 -0.083591 0.216483
endloop
endfacet
facet normal -0.005638 0.999887 0.013912
outer loop
vertex -0.014648 -0.083586 0.216478
vertex -0.013946 -0.083582 0.216475
vertex -0.014230 -0.083582 0.216360
endloop
endfacet
facet normal -0.052487 0.998609 0.004989
outer loop
vertex -0.043569 -0.083719 0.201239
vertex -0.056773 -0.084413 0.201239
vertex -0.056286 -0.084405 0.204757
endloop
endfacet
facet normal -0.051273 0.998641 0.009387
outer loop
vertex -0.043569 -0.083719 0.201239
vertex -0.056286 -0.084405 0.204757
vertex -0.042713 -0.083708 0.204744
endloop
endfacet
facet normal -0.051261 0.998553 0.016251
outer loop
vertex -0.042713 -0.083708 0.204744
vertex -0.056286 -0.084405 0.204757
vertex -0.054873 -0.084398 0.208785
endloop
endfacet
facet normal -0.047640 0.998496 0.027140
outer loop
vertex -0.042713 -0.083708 0.204744
vertex -0.054873 -0.084398 0.208785
vertex -0.040230 -0.083698 0.208735
endloop
endfacet
facet normal -0.047656 0.998578 0.023876
outer loop
vertex -0.040230 -0.083698 0.208735
vertex -0.054873 -0.084398 0.208785
vertex -0.052671 -0.084392 0.212929
endloop
endfacet
facet normal -0.042721 0.998346 0.038473
outer loop
vertex -0.040230 -0.083698 0.208735
vertex -0.052671 -0.084392 0.212929
vertex -0.036363 -0.083690 0.212821
endloop
endfacet
facet normal -0.042790 0.998641 0.029766
outer loop
vertex -0.036363 -0.083690 0.212821
vertex -0.052671 -0.084392 0.212929
vertex -0.049897 -0.084388 0.216783
endloop
endfacet
facet normal -0.037658 0.998175 0.047214
outer loop
vertex -0.036363 -0.083690 0.212821
vertex -0.049897 -0.084388 0.216783
vertex -0.031490 -0.083685 0.216602
endloop
endfacet
facet normal -0.037778 0.998617 0.036576
outer loop
vertex -0.034389 -0.083818 0.217239
vertex -0.031490 -0.083685 0.216602
vertex -0.049897 -0.084388 0.216783
endloop
endfacet
facet normal -0.037790 0.998621 0.036439
outer loop
vertex -0.049897 -0.084388 0.216783
vertex -0.048385 -0.084388 0.218351
vertex -0.044580 -0.084232 0.218022
endloop
endfacet
facet normal -0.037660 0.998775 0.032096
outer loop
vertex -0.036517 -0.083901 0.217325
vertex -0.034389 -0.083818 0.217239
vertex -0.049897 -0.084388 0.216783
endloop
endfacet
facet normal -0.037830 0.998613 0.036609
outer loop
vertex -0.049897 -0.084388 0.216783
vertex -0.044580 -0.084232 0.218022
vertex -0.036517 -0.083901 0.217325
endloop
endfacet
facet normal -0.033123 0.997791 0.057581
outer loop
vertex -0.034389 -0.083818 0.217239
vertex -0.030645 -0.083685 0.217088
vertex -0.031490 -0.083685 0.216602
endloop
endfacet
facet normal -0.097137 0.995265 0.003500
outer loop
vertex -0.056773 -0.084413 0.201239
vertex -0.067562 -0.085466 0.201239
vertex -0.067394 -0.085462 0.204766
endloop
endfacet
facet normal -0.094714 0.995445 0.010847
outer loop
vertex -0.056773 -0.084413 0.201239
vertex -0.067394 -0.085462 0.204766
vertex -0.056286 -0.084405 0.204757
endloop
endfacet
facet normal -0.094715 0.995450 0.010380
outer loop
vertex -0.056286 -0.084405 0.204757
vertex -0.067394 -0.085462 0.204766
vertex -0.066908 -0.085458 0.208818
endloop
endfacet
facet normal -0.087621 0.995731 0.029011
outer loop
vertex -0.056286 -0.084405 0.204757
vertex -0.066908 -0.085458 0.208818
vertex -0.054873 -0.084398 0.208785
endloop
endfacet
facet normal -0.087686 0.996033 0.015172
outer loop
vertex -0.054873 -0.084398 0.208785
vertex -0.066908 -0.085458 0.208818
vertex -0.066150 -0.085455 0.213001
endloop
endfacet
facet normal -0.078342 0.996116 0.040187
outer loop
vertex -0.054873 -0.084398 0.208785
vertex -0.066150 -0.085455 0.213001
vertex -0.052671 -0.084392 0.212929
endloop
endfacet
facet normal -0.078505 0.996734 0.018925
outer loop
vertex -0.052671 -0.084392 0.212929
vertex -0.066150 -0.085455 0.213001
vertex -0.065196 -0.085454 0.216905
endloop
endfacet
facet normal -0.069041 0.996426 0.048660
outer loop
vertex -0.052671 -0.084392 0.212929
vertex -0.065196 -0.085454 0.216905
vertex -0.049897 -0.084388 0.216783
endloop
endfacet
facet normal -0.069315 0.997345 0.022313
outer loop
vertex -0.049897 -0.084388 0.216783
vertex -0.065196 -0.085454 0.216905
vertex -0.064178 -0.085453 0.220023
endloop
endfacet
facet normal -0.069396 0.997347 0.021972
outer loop
vertex -0.049897 -0.084388 0.216783
vertex -0.064178 -0.085453 0.220023
vertex -0.062962 -0.085365 0.219869
endloop
endfacet
facet normal -0.060272 0.996361 0.060265
outer loop
vertex -0.049897 -0.084388 0.216783
vertex -0.062962 -0.085365 0.219869
vertex -0.060393 -0.085190 0.219545
endloop
endfacet
facet normal -0.060690 0.996440 0.058522
outer loop
vertex -0.056434 -0.084919 0.219045
vertex -0.048385 -0.084388 0.218351
vertex -0.049897 -0.084388 0.216783
endloop
endfacet
facet normal -0.060891 0.996462 0.057934
outer loop
vertex -0.049897 -0.084388 0.216783
vertex -0.060393 -0.085190 0.219545
vertex -0.056434 -0.084919 0.219045
endloop
endfacet
facet normal -0.108519 0.993474 0.035118
outer loop
vertex -0.065225 -0.085572 0.220154
vertex -0.064178 -0.085453 0.220023
vertex -0.065196 -0.085454 0.216905
endloop
endfacet
facet normal -0.107882 0.993543 0.035120
outer loop
vertex -0.065225 -0.085572 0.220154
vertex -0.065196 -0.085454 0.216905
vertex -0.073054 -0.086424 0.220208
endloop
endfacet
facet normal -0.122511 0.992467 0.000000
outer loop
vertex -0.065196 -0.085454 0.216905
vertex -0.073054 -0.086424 0.216415
vertex -0.073054 -0.086424 0.220208
endloop
endfacet
facet normal -0.124305 0.991787 0.030124
outer loop
vertex -0.073054 -0.086424 0.216415
vertex -0.065196 -0.085454 0.216905
vertex -0.066150 -0.085455 0.213001
endloop
endfacet
facet normal -0.138993 0.990293 0.000000
outer loop
vertex -0.073054 -0.086424 0.216415
vertex -0.066150 -0.085455 0.213001
vertex -0.073054 -0.086424 0.212621
endloop
endfacet
facet normal -0.140282 0.989803 0.024708
outer loop
vertex -0.073054 -0.086424 0.212621
vertex -0.066150 -0.085455 0.213001
vertex -0.066908 -0.085458 0.208818
endloop
endfacet
facet normal -0.155267 0.987872 0.000000
outer loop
vertex -0.073054 -0.086424 0.212621
vertex -0.066908 -0.085458 0.208818
vertex -0.073054 -0.086424 0.208827
endloop
endfacet
facet normal -0.155221 0.987722 0.017646
outer loop
vertex -0.073054 -0.086424 0.208827
vertex -0.066908 -0.085458 0.208818
vertex -0.067394 -0.085462 0.204766
endloop
endfacet
facet normal -0.167562 0.985862 0.000000
outer loop
vertex -0.073054 -0.086424 0.208827
vertex -0.067394 -0.085462 0.204766
vertex -0.073054 -0.086424 0.205033
endloop
endfacet
facet normal -0.167246 0.985891 0.006850
outer loop
vertex -0.073054 -0.086424 0.205033
vertex -0.067394 -0.085462 0.204766
vertex -0.067562 -0.085466 0.201239
endloop
endfacet
facet normal -0.171841 0.985125 0.000000
outer loop
vertex -0.073054 -0.086424 0.205033
vertex -0.067562 -0.085466 0.201239
vertex -0.073054 -0.086424 0.201239
endloop
endfacet
facet normal 0.122641 -0.923327 -0.363905
outer loop
vertex 0.000289 -0.088500 0.216443
vertex -0.001681 -0.088766 0.216454
vertex -0.003046 -0.088766 0.215994
endloop
endfacet
facet normal 0.128613 -0.896312 -0.424362
outer loop
vertex 0.004032 -0.087952 0.216420
vertex 0.000289 -0.088500 0.216443
vertex -0.003046 -0.088766 0.215994
endloop
endfacet
facet normal 0.128648 -0.896752 -0.423421
outer loop
vertex -0.003046 -0.088766 0.215994
vertex 0.004039 -0.087513 0.215493
vertex 0.007712 -0.087513 0.216609
endloop
endfacet
facet normal 0.037858 0.172357 -0.984307
outer loop
vertex 0.007712 -0.087513 0.216609
vertex 0.007246 -0.087569 0.216585
vertex 0.004032 -0.087952 0.216420
endloop
endfacet
facet normal 0.128764 -0.892124 -0.433053
outer loop
vertex -0.003046 -0.088766 0.215994
vertex 0.007712 -0.087513 0.216609
vertex 0.004032 -0.087952 0.216420
endloop
endfacet
facet normal 0.144225 -0.939605 -0.310389
outer loop
vertex 0.004039 -0.087513 0.215493
vertex -0.003046 -0.088766 0.215994
vertex -0.010630 -0.088762 0.212458
endloop
endfacet
facet normal 0.151700 -0.923119 -0.353325
outer loop
vertex 0.004039 -0.087513 0.215493
vertex -0.010630 -0.088762 0.212458
vertex -0.003714 -0.087511 0.212159
endloop
endfacet
facet normal 0.161703 -0.954158 -0.251860
outer loop
vertex -0.003714 -0.087511 0.212159
vertex -0.010630 -0.088762 0.212458
vertex -0.016649 -0.088755 0.208567
endloop
endfacet
facet normal 0.168169 -0.945731 -0.278050
outer loop
vertex -0.003714 -0.087511 0.212159
vertex -0.016649 -0.088755 0.208567
vertex -0.009866 -0.087508 0.208428
endloop
endfacet
facet normal 0.174477 -0.968733 -0.176392
outer loop
vertex -0.009866 -0.087508 0.208428
vertex -0.016649 -0.088755 0.208567
vertex -0.020513 -0.088747 0.204701
endloop
endfacet
facet normal 0.178276 -0.965812 -0.188215
outer loop
vertex -0.009866 -0.087508 0.208428
vertex -0.020513 -0.088747 0.204701
vertex -0.013816 -0.087504 0.204666
endloop
endfacet
facet normal 0.181646 -0.980696 -0.072385
outer loop
vertex -0.013816 -0.087504 0.204666
vertex -0.020513 -0.088747 0.204701
vertex -0.021844 -0.088738 0.201239
endloop
endfacet
facet normal 0.182075 -0.980537 -0.073452
outer loop
vertex -0.013816 -0.087504 0.204666
vertex -0.021844 -0.088738 0.201239
vertex -0.015177 -0.087500 0.201239
endloop
endfacet
facet normal 0.036971 -0.995136 -0.091311
outer loop
vertex -0.013020 -0.089235 0.216512
vertex -0.013842 -0.089266 0.216517
vertex -0.014230 -0.089266 0.216360
endloop
endfacet
facet normal 0.040353 -0.992081 -0.118941
outer loop
vertex -0.007085 -0.088990 0.216482
vertex -0.013020 -0.089235 0.216512
vertex -0.014230 -0.089266 0.216360
endloop
endfacet
facet normal 0.040421 -0.991956 -0.119960
outer loop
vertex -0.014230 -0.089266 0.216360
vertex -0.003046 -0.088766 0.215994
vertex -0.001681 -0.088766 0.216454
endloop
endfacet
facet normal 0.040454 -0.991244 -0.125693
outer loop
vertex -0.007085 -0.088990 0.216482
vertex -0.014230 -0.089266 0.216360
vertex -0.001681 -0.088766 0.216454
endloop
endfacet
facet normal 0.041991 -0.996096 -0.077652
outer loop
vertex -0.003046 -0.088766 0.215994
vertex -0.014230 -0.089266 0.216360
vertex -0.020922 -0.089261 0.212677
endloop
endfacet
facet normal 0.046064 -0.993929 -0.099920
outer loop
vertex -0.003046 -0.088766 0.215994
vertex -0.020922 -0.089261 0.212677
vertex -0.010630 -0.088762 0.212458
endloop
endfacet
facet normal 0.046965 -0.996830 -0.064214
outer loop
vertex -0.010630 -0.088762 0.212458
vertex -0.020922 -0.089261 0.212677
vertex -0.026233 -0.089253 0.208668
endloop
endfacet
facet normal 0.050878 -0.995456 -0.080492
outer loop
vertex -0.010630 -0.088762 0.212458
vertex -0.026233 -0.089253 0.208668
vertex -0.016649 -0.088755 0.208567
endloop
endfacet
facet normal 0.051341 -0.997577 -0.046953
outer loop
vertex -0.016649 -0.088755 0.208567
vertex -0.026233 -0.089253 0.208668
vertex -0.029643 -0.089243 0.204727
endloop
endfacet
facet normal 0.054002 -0.996967 -0.056033
outer loop
vertex -0.016649 -0.088755 0.208567
vertex -0.029643 -0.089243 0.204727
vertex -0.020513 -0.088747 0.204701
endloop
endfacet
facet normal 0.054174 -0.998302 -0.021402
outer loop
vertex -0.020513 -0.088747 0.204701
vertex -0.029643 -0.089243 0.204727
vertex -0.030818 -0.089232 0.201239
endloop
endfacet
facet normal 0.054948 -0.998207 -0.023722
outer loop
vertex -0.020513 -0.088747 0.204701
vertex -0.030818 -0.089232 0.201239
vertex -0.021844 -0.088738 0.201239
endloop
endfacet
facet normal -0.005133 -0.999947 0.008919
outer loop
vertex -0.028106 -0.089177 0.216980
vertex -0.030654 -0.089163 0.217083
vertex -0.031490 -0.089163 0.216602
endloop
endfacet
facet normal -0.005903 -0.999858 0.015758
outer loop
vertex -0.027035 -0.089184 0.216937
vertex -0.028106 -0.089177 0.216980
vertex -0.031490 -0.089163 0.216602
endloop
endfacet
facet normal -0.005694 -0.999885 0.014071
outer loop
vertex -0.014230 -0.089266 0.216360
vertex -0.013842 -0.089266 0.216517
vertex -0.016969 -0.089248 0.216531
endloop
endfacet
facet normal -0.005784 -0.999882 0.014244
outer loop
vertex -0.016969 -0.089248 0.216531
vertex -0.027035 -0.089184 0.216937
vertex -0.031490 -0.089163 0.216602
endloop
endfacet
facet normal -0.005792 -0.999904 0.012564
outer loop
vertex -0.031490 -0.089163 0.216602
vertex -0.014230 -0.089266 0.216360
vertex -0.016969 -0.089248 0.216531
endloop
endfacet
facet normal -0.005880 -0.999963 0.006249
outer loop
vertex -0.014230 -0.089266 0.216360
vertex -0.031490 -0.089163 0.216602
vertex -0.036363 -0.089158 0.212821
endloop
endfacet
facet normal -0.006572 -0.999922 0.010579
outer loop
vertex -0.014230 -0.089266 0.216360
vertex -0.036363 -0.089158 0.212821
vertex -0.020922 -0.089261 0.212677
endloop
endfacet
facet normal -0.006628 -0.999968 0.004565
outer loop
vertex -0.020922 -0.089261 0.212677
vertex -0.036363 -0.089158 0.212821
vertex -0.040230 -0.089151 0.208735
endloop
endfacet
facet normal -0.007250 -0.999945 0.007607
outer loop
vertex -0.020922 -0.089261 0.212677
vertex -0.040230 -0.089151 0.208735
vertex -0.026233 -0.089253 0.208668
endloop
endfacet
facet normal -0.007277 -0.999972 0.002018
outer loop
vertex -0.026233 -0.089253 0.208668
vertex -0.040230 -0.089151 0.208735
vertex -0.042713 -0.089141 0.204744
endloop
endfacet
facet normal -0.007799 -0.999961 0.004217
outer loop
vertex -0.026233 -0.089253 0.208668
vertex -0.042713 -0.089141 0.204744
vertex -0.029643 -0.089243 0.204727
endloop
endfacet
facet normal -0.007806 -0.999969 -0.001233
outer loop
vertex -0.029643 -0.089243 0.204727
vertex -0.042713 -0.089141 0.204744
vertex -0.043569 -0.089130 0.201239
endloop
endfacet
facet normal -0.007999 -0.999968 -0.000461
outer loop
vertex -0.029643 -0.089243 0.204727
vertex -0.043569 -0.089130 0.201239
vertex -0.030818 -0.089232 0.201239
endloop
endfacet
facet normal -0.033417 -0.998942 0.031577
outer loop
vertex -0.048423 -0.088461 0.218311
vertex -0.049897 -0.088460 0.216783
vertex -0.042016 -0.088693 0.217752
endloop
endfacet
facet normal -0.037461 -0.997187 0.064920
outer loop
vertex -0.037531 -0.088887 0.217360
vertex -0.042016 -0.088693 0.217752
vertex -0.049897 -0.088460 0.216783
endloop
endfacet
facet normal -0.037445 -0.997178 0.065071
outer loop
vertex -0.049897 -0.088460 0.216783
vertex -0.031490 -0.089163 0.216602
vertex -0.030654 -0.089163 0.217083
endloop
endfacet
facet normal -0.037430 -0.997231 0.064254
outer loop
vertex -0.037531 -0.088887 0.217360
vertex -0.049897 -0.088460 0.216783
vertex -0.030654 -0.089163 0.217083
endloop
endfacet
facet normal -0.037894 -0.998937 0.026237
outer loop
vertex -0.031490 -0.089163 0.216602
vertex -0.049897 -0.088460 0.216783
vertex -0.052671 -0.088456 0.212929
endloop
endfacet
facet normal -0.042590 -0.997655 0.053575
outer loop
vertex -0.036363 -0.089158 0.212821
vertex -0.031490 -0.089163 0.216602
vertex -0.052671 -0.088456 0.212929
endloop
endfacet
facet normal -0.042856 -0.998854 0.021324
outer loop
vertex -0.036363 -0.089158 0.212821
vertex -0.052671 -0.088456 0.212929
vertex -0.054873 -0.088450 0.208785
endloop
endfacet
facet normal -0.047626 -0.997923 0.043369
outer loop
vertex -0.036363 -0.089158 0.212821
vertex -0.054873 -0.088450 0.208785
vertex -0.040230 -0.089151 0.208735
endloop
endfacet
facet normal -0.047761 -0.998746 0.015018
outer loop
vertex -0.040230 -0.089151 0.208735
vertex -0.054873 -0.088450 0.208785
vertex -0.056286 -0.088443 0.204757
endloop
endfacet
facet normal -0.051307 -0.998250 0.029412
outer loop
vertex -0.040230 -0.089151 0.208735
vertex -0.056286 -0.088443 0.204757
vertex -0.042713 -0.089141 0.204744
endloop
endfacet
facet normal -0.051353 -0.998669 0.004842
outer loop
vertex -0.042713 -0.089141 0.204744
vertex -0.056286 -0.088443 0.204757
vertex -0.056773 -0.088435 0.201239
endloop
endfacet
facet normal -0.052560 -0.998571 0.009706
outer loop
vertex -0.042713 -0.089141 0.204744
vertex -0.056773 -0.088435 0.201239
vertex -0.043569 -0.089130 0.201239
endloop
endfacet
facet normal -0.061207 -0.997931 0.019673
outer loop
vertex -0.064188 -0.087395 0.219991
vertex -0.065196 -0.087394 0.216905
vertex -0.056923 -0.087859 0.219057
endloop
endfacet
facet normal -0.061171 -0.997936 0.019530
outer loop
vertex -0.065196 -0.087394 0.216905
vertex -0.053892 -0.088050 0.218791
vertex -0.056923 -0.087859 0.219057
endloop
endfacet
facet normal -0.068839 -0.995416 0.066390
outer loop
vertex -0.050066 -0.088337 0.218455
vertex -0.053892 -0.088050 0.218791
vertex -0.065196 -0.087394 0.216905
endloop
endfacet
facet normal -0.068838 -0.995459 0.065754
outer loop
vertex -0.065196 -0.087394 0.216905
vertex -0.049897 -0.088460 0.216783
vertex -0.048423 -0.088461 0.218311
endloop
endfacet
facet normal -0.069079 -0.995235 0.068811
outer loop
vertex -0.065196 -0.087394 0.216905
vertex -0.048423 -0.088461 0.218311
vertex -0.050066 -0.088337 0.218455
endloop
endfacet
facet normal -0.069369 -0.997456 0.016441
outer loop
vertex -0.049897 -0.088460 0.216783
vertex -0.065196 -0.087394 0.216905
vertex -0.066150 -0.087392 0.213001
endloop
endfacet
facet normal -0.078278 -0.995396 0.055313
outer loop
vertex -0.049897 -0.088460 0.216783
vertex -0.066150 -0.087392 0.213001
vertex -0.052671 -0.088456 0.212929
endloop
endfacet
facet normal -0.078612 -0.996810 0.013764
outer loop
vertex -0.052671 -0.088456 0.212929
vertex -0.066150 -0.087392 0.213001
vertex -0.066908 -0.087390 0.208818
endloop
endfacet
facet normal -0.087525 -0.995142 0.045068
outer loop
vertex -0.052671 -0.088456 0.212929
vertex -0.066908 -0.087390 0.208818
vertex -0.054873 -0.088450 0.208785
endloop
endfacet
facet normal -0.087707 -0.996101 0.009540
outer loop
vertex -0.054873 -0.088450 0.208785
vertex -0.066908 -0.087390 0.208818
vertex -0.067394 -0.087386 0.204766
endloop
endfacet
facet normal -0.094657 -0.995012 0.031472
outer loop
vertex -0.054873 -0.088450 0.208785
vertex -0.067394 -0.087386 0.204766
vertex -0.056286 -0.088443 0.204757
endloop
endfacet
facet normal -0.094726 -0.995498 0.003387
outer loop
vertex -0.056286 -0.088443 0.204757
vertex -0.067394 -0.087386 0.204766
vertex -0.067562 -0.087382 0.201239
endloop
endfacet
facet normal -0.097132 -0.995209 0.011184
outer loop
vertex -0.056286 -0.088443 0.204757
vertex -0.067562 -0.087382 0.201239
vertex -0.056773 -0.088435 0.201239
endloop
endfacet
facet normal -0.171839 -0.985100 0.007071
outer loop
vertex -0.073054 -0.086424 0.201239
vertex -0.067562 -0.087382 0.201239
vertex -0.067394 -0.087386 0.204766
endloop
endfacet
facet normal -0.167560 -0.985862 0.000000
outer loop
vertex -0.073054 -0.086424 0.201239
vertex -0.067394 -0.087386 0.204766
vertex -0.073054 -0.086424 0.205033
endloop
endfacet
facet normal -0.166660 -0.985831 0.019017
outer loop
vertex -0.073054 -0.086424 0.205033
vertex -0.067394 -0.087386 0.204766
vertex -0.066908 -0.087390 0.208818
endloop
endfacet
facet normal -0.155269 -0.987872 0.000000
outer loop
vertex -0.073054 -0.086424 0.205033
vertex -0.066908 -0.087390 0.208818
vertex -0.073054 -0.086424 0.208827
endloop
endfacet
facet normal -0.155170 -0.987501 0.027649
outer loop
vertex -0.073054 -0.086424 0.208827
vertex -0.066908 -0.087390 0.208818
vertex -0.066150 -0.087392 0.213001
endloop
endfacet
facet normal -0.138851 -0.990313 0.000000
outer loop
vertex -0.073054 -0.086424 0.208827
vertex -0.066150 -0.087392 0.213001
vertex -0.073054 -0.086424 0.212621
endloop
endfacet
facet normal -0.140598 -0.989488 0.033851
outer loop
vertex -0.073054 -0.086424 0.212621
vertex -0.066150 -0.087392 0.213001
vertex -0.065196 -0.087394 0.216905
endloop
endfacet
facet normal -0.122511 -0.992467 0.000000
outer loop
vertex -0.073054 -0.086424 0.212621
vertex -0.065196 -0.087394 0.216905
vertex -0.073054 -0.086424 0.216415
endloop
endfacet
facet normal -0.123756 -0.991502 0.040098
outer loop
vertex -0.065196 -0.087394 0.216905
vertex -0.064188 -0.087395 0.219991
vertex -0.064434 -0.087363 0.220023
endloop
endfacet
facet normal -0.124892 -0.991349 0.040375
outer loop
vertex -0.065196 -0.087394 0.216905
vertex -0.064434 -0.087363 0.220023
vertex -0.073054 -0.086424 0.216415
endloop
endfacet
facet normal -0.108203 -0.994129 0.000000
outer loop
vertex -0.065465 -0.087250 0.220156
vertex -0.073054 -0.086424 0.220208
vertex -0.073054 -0.086424 0.216415
endloop
endfacet
facet normal -0.108787 -0.994064 0.001213
outer loop
vertex -0.065465 -0.087250 0.220156
vertex -0.073054 -0.086424 0.216415
vertex -0.064434 -0.087363 0.220023
endloop
endfacet
facet normal 0.229974 -0.611746 -0.756887
outer loop
vertex 0.007712 -0.087513 0.216609
vertex 0.004039 -0.087513 0.215493
vertex 0.009451 -0.086957 0.216688
endloop
endfacet
facet normal 0.232432 -0.571431 -0.787047
outer loop
vertex 0.006085 -0.086424 0.215307
vertex 0.010995 -0.086424 0.216757
vertex 0.009451 -0.086957 0.216688
endloop
endfacet
facet normal 0.232496 -0.571252 -0.787158
outer loop
vertex 0.006085 -0.086424 0.215307
vertex 0.009451 -0.086957 0.216688
vertex 0.004039 -0.087513 0.215493
endloop
endfacet
facet normal 0.293672 -0.668452 -0.683322
outer loop
vertex 0.006085 -0.086424 0.215307
vertex 0.004039 -0.087513 0.215493
vertex -0.003714 -0.087511 0.212159
endloop
endfacet
facet normal 0.298132 -0.642057 -0.706315
outer loop
vertex 0.006085 -0.086424 0.215307
vertex -0.003714 -0.087511 0.212159
vertex -0.001636 -0.086424 0.212048
endloop
endfacet
facet normal 0.352415 -0.733109 -0.581683
outer loop
vertex -0.001636 -0.086424 0.212048
vertex -0.003714 -0.087511 0.212159
vertex -0.009866 -0.087508 0.208428
endloop
endfacet
facet normal 0.356747 -0.719785 -0.595517
outer loop
vertex -0.001636 -0.086424 0.212048
vertex -0.009866 -0.087508 0.208428
vertex -0.007764 -0.086424 0.208377
endloop
endfacet
facet normal 0.406171 -0.807719 -0.427336
outer loop
vertex -0.007764 -0.086424 0.208377
vertex -0.009866 -0.087508 0.208428
vertex -0.013816 -0.087504 0.204666
endloop
endfacet
facet normal 0.407734 -0.805194 -0.430600
outer loop
vertex -0.007764 -0.086424 0.208377
vertex -0.013816 -0.087504 0.204666
vertex -0.011698 -0.086424 0.204652
endloop
endfacet
facet normal 0.446064 -0.877087 -0.178172
outer loop
vertex -0.011698 -0.086424 0.204652
vertex -0.013816 -0.087504 0.204666
vertex -0.015177 -0.087500 0.201239
endloop
endfacet
facet normal 0.444958 -0.877930 -0.176783
outer loop
vertex -0.011698 -0.086424 0.204652
vertex -0.015177 -0.087500 0.201239
vertex -0.013054 -0.086424 0.201239
endloop
endfacet
facet normal 0.229918 -0.612092 -0.756625
outer loop
vertex 0.007501 0.085335 0.216545
vertex 0.004039 0.085335 0.215493
vertex 0.009294 0.085875 0.216653
endloop
endfacet
facet normal 0.232432 -0.571962 -0.786660
outer loop
vertex 0.010921 0.086400 0.216752
vertex 0.009294 0.085875 0.216653
vertex 0.004039 0.085335 0.215493
endloop
endfacet
facet normal 0.232471 -0.571210 -0.787195
outer loop
vertex 0.004039 0.085335 0.215493
vertex 0.006085 0.086424 0.215307
vertex 0.010995 0.086424 0.216757
endloop
endfacet
facet normal 0.231588 -0.546941 -0.804501
outer loop
vertex 0.004039 0.085335 0.215493
vertex 0.010995 0.086424 0.216757
vertex 0.010921 0.086400 0.216752
endloop
endfacet
facet normal 0.293672 -0.668452 -0.683322
outer loop
vertex 0.006085 0.086424 0.215307
vertex 0.004039 0.085335 0.215493
vertex -0.003714 0.085337 0.212159
endloop
endfacet
facet normal 0.298134 -0.642061 -0.706310
outer loop
vertex 0.006085 0.086424 0.215307
vertex -0.003714 0.085337 0.212159
vertex -0.001636 0.086424 0.212048
endloop
endfacet
facet normal 0.352415 -0.733109 -0.581683
outer loop
vertex -0.001636 0.086424 0.212048
vertex -0.003714 0.085337 0.212159
vertex -0.009866 0.085340 0.208428
endloop
endfacet
facet normal 0.356747 -0.719785 -0.595517
outer loop
vertex -0.001636 0.086424 0.212048
vertex -0.009866 0.085340 0.208428
vertex -0.007764 0.086424 0.208377
endloop
endfacet
facet normal 0.406172 -0.807721 -0.427331
outer loop
vertex -0.007764 0.086424 0.208377
vertex -0.009866 0.085340 0.208428
vertex -0.013816 0.085344 0.204666
endloop
endfacet
facet normal 0.407733 -0.805191 -0.430605
outer loop
vertex -0.007764 0.086424 0.208377
vertex -0.013816 0.085344 0.204666
vertex -0.011698 0.086424 0.204652
endloop
endfacet
facet normal 0.446064 -0.877087 -0.178172
outer loop
vertex -0.011698 0.086424 0.204652
vertex -0.013816 0.085344 0.204666
vertex -0.015177 0.085348 0.201239
endloop
endfacet
facet normal 0.444958 -0.877929 -0.176786
outer loop
vertex -0.011698 0.086424 0.204652
vertex -0.015177 0.085348 0.201239
vertex -0.013054 0.086424 0.201239
endloop
endfacet
facet normal 0.122857 -0.923059 -0.364510
outer loop
vertex 0.000068 0.084331 0.216413
vertex -0.001782 0.084082 0.216420
vertex -0.003046 0.084082 0.215994
endloop
endfacet
facet normal 0.128882 -0.896372 -0.424154
outer loop
vertex 0.004039 0.085335 0.215493
vertex 0.007501 0.085335 0.216545
vertex 0.004862 0.085027 0.216394
endloop
endfacet
facet normal 0.128587 -0.897210 -0.422468
outer loop
vertex 0.004862 0.085027 0.216394
vertex 0.000068 0.084331 0.216413
vertex -0.003046 0.084082 0.215994
endloop
endfacet
facet normal 0.128578 -0.896536 -0.423901
outer loop
vertex 0.004039 0.085335 0.215493
vertex 0.004862 0.085027 0.216394
vertex -0.003046 0.084082 0.215994
endloop
endfacet
facet normal 0.144224 -0.939604 -0.310393
outer loop
vertex 0.004039 0.085335 0.215493
vertex -0.003046 0.084082 0.215994
vertex -0.010630 0.084086 0.212458
endloop
endfacet
facet normal 0.151700 -0.923118 -0.353329
outer loop
vertex 0.004039 0.085335 0.215493
vertex -0.010630 0.084086 0.212458
vertex -0.003714 0.085337 0.212159
endloop
endfacet
facet normal 0.161704 -0.954161 -0.251849
outer loop
vertex -0.003714 0.085337 0.212159
vertex -0.010630 0.084086 0.212458
vertex -0.016649 0.084093 0.208567
endloop
endfacet
facet normal 0.168169 -0.945730 -0.278054
outer loop
vertex -0.003714 0.085337 0.212159
vertex -0.016649 0.084093 0.208567
vertex -0.009866 0.085340 0.208428
endloop
endfacet
facet normal 0.174479 -0.968732 -0.176398
outer loop
vertex -0.009866 0.085340 0.208428
vertex -0.016649 0.084093 0.208567
vertex -0.020513 0.084101 0.204701
endloop
endfacet
facet normal 0.178276 -0.965812 -0.188215
outer loop
vertex -0.009866 0.085340 0.208428
vertex -0.020513 0.084101 0.204701
vertex -0.013816 0.085344 0.204666
endloop
endfacet
facet normal 0.181641 -0.980677 -0.072661
outer loop
vertex -0.013816 0.085344 0.204666
vertex -0.020513 0.084101 0.204701
vertex -0.021844 0.084111 0.201239
endloop
endfacet
facet normal 0.181935 -0.980567 -0.073405
outer loop
vertex -0.013816 0.085344 0.204666
vertex -0.021844 0.084111 0.201239
vertex -0.015177 0.085348 0.201239
endloop
endfacet
facet normal 0.037371 -0.995028 -0.092321
outer loop
vertex -0.013341 0.083605 0.216472
vertex -0.013946 0.083582 0.216475
vertex -0.014230 0.083582 0.216360
endloop
endfacet
facet normal 0.040418 -0.992332 -0.116807
outer loop
vertex -0.004275 0.083979 0.216431
vertex -0.013341 0.083605 0.216472
vertex -0.014230 0.083582 0.216360
endloop
endfacet
facet normal 0.040422 -0.991959 -0.119927
outer loop
vertex -0.014230 0.083582 0.216360
vertex -0.003046 0.084082 0.215994
vertex -0.001782 0.084082 0.216420
endloop
endfacet
facet normal 0.040370 -0.991520 -0.123527
outer loop
vertex -0.014230 0.083582 0.216360
vertex -0.001782 0.084082 0.216420
vertex -0.004275 0.083979 0.216431
endloop
endfacet
facet normal 0.041991 -0.996096 -0.077654
outer loop
vertex -0.003046 0.084082 0.215994
vertex -0.014230 0.083582 0.216360
vertex -0.020922 0.083587 0.212677
endloop
endfacet
facet normal 0.046064 -0.993929 -0.099917
outer loop
vertex -0.003046 0.084082 0.215994
vertex -0.020922 0.083587 0.212677
vertex -0.010630 0.084086 0.212458
endloop
endfacet
facet normal 0.046965 -0.996830 -0.064214
outer loop
vertex -0.010630 0.084086 0.212458
vertex -0.020922 0.083587 0.212677
vertex -0.026233 0.083595 0.208668
endloop
endfacet
facet normal 0.050877 -0.995456 -0.080489
outer loop
vertex -0.010630 0.084086 0.212458
vertex -0.026233 0.083595 0.208668
vertex -0.016649 0.084093 0.208567
endloop
endfacet
facet normal 0.051337 -0.997565 -0.047202
outer loop
vertex -0.016649 0.084093 0.208567
vertex -0.026233 0.083595 0.208668
vertex -0.029643 0.083606 0.204727
endloop
endfacet
facet normal 0.053894 -0.996979 -0.055932
outer loop
vertex -0.016649 0.084093 0.208567
vertex -0.029643 0.083606 0.204727
vertex -0.020513 0.084101 0.204701
endloop
endfacet
facet normal 0.054065 -0.998309 -0.021359
outer loop
vertex -0.020513 0.084101 0.204701
vertex -0.029643 0.083606 0.204727
vertex -0.030818 0.083617 0.201239
endloop
endfacet
facet normal 0.054948 -0.998200 -0.024013
outer loop
vertex -0.020513 0.084101 0.204701
vertex -0.030818 0.083617 0.201239
vertex -0.021844 0.084111 0.201239
endloop
endfacet
facet normal -0.005439 -0.999940 0.009463
outer loop
vertex -0.028067 0.083670 0.216984
vertex -0.030645 0.083685 0.217088
vertex -0.031490 0.083685 0.216602
endloop
endfacet
facet normal -0.005667 -0.999919 0.011431
outer loop
vertex -0.026273 0.083659 0.216912
vertex -0.028067 0.083670 0.216984
vertex -0.031490 0.083685 0.216602
endloop
endfacet
facet normal -0.005982 -0.999872 0.014835
outer loop
vertex -0.014230 0.083582 0.216360
vertex -0.013946 0.083582 0.216475
vertex -0.015598 0.083592 0.216483
endloop
endfacet
facet normal -0.005754 -0.999900 0.012915
outer loop
vertex -0.015598 0.083592 0.216483
vertex -0.026273 0.083659 0.216912
vertex -0.031490 0.083685 0.216602
endloop
endfacet
facet normal -0.005720 -0.999825 0.017823
outer loop
vertex -0.031490 0.083685 0.216602
vertex -0.014230 0.083582 0.216360
vertex -0.015598 0.083592 0.216483
endloop
endfacet
facet normal -0.005880 -0.999963 0.006255
outer loop
vertex -0.014230 0.083582 0.216360
vertex -0.031490 0.083685 0.216602
vertex -0.036363 0.083690 0.212821
endloop
endfacet
facet normal -0.006572 -0.999922 0.010579
outer loop
vertex -0.014230 0.083582 0.216360
vertex -0.036363 0.083690 0.212821
vertex -0.020922 0.083587 0.212677
endloop
endfacet
facet normal -0.006630 -0.999969 0.004320
outer loop
vertex -0.020922 0.083587 0.212677
vertex -0.036363 0.083690 0.212821
vertex -0.040230 0.083698 0.208735
endloop
endfacet
facet normal -0.007321 -0.999943 0.007706
outer loop
vertex -0.020922 0.083587 0.212677
vertex -0.040230 0.083698 0.208735
vertex -0.026233 0.083595 0.208668
endloop
endfacet
facet normal -0.007348 -0.999971 0.002064
outer loop
vertex -0.026233 0.083595 0.208668
vertex -0.040230 0.083698 0.208735
vertex -0.042713 0.083708 0.204744
endloop
endfacet
facet normal -0.007799 -0.999962 0.003955
outer loop
vertex -0.026233 0.083595 0.208668
vertex -0.042713 0.083708 0.204744
vertex -0.029643 0.083606 0.204727
endloop
endfacet
facet normal -0.007806 -0.999969 -0.001230
outer loop
vertex -0.029643 0.083606 0.204727
vertex -0.042713 0.083708 0.204744
vertex -0.043569 0.083719 0.201239
endloop
endfacet
facet normal -0.007999 -0.999968 -0.000461
outer loop
vertex -0.029643 0.083606 0.204727
vertex -0.043569 0.083719 0.201239
vertex -0.030818 0.083617 0.201239
endloop
endfacet
facet normal -0.033440 -0.998941 0.031593
outer loop
vertex -0.048385 0.084387 0.218351
vertex -0.049897 0.084388 0.216783
vertex -0.041785 0.084148 0.217780
endloop
endfacet
facet normal -0.072611 0.239617 -0.968148
outer loop
vertex -0.048385 0.084387 0.218351
vertex -0.041785 0.084148 0.217780
vertex -0.044525 0.084247 0.218017
endloop
endfacet
facet normal -0.037424 -0.997218 0.064460
outer loop
vertex -0.036520 0.083921 0.217325
vertex -0.041785 0.084148 0.217780
vertex -0.049897 0.084388 0.216783
endloop
endfacet
facet normal -0.037443 -0.997177 0.065087
outer loop
vertex -0.049897 0.084388 0.216783
vertex -0.031490 0.083685 0.216602
vertex -0.030645 0.083685 0.217088
endloop
endfacet
facet normal -0.037441 -0.997190 0.064889
outer loop
vertex -0.036520 0.083921 0.217325
vertex -0.049897 0.084388 0.216783
vertex -0.030645 0.083685 0.217088
endloop
endfacet
facet normal -0.037894 -0.998937 0.026237
outer loop
vertex -0.031490 0.083685 0.216602
vertex -0.049897 0.084388 0.216783
vertex -0.052671 0.084392 0.212929
endloop
endfacet
facet normal -0.042590 -0.997655 0.053575
outer loop
vertex -0.036363 0.083690 0.212821
vertex -0.031490 0.083685 0.216602
vertex -0.052671 0.084392 0.212929
endloop
endfacet
facet normal -0.042856 -0.998854 0.021325
outer loop
vertex -0.036363 0.083690 0.212821
vertex -0.052671 0.084392 0.212929
vertex -0.054873 0.084398 0.208785
endloop
endfacet
facet normal -0.047560 -0.997940 0.043052
outer loop
vertex -0.036363 0.083690 0.212821
vertex -0.054873 0.084398 0.208785
vertex -0.040230 0.083698 0.208735
endloop
endfacet
facet normal -0.047693 -0.998749 0.014998
outer loop
vertex -0.040230 0.083698 0.208735
vertex -0.054873 0.084398 0.208785
vertex -0.056286 0.084405 0.204757
endloop
endfacet
facet normal -0.051234 -0.998254 0.029378
outer loop
vertex -0.040230 0.083698 0.208735
vertex -0.056286 0.084405 0.204757
vertex -0.042713 0.083708 0.204744
endloop
endfacet
facet normal -0.051279 -0.998673 0.004819
outer loop
vertex -0.042713 0.083708 0.204744
vertex -0.056286 0.084405 0.204757
vertex -0.056773 0.084413 0.201239
endloop
endfacet
facet normal -0.052484 -0.998575 0.009686
outer loop
vertex -0.042713 0.083708 0.204744
vertex -0.056773 0.084413 0.201239
vertex -0.043569 0.083719 0.201239
endloop
endfacet
facet normal -0.061159 -0.997935 0.019646
outer loop
vertex -0.060336 0.085208 0.219538
vertex -0.064178 0.085453 0.220023
vertex -0.065196 0.085454 0.216905
endloop
endfacet
facet normal -0.061176 -0.997936 0.019511
outer loop
vertex -0.065196 0.085454 0.216905
vertex -0.053756 0.084790 0.218814
vertex -0.056439 0.084959 0.219045
endloop
endfacet
facet normal -0.061255 -0.997925 0.019826
outer loop
vertex -0.065196 0.085454 0.216905
vertex -0.056439 0.084959 0.219045
vertex -0.060336 0.085208 0.219538
endloop
endfacet
facet normal -0.069010 -0.995437 0.065903
outer loop
vertex -0.049897 0.084388 0.216783
vertex -0.048385 0.084387 0.218351
vertex -0.053756 0.084790 0.218814
endloop
endfacet
facet normal -0.068831 -0.995426 0.066247
outer loop
vertex -0.049897 0.084388 0.216783
vertex -0.053756 0.084790 0.218814
vertex -0.065196 0.085454 0.216905
endloop
endfacet
facet normal -0.069367 -0.997451 0.016695
outer loop
vertex -0.049897 0.084388 0.216783
vertex -0.065196 0.085454 0.216905
vertex -0.066150 0.085455 0.213001
endloop
endfacet
facet normal -0.078206 -0.995405 0.055256
outer loop
vertex -0.049897 0.084388 0.216783
vertex -0.066150 0.085455 0.213001
vertex -0.052671 0.084392 0.212929
endloop
endfacet
facet normal -0.078540 -0.996819 0.013518
outer loop
vertex -0.052671 0.084392 0.212929
vertex -0.066150 0.085455 0.213001
vertex -0.066908 0.085458 0.208818
endloop
endfacet
facet normal -0.087525 -0.995143 0.045064
outer loop
vertex -0.052671 0.084392 0.212929
vertex -0.066908 0.085458 0.208818
vertex -0.054873 0.084398 0.208785
endloop
endfacet
facet normal -0.087707 -0.996101 0.009540
outer loop
vertex -0.054873 0.084398 0.208785
vertex -0.066908 0.085458 0.208818
vertex -0.067394 0.085462 0.204766
endloop
endfacet
facet normal -0.094656 -0.995012 0.031480
outer loop
vertex -0.054873 0.084398 0.208785
vertex -0.067394 0.085462 0.204766
vertex -0.056286 0.084405 0.204757
endloop
endfacet
facet normal -0.094725 -0.995498 0.003379
outer loop
vertex -0.056286 0.084405 0.204757
vertex -0.067394 0.085462 0.204766
vertex -0.067562 0.085466 0.201239
endloop
endfacet
facet normal -0.097132 -0.995209 0.011187
outer loop
vertex -0.056286 0.084405 0.204757
vertex -0.067562 0.085466 0.201239
vertex -0.056773 0.084413 0.201239
endloop
endfacet
facet normal -0.171664 -0.985130 0.007055
outer loop
vertex -0.073054 0.086423 0.201239
vertex -0.067562 0.085466 0.201239
vertex -0.067394 0.085462 0.204766
endloop
endfacet
facet normal -0.167550 -0.985864 0.000259
outer loop
vertex -0.073054 0.086423 0.201239
vertex -0.067394 0.085462 0.204766
vertex -0.073054 0.086424 0.205033
endloop
endfacet
facet normal -0.166661 -0.985831 0.019020
outer loop
vertex -0.073054 0.086424 0.205033
vertex -0.067394 0.085462 0.204766
vertex -0.066908 0.085458 0.208818
endloop
endfacet
facet normal -0.155269 -0.987872 0.000000
outer loop
vertex -0.073054 0.086424 0.205033
vertex -0.066908 0.085458 0.208818
vertex -0.073054 0.086424 0.208827
endloop
endfacet
facet normal -0.155171 -0.987508 0.027407
outer loop
vertex -0.073054 0.086424 0.208827
vertex -0.066908 0.085458 0.208818
vertex -0.066150 0.085455 0.213001
endloop
endfacet
facet normal -0.138991 -0.990294 0.000000
outer loop
vertex -0.073054 0.086424 0.208827
vertex -0.066150 0.085455 0.213001
vertex -0.073054 0.086424 0.212621
endloop
endfacet
facet normal -0.140753 -0.989456 0.034144
outer loop
vertex -0.073054 0.086424 0.212621
vertex -0.066150 0.085455 0.213001
vertex -0.065196 0.085454 0.216905
endloop
endfacet
facet normal -0.122511 -0.992467 0.000000
outer loop
vertex -0.073054 0.086424 0.212621
vertex -0.065196 0.085454 0.216905
vertex -0.073054 0.086424 0.216415
endloop
endfacet
facet normal -0.125631 -0.991242 0.040706
outer loop
vertex -0.065196 0.085454 0.216905
vertex -0.064178 0.085453 0.220023
vertex -0.064375 0.085479 0.220048
endloop
endfacet
facet normal -0.124899 -0.991342 0.040505
outer loop
vertex -0.065196 0.085454 0.216905
vertex -0.064375 0.085479 0.220048
vertex -0.073054 0.086424 0.216415
endloop
endfacet
facet normal -0.108313 -0.994117 0.000000
outer loop
vertex -0.065225 0.085571 0.220154
vertex -0.073054 0.086424 0.220208
vertex -0.073054 0.086424 0.216415
endloop
endfacet
facet normal -0.107751 -0.994177 -0.001184
outer loop
vertex -0.065225 0.085571 0.220154
vertex -0.073054 0.086424 0.216415
vertex -0.064375 0.085479 0.220048
endloop
endfacet
facet normal 0.182088 0.980602 -0.072556
outer loop
vertex -0.015177 0.087500 0.201239
vertex -0.021844 0.088738 0.201239
vertex -0.020513 0.088747 0.204701
endloop
endfacet
facet normal 0.181629 0.980633 -0.073277
outer loop
vertex -0.015177 0.087500 0.201239
vertex -0.020513 0.088747 0.204701
vertex -0.013816 0.087504 0.204666
endloop
endfacet
facet normal 0.178579 0.967229 -0.180491
outer loop
vertex -0.013816 0.087504 0.204666
vertex -0.020513 0.088747 0.204701
vertex -0.016649 0.088755 0.208567
endloop
endfacet
facet normal 0.174085 0.967423 -0.183814
outer loop
vertex -0.013816 0.087504 0.204666
vertex -0.016649 0.088755 0.208567
vertex -0.009866 0.087508 0.208428
endloop
endfacet
facet normal 0.169200 0.949721 -0.263443
outer loop
vertex -0.009866 0.087508 0.208428
vertex -0.016649 0.088755 0.208567
vertex -0.010630 0.088762 0.212458
endloop
endfacet
facet normal 0.160492 0.950686 -0.265401
outer loop
vertex -0.009866 0.087508 0.208428
vertex -0.010630 0.088762 0.212458
vertex -0.003714 0.087511 0.212159
endloop
endfacet
facet normal 0.154041 0.930818 -0.331435
outer loop
vertex -0.003714 0.087511 0.212159
vertex -0.010630 0.088762 0.212458
vertex -0.003046 0.088766 0.215994
endloop
endfacet
facet normal 0.141707 0.933252 -0.330089
outer loop
vertex -0.003714 0.087511 0.212159
vertex -0.003046 0.088766 0.215994
vertex 0.004039 0.087513 0.215493
endloop
endfacet
facet normal 0.130870 0.909654 -0.394211
outer loop
vertex 0.004044 0.087914 0.216420
vertex 0.004414 0.087869 0.216439
vertex 0.004039 0.087513 0.215493
endloop
endfacet
facet normal 0.132915 0.909269 -0.394415
outer loop
vertex 0.004039 0.087513 0.215493
vertex -0.003046 0.088766 0.215994
vertex -0.001681 0.088766 0.216454
endloop
endfacet
facet normal 0.132993 0.909407 -0.394072
outer loop
vertex 0.004039 0.087513 0.215493
vertex -0.001681 0.088766 0.216454
vertex 0.004044 0.087914 0.216420
endloop
endfacet
facet normal 0.118678 0.912885 -0.390585
outer loop
vertex 0.007712 0.087513 0.216609
vertex 0.004039 0.087513 0.215493
vertex 0.004414 0.087869 0.216439
endloop
endfacet
facet normal -0.028473 -0.602998 -0.797235
outer loop
vertex 0.007712 0.087513 0.216609
vertex 0.004414 0.087869 0.216439
vertex 0.007236 0.087565 0.216584
endloop
endfacet
facet normal 0.054951 0.998254 -0.021664
outer loop
vertex -0.021844 0.088738 0.201239
vertex -0.030818 0.089232 0.201239
vertex -0.029643 0.089243 0.204727
endloop
endfacet
facet normal 0.054165 0.998257 -0.023421
outer loop
vertex -0.021844 0.088738 0.201239
vertex -0.029643 0.089243 0.204727
vertex -0.020513 0.088747 0.204701
endloop
endfacet
facet normal 0.054041 0.997322 -0.049287
outer loop
vertex -0.020513 0.088747 0.204701
vertex -0.029643 0.089243 0.204727
vertex -0.026233 0.089253 0.208668
endloop
endfacet
facet normal 0.051258 0.997262 -0.053295
outer loop
vertex -0.020513 0.088747 0.204701
vertex -0.026233 0.089253 0.208668
vertex -0.016649 0.088755 0.208567
endloop
endfacet
facet normal 0.051034 0.996269 -0.069600
outer loop
vertex -0.016649 0.088755 0.208567
vertex -0.026233 0.089253 0.208668
vertex -0.020922 0.089261 0.212677
endloop
endfacet
facet normal 0.046723 0.996158 -0.074070
outer loop
vertex -0.016649 0.088755 0.208567
vertex -0.020922 0.089261 0.212677
vertex -0.010630 0.088762 0.212458
endloop
endfacet
facet normal 0.046429 0.995238 -0.085709
outer loop
vertex -0.010630 0.088762 0.212458
vertex -0.020922 0.089261 0.212677
vertex -0.014230 0.089266 0.216360
endloop
endfacet
facet normal 0.041534 0.995056 -0.090214
outer loop
vertex -0.010630 0.088762 0.212458
vertex -0.014230 0.089266 0.216360
vertex -0.003046 0.088766 0.215994
endloop
endfacet
facet normal 0.041098 0.993935 -0.102001
outer loop
vertex -0.003572 0.088836 0.216464
vertex -0.003046 0.088766 0.215994
vertex -0.014230 0.089266 0.216360
endloop
endfacet
facet normal 0.041086 0.993983 -0.101534
outer loop
vertex -0.014230 0.089266 0.216360
vertex -0.013842 0.089266 0.216517
vertex -0.007105 0.088984 0.216482
endloop
endfacet
facet normal 0.041088 0.993787 -0.103432
outer loop
vertex -0.014230 0.089266 0.216360
vertex -0.007105 0.088984 0.216482
vertex -0.003572 0.088836 0.216464
endloop
endfacet
facet normal 0.036210 0.993551 -0.107449
outer loop
vertex -0.003572 0.088836 0.216464
vertex -0.001681 0.088766 0.216454
vertex -0.003046 0.088766 0.215994
endloop
endfacet
facet normal -0.007999 0.999967 -0.001186
outer loop
vertex -0.030818 0.089232 0.201239
vertex -0.043569 0.089130 0.201239
vertex -0.042713 0.089141 0.204744
endloop
endfacet
facet normal -0.007805 0.999969 -0.000531
outer loop
vertex -0.030818 0.089232 0.201239
vertex -0.042713 0.089141 0.204744
vertex -0.029643 0.089243 0.204727
endloop
endfacet
facet normal -0.007801 0.999967 0.002351
outer loop
vertex -0.029643 0.089243 0.204727
vertex -0.042713 0.089141 0.204744
vertex -0.040230 0.089151 0.208735
endloop
endfacet
facet normal -0.007269 0.999967 0.003754
outer loop
vertex -0.029643 0.089243 0.204727
vertex -0.040230 0.089151 0.208735
vertex -0.026233 0.089253 0.208668
endloop
endfacet
facet normal -0.007262 0.999960 0.005159
outer loop
vertex -0.026233 0.089253 0.208668
vertex -0.040230 0.089151 0.208735
vertex -0.036363 0.089158 0.212821
endloop
endfacet
facet normal -0.006607 0.999955 0.006762
outer loop
vertex -0.026233 0.089253 0.208668
vertex -0.036363 0.089158 0.212821
vertex -0.020922 0.089261 0.212677
endloop
endfacet
facet normal -0.006603 0.999952 0.007184
outer loop
vertex -0.020922 0.089261 0.212677
vertex -0.036363 0.089158 0.212821
vertex -0.031490 0.089163 0.216602
endloop
endfacet
facet normal -0.005838 0.999940 0.009247
outer loop
vertex -0.020922 0.089261 0.212677
vertex -0.031490 0.089163 0.216602
vertex -0.014230 0.089266 0.216360
endloop
endfacet
facet normal -0.005825 0.999932 0.010132
outer loop
vertex -0.014230 0.089266 0.216360
vertex -0.031490 0.089163 0.216602
vertex -0.030654 0.089163 0.217083
endloop
endfacet
facet normal -0.040025 -0.077549 -0.996185
outer loop
vertex -0.030654 0.089163 0.217083
vertex -0.027029 0.089186 0.216937
vertex -0.016970 0.089248 0.216532
endloop
endfacet
facet normal -0.005941 0.999932 0.010036
outer loop
vertex -0.016970 0.089248 0.216532
vertex -0.014801 0.089261 0.216521
vertex -0.014230 0.089266 0.216360
endloop
endfacet
facet normal -0.005573 0.999856 0.015999
outer loop
vertex -0.014230 0.089266 0.216360
vertex -0.030654 0.089163 0.217083
vertex -0.016970 0.089248 0.216532
endloop
endfacet
facet normal -0.005160 0.999905 0.012770
outer loop
vertex -0.014801 0.089261 0.216521
vertex -0.013842 0.089266 0.216517
vertex -0.014230 0.089266 0.216360
endloop
endfacet
facet normal -0.052562 0.998605 0.005008
outer loop
vertex -0.043569 0.089130 0.201239
vertex -0.056773 0.088435 0.201239
vertex -0.056286 0.088443 0.204757
endloop
endfacet
facet normal -0.051346 0.998637 0.009411
outer loop
vertex -0.043569 0.089130 0.201239
vertex -0.056286 0.088443 0.204757
vertex -0.042713 0.089141 0.204744
endloop
endfacet
facet normal -0.051334 0.998549 0.016272
outer loop
vertex -0.042713 0.089141 0.204744
vertex -0.056286 0.088443 0.204757
vertex -0.054873 0.088450 0.208785
endloop
endfacet
facet normal -0.047708 0.998492 0.027172
outer loop
vertex -0.042713 0.089141 0.204744
vertex -0.054873 0.088450 0.208785
vertex -0.040230 0.089151 0.208735
endloop
endfacet
facet normal -0.047723 0.998574 0.023916
outer loop
vertex -0.040230 0.089151 0.208735
vertex -0.054873 0.088450 0.208785
vertex -0.052671 0.088456 0.212929
endloop
endfacet
facet normal -0.042719 0.998337 0.038719
outer loop
vertex -0.040230 0.089151 0.208735
vertex -0.052671 0.088456 0.212929
vertex -0.036363 0.089158 0.212821
endloop
endfacet
facet normal -0.042790 0.998641 0.029765
outer loop
vertex -0.036363 0.089158 0.212821
vertex -0.052671 0.088456 0.212929
vertex -0.049897 0.088460 0.216783
endloop
endfacet
facet normal -0.037658 0.998175 0.047214
outer loop
vertex -0.036363 0.089158 0.212821
vertex -0.049897 0.088460 0.216783
vertex -0.031490 0.089163 0.216602
endloop
endfacet
facet normal -0.037786 0.998646 0.035766
outer loop
vertex -0.034356 0.089032 0.217232
vertex -0.031490 0.089163 0.216602
vertex -0.049897 0.088460 0.216783
endloop
endfacet
facet normal -0.037816 0.998618 0.036487
outer loop
vertex -0.049897 0.088460 0.216783
vertex -0.048423 0.088460 0.218311
vertex -0.037536 0.088907 0.217360
endloop
endfacet
facet normal -0.037802 0.998634 0.036063
outer loop
vertex -0.049897 0.088460 0.216783
vertex -0.037536 0.088907 0.217360
vertex -0.034356 0.089032 0.217232
endloop
endfacet
facet normal -0.033001 0.997808 0.057356
outer loop
vertex -0.034356 0.089032 0.217232
vertex -0.030654 0.089163 0.217083
vertex -0.031490 0.089163 0.216602
endloop
endfacet
facet normal -0.097137 0.995265 0.003499
outer loop
vertex -0.056773 0.088435 0.201239
vertex -0.067562 0.087382 0.201239
vertex -0.067394 0.087386 0.204766
endloop
endfacet
facet normal -0.094715 0.995445 0.010852
outer loop
vertex -0.056773 0.088435 0.201239
vertex -0.067394 0.087386 0.204766
vertex -0.056286 0.088443 0.204757
endloop
endfacet
facet normal -0.094716 0.995450 0.010375
outer loop
vertex -0.056286 0.088443 0.204757
vertex -0.067394 0.087386 0.204766
vertex -0.066908 0.087390 0.208818
endloop
endfacet
facet normal -0.087621 0.995731 0.029011
outer loop
vertex -0.056286 0.088443 0.204757
vertex -0.066908 0.087390 0.208818
vertex -0.054873 0.088450 0.208785
endloop
endfacet
facet normal -0.087685 0.996029 0.015411
outer loop
vertex -0.054873 0.088450 0.208785
vertex -0.066908 0.087390 0.208818
vertex -0.066150 0.087392 0.213001
endloop
endfacet
facet normal -0.078415 0.996109 0.040224
outer loop
vertex -0.054873 0.088450 0.208785
vertex -0.066150 0.087392 0.213001
vertex -0.052671 0.088456 0.212929
endloop
endfacet
facet normal -0.078580 0.996733 0.018694
outer loop
vertex -0.052671 0.088456 0.212929
vertex -0.066150 0.087392 0.213001
vertex -0.065196 0.087394 0.216905
endloop
endfacet
facet normal -0.069041 0.996426 0.048660
outer loop
vertex -0.052671 0.088456 0.212929
vertex -0.065196 0.087394 0.216905
vertex -0.049897 0.088460 0.216783
endloop
endfacet
facet normal -0.069315 0.997345 0.022317
outer loop
vertex -0.049897 0.088460 0.216783
vertex -0.065196 0.087394 0.216905
vertex -0.064188 0.087395 0.219991
endloop
endfacet
facet normal -0.068779 0.997324 0.024775
outer loop
vertex -0.049897 0.088460 0.216783
vertex -0.064188 0.087395 0.219991
vertex -0.062622 0.087508 0.219789
endloop
endfacet
facet normal -0.060799 0.996454 0.058162
outer loop
vertex -0.049897 0.088460 0.216783
vertex -0.062622 0.087508 0.219789
vertex -0.056931 0.087898 0.219057
endloop
endfacet
facet normal -0.060526 0.996458 0.058387
outer loop
vertex -0.050002 0.088356 0.218449
vertex -0.048423 0.088460 0.218311
vertex -0.049897 0.088460 0.216783
endloop
endfacet
facet normal -0.060744 0.996446 0.058365
outer loop
vertex -0.049897 0.088460 0.216783
vertex -0.056931 0.087898 0.219057
vertex -0.050002 0.088356 0.218449
endloop
endfacet
facet normal -0.108277 0.993503 0.035042
outer loop
vertex -0.065465 0.087250 0.220156
vertex -0.064188 0.087395 0.219991
vertex -0.065196 0.087394 0.216905
endloop
endfacet
facet normal -0.107900 0.993543 0.035077
outer loop
vertex -0.065465 0.087250 0.220156
vertex -0.065196 0.087394 0.216905
vertex -0.073054 0.086424 0.220208
endloop
endfacet
facet normal -0.122511 0.992467 0.000000
outer loop
vertex -0.065196 0.087394 0.216905
vertex -0.073054 0.086424 0.216415
vertex -0.073054 0.086424 0.220208
endloop
endfacet
facet normal -0.124290 0.991796 0.029865
outer loop
vertex -0.073054 0.086424 0.216415
vertex -0.065196 0.087394 0.216905
vertex -0.066150 0.087392 0.213001
endloop
endfacet
facet normal -0.138851 0.990313 0.000000
outer loop
vertex -0.073054 0.086424 0.216415
vertex -0.066150 0.087392 0.213001
vertex -0.073054 0.086424 0.212621
endloop
endfacet
facet normal -0.140153 0.989816 0.024927
outer loop
vertex -0.073054 0.086424 0.212621
vertex -0.066150 0.087392 0.213001
vertex -0.066908 0.087390 0.208818
endloop
endfacet
facet normal -0.155267 0.987872 0.000000
outer loop
vertex -0.073054 0.086424 0.212621
vertex -0.066908 0.087390 0.208818
vertex -0.073054 0.086424 0.208827
endloop
endfacet
facet normal -0.155221 0.987722 0.017643
outer loop
vertex -0.073054 0.086424 0.208827
vertex -0.066908 0.087390 0.208818
vertex -0.067394 0.087386 0.204766
endloop
endfacet
facet normal -0.167560 0.985862 0.000000
outer loop
vertex -0.073054 0.086424 0.208827
vertex -0.067394 0.087386 0.204766
vertex -0.073054 0.086424 0.205033
endloop
endfacet
facet normal -0.167244 0.985892 0.006851
outer loop
vertex -0.073054 0.086424 0.205033
vertex -0.067394 0.087386 0.204766
vertex -0.067562 0.087382 0.201239
endloop
endfacet
facet normal -0.172015 0.985094 -0.000264
outer loop
vertex -0.073054 0.086424 0.205033
vertex -0.067562 0.087382 0.201239
vertex -0.073054 0.086423 0.201239
endloop
endfacet
facet normal 0.444884 0.877781 -0.177705
outer loop
vertex -0.013054 0.086424 0.201239
vertex -0.015177 0.087500 0.201239
vertex -0.013816 0.087504 0.204666
endloop
endfacet
facet normal 0.446142 0.877234 -0.177251
outer loop
vertex -0.013054 0.086424 0.201239
vertex -0.013816 0.087504 0.204666
vertex -0.011698 0.086424 0.204652
endloop
endfacet
facet normal 0.408024 0.805753 -0.429276
outer loop
vertex -0.011698 0.086424 0.204652
vertex -0.013816 0.087504 0.204666
vertex -0.009866 0.087508 0.208428
endloop
endfacet
facet normal 0.405867 0.807183 -0.428634
outer loop
vertex -0.011698 0.086424 0.204652
vertex -0.009866 0.087508 0.208428
vertex -0.007764 0.086424 0.208377
endloop
endfacet
facet normal 0.358253 0.722511 -0.591297
outer loop
vertex -0.007764 0.086424 0.208377
vertex -0.009866 0.087508 0.208428
vertex -0.003714 0.087511 0.212159
endloop
endfacet
facet normal 0.350892 0.730605 -0.585740
outer loop
vertex -0.007764 0.086424 0.208377
vertex -0.003714 0.087511 0.212159
vertex -0.001636 0.086424 0.212048
endloop
endfacet
facet normal 0.301060 0.647057 -0.700485
outer loop
vertex -0.001636 0.086424 0.212048
vertex -0.003714 0.087511 0.212159
vertex 0.004039 0.087513 0.215493
endloop
endfacet
facet normal 0.290783 0.663977 -0.688898
outer loop
vertex -0.001636 0.086424 0.212048
vertex 0.004039 0.087513 0.215493
vertex 0.006085 0.086424 0.215307
endloop
endfacet
facet normal 0.236924 0.578440 -0.780560
outer loop
vertex 0.009299 0.086959 0.216679
vertex 0.006085 0.086424 0.215307
vertex 0.004039 0.087513 0.215493
endloop
endfacet
facet normal 0.236836 0.579949 -0.779466
outer loop
vertex 0.009299 0.086959 0.216679
vertex 0.004039 0.087513 0.215493
vertex 0.007712 0.087513 0.216609
endloop
endfacet
facet normal 0.225708 0.604097 -0.764279
outer loop
vertex 0.010995 0.086424 0.216757
vertex 0.006085 0.086424 0.215307
vertex 0.009299 0.086959 0.216679
endloop
endfacet
facet normal 0.452080 0.891977 0.000000
outer loop
vertex -0.015177 -0.085348 0.201239
vertex -0.013054 -0.086424 0.201239
vertex -0.013054 -0.086424 0.081346
endloop
endfacet
facet normal 0.392556 0.919727 -0.001303
outer loop
vertex -0.015177 -0.085348 0.201239
vertex -0.013054 -0.086424 0.081346
vertex -0.015177 -0.085517 0.081961
endloop
endfacet
endsolid Rear_Wing_Applied_Low_Poly
